number,id,priority,title,author,first_published,latest_published,published,domain,pillar,category,subcategory,topic,slug,difficulty,status,path,type,reading_mode,summary_depth,learning_stage,prerequisites,primary_source
0001,0001,P0,Make It Stick: The Science of Successful Learning,Peter C. Brown; Henry L. Roediger III; Mark A. McDaniel,2014,2014,2014,"01-Learning, Thinking & Knowledge","Learning, Thinking & Knowledge",01-LEARNING-SCIENCE,How Learning Works,Memory & Retention,Make-It-Stick,Intermediate,planned,md/01-Learning-Thinking-and-Knowledge/01-LEARNING-SCIENCE/Make-It-Stick.md,nonfiction,summary,detailed,Foundation,,
0002,0002,P1,"How We Learn: The Surprising Truth About When, Where, and Why It Happens",Benedict Carey,2014,2015,2014,"01-Learning, Thinking & Knowledge","Learning, Thinking & Knowledge",01-LEARNING-SCIENCE,How Learning Works,Memory & Retention,How-We-Learn,Intermediate,planned,md/01-Learning-Thinking-and-Knowledge/01-LEARNING-SCIENCE/How-We-Learn.md,nonfiction,summary,detailed,Foundation,,
0003,0003,P1,Moonwalking with Einstein: The Art and Science of Remembering Everything,Joshua Foer,2011,2012,2011,"01-Learning, Thinking & Knowledge","Learning, Thinking & Knowledge",01-LEARNING-SCIENCE,How Learning Works,Memory & Retention,Moonwalking-with-Einstein,Intermediate,planned,md/01-Learning-Thinking-and-Knowledge/01-LEARNING-SCIENCE/Moonwalking-with-Einstein.md,nonfiction,summary,detailed,Foundation,,
0004,0004,P2,"The Memory Illusion: Remembering, Forgetting, and the Science of False Memory",Julia Shaw,2016,2017,2016,"01-Learning, Thinking & Knowledge","Learning, Thinking & Knowledge",01-LEARNING-SCIENCE,How Learning Works,Memory & Retention,The-Memory-Illusion,Intermediate,planned,md/01-Learning-Thinking-and-Knowledge/01-LEARNING-SCIENCE/The-Memory-Illusion.md,nonfiction,summary,detailed,Foundation,,
0005,0005,P2,Remember: The Science of Memory and the Art of Forgetting,Lisa Genova,2021,2022,2021,"01-Learning, Thinking & Knowledge","Learning, Thinking & Knowledge",01-LEARNING-SCIENCE,How Learning Works,Memory & Retention,Remember,Intermediate,planned,md/01-Learning-Thinking-and-Knowledge/01-LEARNING-SCIENCE/Remember.md,nonfiction,summary,detailed,Foundation,,
0006,0006,P1,Powerful Teaching: Unleash the Science of Learning,Pooja K. Agarwal; Patrice M. Bain,2019,2019,2019,"01-Learning, Thinking & Knowledge","Learning, Thinking & Knowledge",01-LEARNING-SCIENCE,How Learning Works,Retrieval Practice,Powerful-Teaching,Intermediate,planned,md/01-Learning-Thinking-and-Knowledge/01-LEARNING-SCIENCE/Powerful-Teaching.md,nonfiction,summary,detailed,Foundation,,
0007,0007,P1,Small Teaching: Everyday Lessons from the Science of Learning,James M. Lang,2016,2021,2016,"01-Learning, Thinking & Knowledge","Learning, Thinking & Knowledge",01-LEARNING-SCIENCE,How Learning Works,Retrieval Practice,Small-Teaching,Intermediate,planned,md/01-Learning-Thinking-and-Knowledge/01-LEARNING-SCIENCE/Small-Teaching.md,nonfiction,summary,detailed,Foundation,,
0008,0008,P2,Understanding How We Learn: A Visual Guide,Yana Weinstein; Megan Sumeracki; Oliver Caviglioli,2018,2019,2018,"01-Learning, Thinking & Knowledge","Learning, Thinking & Knowledge",01-LEARNING-SCIENCE,How Learning Works,Retrieval Practice,Understanding-How-We-Learn,Intermediate,planned,md/01-Learning-Thinking-and-Knowledge/01-LEARNING-SCIENCE/Understanding-How-We-Learn.md,nonfiction,summary,detailed,Foundation,,
0009,0009,P2,Learning and Memory: From Brain to Behavior,Mark A. Gluck; Eduardo Mercado; Catherine E. Myers,2007,2019,2007,"01-Learning, Thinking & Knowledge","Learning, Thinking & Knowledge",01-LEARNING-SCIENCE,How Learning Works,Retrieval Practice,Learning-and-Memory,Intermediate,planned,md/01-Learning-Thinking-and-Knowledge/01-LEARNING-SCIENCE/Learning-and-Memory.md,nonfiction,summary,detailed,Foundation,,
0010,0010,P2,The Science of Learning: 99 Studies That Every Teacher Needs to Know,Edward Watson; Bradley Busch,2019,2021,2019,"01-Learning, Thinking & Knowledge","Learning, Thinking & Knowledge",01-LEARNING-SCIENCE,How Learning Works,Retrieval Practice,The-Science-of-Learning,Intermediate,planned,md/01-Learning-Thinking-and-Knowledge/01-LEARNING-SCIENCE/The-Science-of-Learning.md,nonfiction,summary,detailed,Foundation,,
0011,0011,P0,A Mind for Numbers: How to Excel at Math and Science,Barbara Oakley,2014,2014,2014,"01-Learning, Thinking & Knowledge","Learning, Thinking & Knowledge",01-LEARNING-SCIENCE,How Learning Works,Spaced Learning,A-Mind-for-Numbers,Intermediate,planned,md/01-Learning-Thinking-and-Knowledge/01-LEARNING-SCIENCE/A-Mind-for-Numbers.md,nonfiction,summary,detailed,Foundation,,
0012,0012,P1,How Learning Works: 7 Research-Based Principles for Smart Teaching,Susan A. Ambrose; Michael W. Bridges; Michele DiPietro,2010,2023,2010,"01-Learning, Thinking & Knowledge","Learning, Thinking & Knowledge",01-LEARNING-SCIENCE,How Learning Works,Spaced Learning,How-Learning-Works,Intermediate,planned,md/01-Learning-Thinking-and-Knowledge/01-LEARNING-SCIENCE/How-Learning-Works.md,nonfiction,summary,detailed,Foundation,,
0013,0013,P2,Learning as a Generative Activity: Eight Learning Strategies that Promote Understanding,Logan Fiorella; Richard E. Mayer,2015,2015,2015,"01-Learning, Thinking & Knowledge","Learning, Thinking & Knowledge",01-LEARNING-SCIENCE,How Learning Works,Spaced Learning,Learning-as-a-Generative-Activity,Intermediate,planned,md/01-Learning-Thinking-and-Knowledge/01-LEARNING-SCIENCE/Learning-as-a-Generative-Activity.md,nonfiction,summary,detailed,Foundation,,
0014,0014,P2,The Principles of Psychology,William James,1890,2012,1890,"01-Learning, Thinking & Knowledge","Learning, Thinking & Knowledge",01-LEARNING-SCIENCE,How Learning Works,Spaced Learning,The-Principles-of-Psychology,Intermediate,planned,md/01-Learning-Thinking-and-Knowledge/01-LEARNING-SCIENCE/The-Principles-of-Psychology.md,nonfiction,summary,detailed,Foundation,,
0015,0015,P3,Memory: A Contribution to Experimental Psychology,Hermann Ebbinghaus,1885,2013,1885,"01-Learning, Thinking & Knowledge","Learning, Thinking & Knowledge",01-LEARNING-SCIENCE,How Learning Works,Spaced Learning,Memory-Ebbinghaus,Intermediate,planned,md/01-Learning-Thinking-and-Knowledge/01-LEARNING-SCIENCE/Memory-Ebbinghaus.md,nonfiction,summary,detailed,Foundation,,
0016,0016,P0,Peak: Secrets from the New Science of Expertise,Anders Ericsson; Robert Pool,2016,2017,2016,"01-Learning, Thinking & Knowledge","Learning, Thinking & Knowledge",01-LEARNING-SCIENCE,Skill Acquisition,Deliberate Practice,Peak,Intermediate,planned,md/01-Learning-Thinking-and-Knowledge/01-LEARNING-SCIENCE/Peak.md,nonfiction,summary,detailed,Foundation,,
0017,0017,P1,Talent Is Overrated: What Really Separates World-Class Performers from Everybody Else,Geoff Colvin,2008,2010,2008,"01-Learning, Thinking & Knowledge","Learning, Thinking & Knowledge",01-LEARNING-SCIENCE,Skill Acquisition,Deliberate Practice,Talent-Is-Overrated,Intermediate,planned,md/01-Learning-Thinking-and-Knowledge/01-LEARNING-SCIENCE/Talent-Is-Overrated.md,nonfiction,summary,detailed,Foundation,,
0018,0018,P1,The Talent Code: Greatness Isn't Born. It's Grown. Here's How.,Daniel Coyle,2009,2009,2009,"01-Learning, Thinking & Knowledge","Learning, Thinking & Knowledge",01-LEARNING-SCIENCE,Skill Acquisition,Deliberate Practice,The-Talent-Code,Intermediate,planned,md/01-Learning-Thinking-and-Knowledge/01-LEARNING-SCIENCE/The-Talent-Code.md,nonfiction,summary,detailed,Foundation,,
0019,0019,P2,The Little Book of Talent: 52 Tips for Improving Your Skills,Daniel Coyle,2012,2012,2012,"01-Learning, Thinking & Knowledge","Learning, Thinking & Knowledge",01-LEARNING-SCIENCE,Skill Acquisition,Deliberate Practice,The-Little-Book-of-Talent,Intermediate,planned,md/01-Learning-Thinking-and-Knowledge/01-LEARNING-SCIENCE/The-Little-Book-of-Talent.md,nonfiction,summary,detailed,Foundation,,
0020,0020,P3,The Cambridge Handbook of Expertise and Expert Performance,K. Anders Ericsson,2006,2018,2006,"01-Learning, Thinking & Knowledge","Learning, Thinking & Knowledge",01-LEARNING-SCIENCE,Skill Acquisition,Deliberate Practice,Cambridge-Handbook-of-Expertise,Intermediate,planned,md/01-Learning-Thinking-and-Knowledge/01-LEARNING-SCIENCE/Cambridge-Handbook-of-Expertise.md,nonfiction,summary,detailed,Foundation,,
0021,0021,P1,Thanks for the Feedback: The Science and Art of Receiving Feedback Well,Douglas Stone; Sheila Heen,2014,2015,2014,"01-Learning, Thinking & Knowledge","Learning, Thinking & Knowledge",01-LEARNING-SCIENCE,Skill Acquisition,Feedback Loops,Thanks-for-the-Feedback,Intermediate,planned,md/01-Learning-Thinking-and-Knowledge/01-LEARNING-SCIENCE/Thanks-for-the-Feedback.md,nonfiction,summary,detailed,Foundation,,
0022,0022,P2,The Feedback Imperative: How to Give Everyday Feedback to Speed Up Your Team's Success,Anna Carroll,2014,2014,2014,"01-Learning, Thinking & Knowledge","Learning, Thinking & Knowledge",01-LEARNING-SCIENCE,Skill Acquisition,Feedback Loops,The-Feedback-Imperative,Intermediate,planned,md/01-Learning-Thinking-and-Knowledge/01-LEARNING-SCIENCE/The-Feedback-Imperative.md,nonfiction,summary,detailed,Foundation,,
0023,0023,P1,Radical Candor: Be a Kick-Ass Boss Without Losing Your Humanity,Kim Scott,2017,2019,2017,"01-Learning, Thinking & Knowledge","Learning, Thinking & Knowledge",01-LEARNING-SCIENCE,Skill Acquisition,Feedback Loops,Radical-Candor,Intermediate,planned,md/01-Learning-Thinking-and-Knowledge/01-LEARNING-SCIENCE/Radical-Candor.md,nonfiction,summary,detailed,Foundation,,
0024,0024,P3,Feedback That Works: How to Build and Deliver Your Message,Sloan R. Weitzel,2000,2007,2000,"01-Learning, Thinking & Knowledge","Learning, Thinking & Knowledge",01-LEARNING-SCIENCE,Skill Acquisition,Feedback Loops,Feedback-That-Works,Intermediate,planned,md/01-Learning-Thinking-and-Knowledge/01-LEARNING-SCIENCE/Feedback-That-Works.md,nonfiction,summary,detailed,Foundation,,
0025,0025,P2,The Power of Feedback,John Hattie; Helen Timperley,2007,2007,2007,"01-Learning, Thinking & Knowledge","Learning, Thinking & Knowledge",01-LEARNING-SCIENCE,Skill Acquisition,Feedback Loops,The-Power-of-Feedback,Intermediate,planned,md/01-Learning-Thinking-and-Knowledge/01-LEARNING-SCIENCE/The-Power-of-Feedback.md,nonfiction,summary,detailed,Foundation,,
0026,0026,P1,Mastery,Robert Greene,2012,2012,2012,"01-Learning, Thinking & Knowledge","Learning, Thinking & Knowledge",01-LEARNING-SCIENCE,Skill Acquisition,Building Expertise,Mastery-Greene,Intermediate,planned,md/01-Learning-Thinking-and-Knowledge/01-LEARNING-SCIENCE/Mastery-Greene.md,nonfiction,summary,detailed,Foundation,,
0027,0027,P0,Range: Why Generalists Triumph in a Specialized World,David Epstein,2019,2021,2019,"01-Learning, Thinking & Knowledge","Learning, Thinking & Knowledge",01-LEARNING-SCIENCE,Skill Acquisition,Building Expertise,Range,Intermediate,planned,md/01-Learning-Thinking-and-Knowledge/01-LEARNING-SCIENCE/Range.md,nonfiction,summary,detailed,Foundation,,
0028,0028,P1,The Art of Learning: An Inner Journey to Optimal Performance,Josh Waitzkin,2007,2008,2007,"01-Learning, Thinking & Knowledge","Learning, Thinking & Knowledge",01-LEARNING-SCIENCE,Skill Acquisition,Building Expertise,The-Art-of-Learning,Intermediate,planned,md/01-Learning-Thinking-and-Knowledge/01-LEARNING-SCIENCE/The-Art-of-Learning.md,nonfiction,summary,detailed,Foundation,,
0029,0029,P2,Expert: Understanding the Path to Mastery,Roger Kneebone,2020,2021,2020,"01-Learning, Thinking & Knowledge","Learning, Thinking & Knowledge",01-LEARNING-SCIENCE,Skill Acquisition,Building Expertise,Expert-Kneebone,Intermediate,planned,md/01-Learning-Thinking-and-Knowledge/01-LEARNING-SCIENCE/Expert-Kneebone.md,nonfiction,summary,detailed,Foundation,,
0030,0030,P1,Sources of Power: How People Make Decisions,Gary Klein,1998,2017,1998,"01-Learning, Thinking & Knowledge","Learning, Thinking & Knowledge",01-LEARNING-SCIENCE,Skill Acquisition,Building Expertise,Sources-of-Power,Intermediate,planned,md/01-Learning-Thinking-and-Knowledge/01-LEARNING-SCIENCE/Sources-of-Power.md,nonfiction,summary,detailed,Foundation,,
0031,0031,P0,"Ultralearning: Master Hard Skills, Outsmart the Competition, and Accelerate Your Career",Scott H. Young,2019,2019,2019,"01-Learning, Thinking & Knowledge","Learning, Thinking & Knowledge",01-LEARNING-SCIENCE,Meta-Learning,Learning How to Learn,Ultralearning,Intermediate,planned,md/01-Learning-Thinking-and-Knowledge/01-LEARNING-SCIENCE/Ultralearning.md,nonfiction,summary,detailed,Foundation,,
0032,0032,P1,Learn Like a Pro: Science-Based Tools to Become Better at Anything,Barbara Oakley; Olav Schewe,2021,2021,2021,"01-Learning, Thinking & Knowledge","Learning, Thinking & Knowledge",01-LEARNING-SCIENCE,Meta-Learning,Learning How to Learn,Learn-Like-a-Pro,Intermediate,planned,md/01-Learning-Thinking-and-Knowledge/01-LEARNING-SCIENCE/Learn-Like-a-Pro.md,nonfiction,summary,detailed,Foundation,,
0033,0033,P2,Mindshift: Break Through Obstacles to Learning and Discover Your Hidden Potential,Barbara Oakley,2017,2017,2017,"01-Learning, Thinking & Knowledge","Learning, Thinking & Knowledge",01-LEARNING-SCIENCE,Meta-Learning,Learning How to Learn,Mindshift,Intermediate,planned,md/01-Learning-Thinking-and-Knowledge/01-LEARNING-SCIENCE/Mindshift.md,nonfiction,summary,detailed,Foundation,,
0034,0034,P2,"Limitless: Upgrade Your Brain, Learn Anything Faster, and Unlock Your Exceptional Life",Jim Kwik,2020,2023,2020,"01-Learning, Thinking & Knowledge","Learning, Thinking & Knowledge",01-LEARNING-SCIENCE,Meta-Learning,Learning How to Learn,Limitless,Intermediate,planned,md/01-Learning-Thinking-and-Knowledge/01-LEARNING-SCIENCE/Limitless.md,nonfiction,summary,detailed,Foundation,,
0035,0035,P1,How We Learn: The New Science of Education and the Brain,Stanislas Dehaene,2020,2021,2020,"01-Learning, Thinking & Knowledge","Learning, Thinking & Knowledge",01-LEARNING-SCIENCE,Meta-Learning,Learning How to Learn,How-We-Learn-Dehaene,Intermediate,planned,md/01-Learning-Thinking-and-Knowledge/01-LEARNING-SCIENCE/How-We-Learn-Dehaene.md,nonfiction,summary,detailed,Foundation,,
0036,0036,P1,The First 20 Hours: How to Learn Anything... Fast!,Josh Kaufman,2013,2013,2013,"01-Learning, Thinking & Knowledge","Learning, Thinking & Knowledge",01-LEARNING-SCIENCE,Meta-Learning,Accelerated Learning,The-First-20-Hours,Intermediate,planned,md/01-Learning-Thinking-and-Knowledge/01-LEARNING-SCIENCE/The-First-20-Hours.md,nonfiction,summary,detailed,Foundation,,
0037,0037,P2,Accelerated Learning for the 21st Century,Colin Rose; Malcolm J. Nicholl,1997,1998,1997,"01-Learning, Thinking & Knowledge","Learning, Thinking & Knowledge",01-LEARNING-SCIENCE,Meta-Learning,Accelerated Learning,Accelerated-Learning-21st-Century,Intermediate,planned,md/01-Learning-Thinking-and-Knowledge/01-LEARNING-SCIENCE/Accelerated-Learning-21st-Century.md,nonfiction,summary,detailed,Foundation,,
0038,0038,P1,Mastery: The Keys to Success and Long-Term Fulfillment,George Leonard,1992,1992,1992,"01-Learning, Thinking & Knowledge","Learning, Thinking & Knowledge",01-LEARNING-SCIENCE,Meta-Learning,Accelerated Learning,Mastery-Leonard,Intermediate,planned,md/01-Learning-Thinking-and-Knowledge/01-LEARNING-SCIENCE/Mastery-Leonard.md,nonfiction,summary,detailed,Foundation,,
0039,0039,P3,Super Reading: How to Read Faster and Retain More,Ron Cole,2018,2020,2018,"01-Learning, Thinking & Knowledge","Learning, Thinking & Knowledge",01-LEARNING-SCIENCE,Meta-Learning,Accelerated Learning,Super-Reading,Intermediate,planned,md/01-Learning-Thinking-and-Knowledge/01-LEARNING-SCIENCE/Super-Reading.md,nonfiction,summary,detailed,Foundation,,
0040,0040,P2,"The 4-Hour Chef: The Simple Path to Cooking Like a Pro, Learning Anything, and Living the Good Life",Timothy Ferriss,2012,2012,2012,"01-Learning, Thinking & Knowledge","Learning, Thinking & Knowledge",01-LEARNING-SCIENCE,Meta-Learning,Accelerated Learning,The-4-Hour-Chef,Intermediate,planned,md/01-Learning-Thinking-and-Knowledge/01-LEARNING-SCIENCE/The-4-Hour-Chef.md,nonfiction,summary,detailed,Foundation,,
0041,0041,P1,How to Become a Straight-A Student,Cal Newport,2006,2006,2006,"01-Learning, Thinking & Knowledge","Learning, Thinking & Knowledge",01-LEARNING-SCIENCE,Meta-Learning,Self-Directed Learning,How-to-Become-a-Straight-A-Student,Intermediate,planned,md/01-Learning-Thinking-and-Knowledge/01-LEARNING-SCIENCE/How-to-Become-a-Straight-A-Student.md,nonfiction,summary,detailed,Foundation,,
0042,0042,P2,The Self-Directed Learning Handbook,Maurice Gibbons,2002,2002,2002,"01-Learning, Thinking & Knowledge","Learning, Thinking & Knowledge",01-LEARNING-SCIENCE,Meta-Learning,Self-Directed Learning,The-Self-Directed-Learning-Handbook,Intermediate,planned,md/01-Learning-Thinking-and-Knowledge/01-LEARNING-SCIENCE/The-Self-Directed-Learning-Handbook.md,nonfiction,summary,detailed,Foundation,,
0043,0043,P2,Deschooling Society,Ivan Illich,1971,2002,1971,"01-Learning, Thinking & Knowledge","Learning, Thinking & Knowledge",01-LEARNING-SCIENCE,Meta-Learning,Self-Directed Learning,Deschooling-Society,Intermediate,planned,md/01-Learning-Thinking-and-Knowledge/01-LEARNING-SCIENCE/Deschooling-Society.md,nonfiction,summary,detailed,Foundation,,
0044,0044,P3,The Modern Scholar: How to Learn on Your Own,Blake Boles,2014,2015,2014,"01-Learning, Thinking & Knowledge","Learning, Thinking & Knowledge",01-LEARNING-SCIENCE,Meta-Learning,Self-Directed Learning,The-Modern-Scholar,Intermediate,planned,md/01-Learning-Thinking-and-Knowledge/01-LEARNING-SCIENCE/The-Modern-Scholar.md,nonfiction,summary,detailed,Foundation,,
0045,0045,P3,Self-Directed Learner: The Path to Lifelong Education,Peter Hollins,2020,2020,2020,"01-Learning, Thinking & Knowledge","Learning, Thinking & Knowledge",01-LEARNING-SCIENCE,Meta-Learning,Self-Directed Learning,Self-Directed-Learner,Intermediate,planned,md/01-Learning-Thinking-and-Knowledge/01-LEARNING-SCIENCE/Self-Directed-Learner.md,nonfiction,summary,detailed,Foundation,,
0046,0046,P1,Introduction to Logic,Irving M. Copi; Carl Cohen; Victor Rodych,1953,2018,1953,"01-Learning, Thinking & Knowledge","Learning, Thinking & Knowledge",02-CRITICAL-THINKING-REASONING,Logic,Formal Reasoning,Introduction-to-Logic,Intermediate,planned,md/01-Learning-Thinking-and-Knowledge/02-CRITICAL-THINKING-REASONING/Introduction-to-Logic.md,nonfiction,summary,detailed,Foundation,,
0047,0047,P2,Logic: The Basics,JC Beall,2010,2017,2010,"01-Learning, Thinking & Knowledge","Learning, Thinking & Knowledge",02-CRITICAL-THINKING-REASONING,Logic,Formal Reasoning,Logic-The-Basics,Intermediate,planned,md/01-Learning-Thinking-and-Knowledge/02-CRITICAL-THINKING-REASONING/Logic-The-Basics.md,nonfiction,summary,detailed,Foundation,,
0048,0048,P1,A Rulebook for Arguments,Anthony Weston,1987,2018,1987,"01-Learning, Thinking & Knowledge","Learning, Thinking & Knowledge",02-CRITICAL-THINKING-REASONING,Logic,Formal Reasoning,A-Rulebook-for-Arguments,Intermediate,planned,md/01-Learning-Thinking-and-Knowledge/02-CRITICAL-THINKING-REASONING/A-Rulebook-for-Arguments.md,nonfiction,summary,detailed,Foundation,,
0049,0049,P2,Logicomix: An Epic Search for Truth,Apostolos Doxiadis; Christos Papadimitriou,2009,2009,2009,"01-Learning, Thinking & Knowledge","Learning, Thinking & Knowledge",02-CRITICAL-THINKING-REASONING,Logic,Formal Reasoning,Logicomix,Intermediate,planned,md/01-Learning-Thinking-and-Knowledge/02-CRITICAL-THINKING-REASONING/Logicomix.md,nonfiction,summary,detailed,Foundation,,
0050,0050,P0,"Gödel, Escher, Bach: An Eternal Golden Braid",Douglas Hofstadter,1979,1999,1979,"01-Learning, Thinking & Knowledge","Learning, Thinking & Knowledge",02-CRITICAL-THINKING-REASONING,Logic,Formal Reasoning,Godel-Escher-Bach,Intermediate,planned,md/01-Learning-Thinking-and-Knowledge/02-CRITICAL-THINKING-REASONING/Godel-Escher-Bach.md,nonfiction,summary,detailed,Foundation,,
0051,0051,P1,Asking the Right Questions: A Guide to Critical Thinking,M. Neil Browne; Stuart M. Keeley,1981,2018,1981,"01-Learning, Thinking & Knowledge","Learning, Thinking & Knowledge",02-CRITICAL-THINKING-REASONING,Logic,Informal Logic,Asking-the-Right-Questions,Intermediate,planned,md/01-Learning-Thinking-and-Knowledge/02-CRITICAL-THINKING-REASONING/Asking-the-Right-Questions.md,nonfiction,summary,detailed,Foundation,,
0052,0052,P2,Attacking Faulty Reasoning: A Practical Guide to Fallacy-Free Arguments,T. Edward Damer,1980,2012,1980,"01-Learning, Thinking & Knowledge","Learning, Thinking & Knowledge",02-CRITICAL-THINKING-REASONING,Logic,Informal Logic,Attacking-Faulty-Reasoning,Intermediate,planned,md/01-Learning-Thinking-and-Knowledge/02-CRITICAL-THINKING-REASONING/Attacking-Faulty-Reasoning.md,nonfiction,summary,detailed,Foundation,,
0053,0053,P2,Good Thinking: Seven Powerful Ideas That Influence the Way We Think,Guy P. Harrison,2015,2015,2015,"01-Learning, Thinking & Knowledge","Learning, Thinking & Knowledge",02-CRITICAL-THINKING-REASONING,Logic,Informal Logic,Good-Thinking,Intermediate,planned,md/01-Learning-Thinking-and-Knowledge/02-CRITICAL-THINKING-REASONING/Good-Thinking.md,nonfiction,summary,detailed,Foundation,,
0054,0054,P2,The Art of Reasoning: An Introduction to Logic and Critical Thinking,David Kelley,1988,2013,1988,"01-Learning, Thinking & Knowledge","Learning, Thinking & Knowledge",02-CRITICAL-THINKING-REASONING,Logic,Informal Logic,The-Art-of-Reasoning,Intermediate,planned,md/01-Learning-Thinking-and-Knowledge/02-CRITICAL-THINKING-REASONING/The-Art-of-Reasoning.md,nonfiction,summary,detailed,Foundation,,
0055,0055,P2,Thinking from A to Z,Nigel Warburton,1996,2007,1996,"01-Learning, Thinking & Knowledge","Learning, Thinking & Knowledge",02-CRITICAL-THINKING-REASONING,Logic,Informal Logic,Thinking-from-A-to-Z,Intermediate,planned,md/01-Learning-Thinking-and-Knowledge/02-CRITICAL-THINKING-REASONING/Thinking-from-A-to-Z.md,nonfiction,summary,detailed,Foundation,,
0056,0056,P1,Logically Fallacious: The Ultimate Collection of Over 300 Logical Fallacies,Bo Bennett,2012,2017,2012,"01-Learning, Thinking & Knowledge","Learning, Thinking & Knowledge",02-CRITICAL-THINKING-REASONING,Logic,Logical Fallacies,Logically-Fallacious,Intermediate,planned,md/01-Learning-Thinking-and-Knowledge/02-CRITICAL-THINKING-REASONING/Logically-Fallacious.md,nonfiction,summary,detailed,Foundation,,
0057,0057,P1,An Illustrated Book of Bad Arguments,Ali Almossawi,2013,2013,2013,"01-Learning, Thinking & Knowledge","Learning, Thinking & Knowledge",02-CRITICAL-THINKING-REASONING,Logic,Logical Fallacies,An-Illustrated-Book-of-Bad-Arguments,Intermediate,planned,md/01-Learning-Thinking-and-Knowledge/02-CRITICAL-THINKING-REASONING/An-Illustrated-Book-of-Bad-Arguments.md,nonfiction,summary,detailed,Foundation,,
0058,0058,P2,"Crimes Against Logic: Exposing the Bogus Arguments of Politicians, Priests, Journalists, and Other Serial Offenders",Jamie Whyte,2004,2005,2004,"01-Learning, Thinking & Knowledge","Learning, Thinking & Knowledge",02-CRITICAL-THINKING-REASONING,Logic,Logical Fallacies,Crimes-Against-Logic,Intermediate,planned,md/01-Learning-Thinking-and-Knowledge/02-CRITICAL-THINKING-REASONING/Crimes-Against-Logic.md,nonfiction,summary,detailed,Foundation,,
0059,0059,P2,How to Win Every Argument: The Use and Abuse of Logic,Madsen Pirie,2006,2015,2006,"01-Learning, Thinking & Knowledge","Learning, Thinking & Knowledge",02-CRITICAL-THINKING-REASONING,Logic,Logical Fallacies,How-to-Win-Every-Argument,Intermediate,planned,md/01-Learning-Thinking-and-Knowledge/02-CRITICAL-THINKING-REASONING/How-to-Win-Every-Argument.md,nonfiction,summary,detailed,Foundation,,
0060,0060,P2,Bad Arguments: 100 of the Most Important Fallacies in Western Philosophy,Robert Arp; Steven Barbone; Michael Bruce,2018,2019,2018,"01-Learning, Thinking & Knowledge","Learning, Thinking & Knowledge",02-CRITICAL-THINKING-REASONING,Logic,Logical Fallacies,Bad-Arguments-Arp,Intermediate,planned,md/01-Learning-Thinking-and-Knowledge/02-CRITICAL-THINKING-REASONING/Bad-Arguments-Arp.md,nonfiction,summary,detailed,Foundation,,
0061,0061,P0,Poor Charlie's Almanack: The Essential Wit and Wisdom of Charles T. Munger,Charles T. Munger; Peter D. Kaufman,2005,2023,2005,"01-Learning, Thinking & Knowledge","Learning, Thinking & Knowledge",02-CRITICAL-THINKING-REASONING,Decision-Making,Mental Models,Poor-Charlies-Almanack,Intermediate,planned,md/01-Learning-Thinking-and-Knowledge/02-CRITICAL-THINKING-REASONING/Poor-Charlies-Almanack.md,nonfiction,summary,detailed,Foundation,,
0062,0062,P0,Seeking Wisdom: From Darwin to Munger,Peter Bevelin,2003,2007,2003,"01-Learning, Thinking & Knowledge","Learning, Thinking & Knowledge",02-CRITICAL-THINKING-REASONING,Decision-Making,Mental Models,Seeking-Wisdom-Bevelin,Intermediate,planned,md/01-Learning-Thinking-and-Knowledge/02-CRITICAL-THINKING-REASONING/Seeking-Wisdom-Bevelin.md,nonfiction,summary,detailed,Foundation,,
0063,0063,P1,"All I Want To Know Is Where I'm Going To Die So I'll Never Go There: Buffett & Munger - A Study in Simplicity and Uncommon, Common Sense",Peter Bevelin,2016,2016,2016,"01-Learning, Thinking & Knowledge","Learning, Thinking & Knowledge",02-CRITICAL-THINKING-REASONING,Decision-Making,Mental Models,All-I-Want-To-Know-Bevelin,Intermediate,planned,md/01-Learning-Thinking-and-Knowledge/02-CRITICAL-THINKING-REASONING/All-I-Want-To-Know-Bevelin.md,nonfiction,summary,detailed,Foundation,,
0064,0064,P1,Mental Models: 30 Thinking Tools that Separate the Average From the Exceptional,Peter Hollins,2019,2019,2019,"01-Learning, Thinking & Knowledge","Learning, Thinking & Knowledge",02-CRITICAL-THINKING-REASONING,Decision-Making,Mental Models,Mental-Models-Peter-Hollins,Intermediate,planned,md/01-Learning-Thinking-and-Knowledge/02-CRITICAL-THINKING-REASONING/Mental-Models-Peter-Hollins.md,nonfiction,summary,detailed,Foundation,,
0065,0065,P0,The Model Thinker: What You Need to Know to Make Data Work for You,Scott E. Page,2018,2018,2018,"01-Learning, Thinking & Knowledge","Learning, Thinking & Knowledge",02-CRITICAL-THINKING-REASONING,Decision-Making,Mental Models,The-Model-Thinker,Intermediate,planned,md/01-Learning-Thinking-and-Knowledge/02-CRITICAL-THINKING-REASONING/The-Model-Thinker.md,nonfiction,summary,detailed,Foundation,,
0066,0066,P0,"Thinking, Fast and Slow",Daniel Kahneman,2011,2013,2011,"01-Learning, Thinking & Knowledge","Learning, Thinking & Knowledge",02-CRITICAL-THINKING-REASONING,Decision-Making,Judgment Under Uncertainty,Thinking-Fast-and-Slow,Intermediate,planned,md/01-Learning-Thinking-and-Knowledge/02-CRITICAL-THINKING-REASONING/Thinking-Fast-and-Slow.md,nonfiction,summary,detailed,Foundation,,
0067,0067,P1,Judgment in Managerial Decision Making,Max H. Bazerman; Don A. Moore,1986,2013,1986,"01-Learning, Thinking & Knowledge","Learning, Thinking & Knowledge",02-CRITICAL-THINKING-REASONING,Decision-Making,Judgment Under Uncertainty,Judgment-in-Managerial-Decision-Making,Intermediate,planned,md/01-Learning-Thinking-and-Knowledge/02-CRITICAL-THINKING-REASONING/Judgment-in-Managerial-Decision-Making.md,nonfiction,summary,detailed,Foundation,,
0068,0068,P0,The Undoing Project: A Friendship That Changed Our Minds,Michael Lewis,2016,2017,2016,"01-Learning, Thinking & Knowledge","Learning, Thinking & Knowledge",02-CRITICAL-THINKING-REASONING,Decision-Making,Judgment Under Uncertainty,The-Undoing-Project,Intermediate,planned,md/01-Learning-Thinking-and-Knowledge/02-CRITICAL-THINKING-REASONING/The-Undoing-Project.md,nonfiction,summary,detailed,Foundation,,
0069,0069,P1,Blindspot: Hidden Biases of Good People,Mahzarin R. Banaji; Anthony G. Greenwald,2013,2016,2013,"01-Learning, Thinking & Knowledge","Learning, Thinking & Knowledge",02-CRITICAL-THINKING-REASONING,Decision-Making,Judgment Under Uncertainty,Blindspot,Intermediate,planned,md/01-Learning-Thinking-and-Knowledge/02-CRITICAL-THINKING-REASONING/Blindspot.md,nonfiction,summary,detailed,Foundation,,
0070,0070,P1,The Invisible Gorilla: How Our Intuitions Deceive Us,Christopher Chabris; Daniel Simons,2010,2011,2010,"01-Learning, Thinking & Knowledge","Learning, Thinking & Knowledge",02-CRITICAL-THINKING-REASONING,Decision-Making,Judgment Under Uncertainty,The-Invisible-Gorilla,Intermediate,planned,md/01-Learning-Thinking-and-Knowledge/02-CRITICAL-THINKING-REASONING/The-Invisible-Gorilla.md,nonfiction,summary,detailed,Foundation,,
0071,0071,P0,Decision Traps: Ten Barriers to Brilliant Decision-Making and How to Overcome Them,J. Edward Russo; Paul J.H. Schoemaker,1989,1990,1989,"01-Learning, Thinking & Knowledge","Learning, Thinking & Knowledge",02-CRITICAL-THINKING-REASONING,Decision-Making,Decision Frameworks,Decision-Traps-Russo,Intermediate,planned,md/01-Learning-Thinking-and-Knowledge/02-CRITICAL-THINKING-REASONING/Decision-Traps-Russo.md,nonfiction,summary,detailed,Foundation,,
0072,0072,P0,"The Success Equation: Untangling Skill and Luck in Business, Sports, and Investing",Michael J. Mauboussin,2012,2012,2012,"01-Learning, Thinking & Knowledge","Learning, Thinking & Knowledge",02-CRITICAL-THINKING-REASONING,Decision-Making,Decision Frameworks,The-Success-Equation-Mauboussin,Intermediate,planned,md/01-Learning-Thinking-and-Knowledge/02-CRITICAL-THINKING-REASONING/The-Success-Equation-Mauboussin.md,nonfiction,summary,detailed,Foundation,,
0073,0073,P0,Think Twice: Harnessing the Power of Counterintuition,Michael J. Mauboussin,2009,2012,2009,"01-Learning, Thinking & Knowledge","Learning, Thinking & Knowledge",02-CRITICAL-THINKING-REASONING,Decision-Making,Decision Frameworks,Think-Twice-Mauboussin,Intermediate,planned,md/01-Learning-Thinking-and-Knowledge/02-CRITICAL-THINKING-REASONING/Think-Twice-Mauboussin.md,nonfiction,summary,detailed,Foundation,,
0074,0074,P0,More Than You Know: Finding Financial Wisdom in Unconventional Places,Michael J. Mauboussin,2006,2013,2006,"01-Learning, Thinking & Knowledge","Learning, Thinking & Knowledge",02-CRITICAL-THINKING-REASONING,Decision-Making,Decision Frameworks,More-Than-You-Know-Mauboussin,Intermediate,planned,md/01-Learning-Thinking-and-Knowledge/02-CRITICAL-THINKING-REASONING/More-Than-You-Know-Mauboussin.md,nonfiction,summary,detailed,Foundation,,
0075,0075,P1,Rationality for Mortals: How People Cope with Uncertainty,Gerd Gigerenzer,2008,2010,2008,"01-Learning, Thinking & Knowledge","Learning, Thinking & Knowledge",02-CRITICAL-THINKING-REASONING,Decision-Making,Decision Frameworks,Rationality-for-Mortals-Gigerenzer,Intermediate,planned,md/01-Learning-Thinking-and-Knowledge/02-CRITICAL-THINKING-REASONING/Rationality-for-Mortals-Gigerenzer.md,nonfiction,summary,detailed,Foundation,,
0076,0076,P0,Heuristics and Biases: The Psychology of Intuitive Judgment,Thomas Gilovich; Dale Griffin; Daniel Kahneman,2002,2002,2002,"01-Learning, Thinking & Knowledge","Learning, Thinking & Knowledge",02-CRITICAL-THINKING-REASONING,Cognitive Biases & Rationality,Cognitive Biases,Heuristics-and-Biases-Gilovich,Intermediate,planned,md/01-Learning-Thinking-and-Knowledge/02-CRITICAL-THINKING-REASONING/Heuristics-and-Biases-Gilovich.md,nonfiction,summary,detailed,Foundation,,
0077,0077,P0,The Art of Thinking Clearly,Rolf Dobelli,2011,2013,2011,"01-Learning, Thinking & Knowledge","Learning, Thinking & Knowledge",02-CRITICAL-THINKING-REASONING,Cognitive Biases & Rationality,Cognitive Biases,The-Art-of-Thinking-Clearly,Intermediate,planned,md/01-Learning-Thinking-and-Knowledge/02-CRITICAL-THINKING-REASONING/The-Art-of-Thinking-Clearly.md,nonfiction,summary,detailed,Foundation,,
0078,0078,P0,Predictably Irrational: The Hidden Forces That Shape Our Decisions,Dan Ariely,2008,2010,2008,"01-Learning, Thinking & Knowledge","Learning, Thinking & Knowledge",02-CRITICAL-THINKING-REASONING,Cognitive Biases & Rationality,Cognitive Biases,Predictably-Irrational,Intermediate,planned,md/01-Learning-Thinking-and-Knowledge/02-CRITICAL-THINKING-REASONING/Predictably-Irrational.md,nonfiction,summary,detailed,Foundation,,
0079,0079,P1,The Upside of Irrationality: The Unexpected Benefits of Defying Logic,Dan Ariely,2010,2011,2010,"01-Learning, Thinking & Knowledge","Learning, Thinking & Knowledge",02-CRITICAL-THINKING-REASONING,Cognitive Biases & Rationality,Cognitive Biases,The-Upside-of-Irrationality,Intermediate,planned,md/01-Learning-Thinking-and-Knowledge/02-CRITICAL-THINKING-REASONING/The-Upside-of-Irrationality.md,nonfiction,summary,detailed,Foundation,,
0080,0080,P1,"You Are Not So Smart: Why You Have Too Many Friends on Facebook, Why Your Memory Is Mostly Fiction, and 46 Other Ways You're Deluding Yourself",David McRaney,2011,2012,2011,"01-Learning, Thinking & Knowledge","Learning, Thinking & Knowledge",02-CRITICAL-THINKING-REASONING,Cognitive Biases & Rationality,Cognitive Biases,You-Are-Not-So-Smart,Intermediate,planned,md/01-Learning-Thinking-and-Knowledge/02-CRITICAL-THINKING-REASONING/You-Are-Not-So-Smart.md,nonfiction,summary,detailed,Foundation,,
0081,0081,P0,Think Again: The Power of Knowing What You Don't Know,Adam Grant,2021,2023,2021,"01-Learning, Thinking & Knowledge","Learning, Thinking & Knowledge",02-CRITICAL-THINKING-REASONING,Cognitive Biases & Rationality,Debiasing,Think-Again,Intermediate,planned,md/01-Learning-Thinking-and-Knowledge/02-CRITICAL-THINKING-REASONING/Think-Again.md,nonfiction,summary,detailed,Foundation,,
0082,0082,P1,"Mistakes Were Made (but Not by Me): Why We Justify Foolish Beliefs, Bad Decisions, and Hurtful Acts",Carol Tavris; Elliot Aronson,2007,2020,2007,"01-Learning, Thinking & Knowledge","Learning, Thinking & Knowledge",02-CRITICAL-THINKING-REASONING,Cognitive Biases & Rationality,Debiasing,Mistakes-Were-Made,Intermediate,planned,md/01-Learning-Thinking-and-Knowledge/02-CRITICAL-THINKING-REASONING/Mistakes-Were-Made.md,nonfiction,summary,detailed,Foundation,,
0083,0083,P1,Mindware: Tools for Smart Thinking,Richard E. Nisbett,2015,2016,2015,"01-Learning, Thinking & Knowledge","Learning, Thinking & Knowledge",02-CRITICAL-THINKING-REASONING,Cognitive Biases & Rationality,Debiasing,Mindware,Intermediate,planned,md/01-Learning-Thinking-and-Knowledge/02-CRITICAL-THINKING-REASONING/Mindware.md,nonfiction,summary,detailed,Foundation,,
0084,0084,P0,"How Minds Change: The Surprising Science of Belief, Opinion, and Persuasion",David McRaney,2022,2023,2022,"01-Learning, Thinking & Knowledge","Learning, Thinking & Knowledge",02-CRITICAL-THINKING-REASONING,Cognitive Biases & Rationality,Debiasing,How-Minds-Change-McRaney,Intermediate,planned,md/01-Learning-Thinking-and-Knowledge/02-CRITICAL-THINKING-REASONING/How-Minds-Change-McRaney.md,nonfiction,summary,detailed,Foundation,,
0085,0085,P1,The Intelligence Trap: Revolutionise Your Thinking and Make Wiser Decisions,David Robson,2019,2020,2019,"01-Learning, Thinking & Knowledge","Learning, Thinking & Knowledge",02-CRITICAL-THINKING-REASONING,Cognitive Biases & Rationality,Debiasing,The-Intelligence-Trap-Robson,Intermediate,planned,md/01-Learning-Thinking-and-Knowledge/02-CRITICAL-THINKING-REASONING/The-Intelligence-Trap-Robson.md,nonfiction,summary,detailed,Foundation,,
0086,0086,P0,"Rationality: What It Is, Why It Seems Scarce, Why It Matters",Steven Pinker,2021,2022,2021,"01-Learning, Thinking & Knowledge","Learning, Thinking & Knowledge",02-CRITICAL-THINKING-REASONING,Cognitive Biases & Rationality,Rational Thinking,Rationality-Pinker,Intermediate,planned,md/01-Learning-Thinking-and-Knowledge/02-CRITICAL-THINKING-REASONING/Rationality-Pinker.md,nonfiction,summary,detailed,Foundation,,
0087,0087,P1,The Enigma of Reason,Hugo Mercier; Dan Sperber,2017,2018,2017,"01-Learning, Thinking & Knowledge","Learning, Thinking & Knowledge",02-CRITICAL-THINKING-REASONING,Cognitive Biases & Rationality,Rational Thinking,The-Enigma-of-Reason,Intermediate,planned,md/01-Learning-Thinking-and-Knowledge/02-CRITICAL-THINKING-REASONING/The-Enigma-of-Reason.md,nonfiction,summary,detailed,Foundation,,
0088,0088,P1,What Intelligence Tests Miss: The Psychology of Rational Thought,Keith E. Stanovich,2009,2010,2009,"01-Learning, Thinking & Knowledge","Learning, Thinking & Knowledge",02-CRITICAL-THINKING-REASONING,Cognitive Biases & Rationality,Rational Thinking,What-Intelligence-Tests-Miss,Intermediate,planned,md/01-Learning-Thinking-and-Knowledge/02-CRITICAL-THINKING-REASONING/What-Intelligence-Tests-Miss.md,nonfiction,summary,detailed,Foundation,,
0089,0089,P2,The Rationality Quotient: Toward a Test of Rational Thinking,Keith E. Stanovich; Richard F. West; Maggie E. Toplak,2016,2018,2016,"01-Learning, Thinking & Knowledge","Learning, Thinking & Knowledge",02-CRITICAL-THINKING-REASONING,Cognitive Biases & Rationality,Rational Thinking,The-Rationality-Quotient,Intermediate,planned,md/01-Learning-Thinking-and-Knowledge/02-CRITICAL-THINKING-REASONING/The-Rationality-Quotient.md,nonfiction,summary,detailed,Foundation,,
0090,0090,P0,The Demon-Haunted World: Science as a Candle in the Dark,Carl Sagan,1995,1997,1995,"01-Learning, Thinking & Knowledge","Learning, Thinking & Knowledge",02-CRITICAL-THINKING-REASONING,Cognitive Biases & Rationality,Rational Thinking,The-Demon-Haunted-World,Intermediate,planned,md/01-Learning-Thinking-and-Knowledge/02-CRITICAL-THINKING-REASONING/The-Demon-Haunted-World.md,nonfiction,summary,detailed,Foundation,,
0091,0091,P0,Building a Second Brain: A Proven Method to Organize Your Digital Life and Unlock Your Creative Potential,Tiago Forte,2022,2022,2022,"01-Learning, Thinking & Knowledge","Learning, Thinking & Knowledge",03-KNOWLEDGE-MANAGEMENT,Note-Taking,Personal Knowledge Management,Building-a-Second-Brain,Intermediate,planned,md/01-Learning-Thinking-and-Knowledge/03-KNOWLEDGE-MANAGEMENT/Building-a-Second-Brain.md,nonfiction,summary,detailed,Foundation,,
0092,0092,P0,"How to Take Smart Notes: One Simple Technique to Boost Writing, Learning and Thinking",Sönke Ahrens,2017,2022,2017,"01-Learning, Thinking & Knowledge","Learning, Thinking & Knowledge",03-KNOWLEDGE-MANAGEMENT,Note-Taking,Personal Knowledge Management,How-to-Take-Smart-Notes,Intermediate,planned,md/01-Learning-Thinking-and-Knowledge/03-KNOWLEDGE-MANAGEMENT/How-to-Take-Smart-Notes.md,nonfiction,summary,detailed,Foundation,,
0093,0093,P1,"The PARA Method: Simplify, Organize, and Master Your Digital Life",Tiago Forte,2023,2023,2023,"01-Learning, Thinking & Knowledge","Learning, Thinking & Knowledge",03-KNOWLEDGE-MANAGEMENT,Note-Taking,Personal Knowledge Management,The-PARA-Method,Intermediate,planned,md/01-Learning-Thinking-and-Knowledge/03-KNOWLEDGE-MANAGEMENT/The-PARA-Method.md,nonfiction,summary,detailed,Foundation,,
0094,0094,P2,"Digital Zettelkasten: Principles, Methods, & Examples",David Kadavy,2021,2021,2021,"01-Learning, Thinking & Knowledge","Learning, Thinking & Knowledge",03-KNOWLEDGE-MANAGEMENT,Note-Taking,Personal Knowledge Management,Digital-Zettelkasten,Intermediate,planned,md/01-Learning-Thinking-and-Knowledge/03-KNOWLEDGE-MANAGEMENT/Digital-Zettelkasten.md,nonfiction,summary,detailed,Foundation,,
0095,0095,P2,Antinet Zettelkasten: A Knowledge System That Will Maximize Your Intellect,Scott P. Scheper,2022,2022,2022,"01-Learning, Thinking & Knowledge","Learning, Thinking & Knowledge",03-KNOWLEDGE-MANAGEMENT,Note-Taking,Personal Knowledge Management,Antinet-Zettelkasten,Intermediate,planned,md/01-Learning-Thinking-and-Knowledge/03-KNOWLEDGE-MANAGEMENT/Antinet-Zettelkasten.md,nonfiction,summary,detailed,Foundation,,
0096,0096,P1,Communicating with Slip Boxes,Niklas Luhmann,1981,1992,1981,"01-Learning, Thinking & Knowledge","Learning, Thinking & Knowledge",03-KNOWLEDGE-MANAGEMENT,Note-Taking,Zettelkasten,Communicating-with-Slip-Boxes,Intermediate,planned,md/01-Learning-Thinking-and-Knowledge/03-KNOWLEDGE-MANAGEMENT/Communicating-with-Slip-Boxes.md,nonfiction,summary,detailed,Foundation,,
0097,0097,P2,Zettelkasten: The Ultimate Guide to Note-Taking and Knowledge Management,Christian Tietze; Sascha Fast,2020,2023,2020,"01-Learning, Thinking & Knowledge","Learning, Thinking & Knowledge",03-KNOWLEDGE-MANAGEMENT,Note-Taking,Zettelkasten,Zettelkasten-Guide,Intermediate,planned,md/01-Learning-Thinking-and-Knowledge/03-KNOWLEDGE-MANAGEMENT/Zettelkasten-Guide.md,nonfiction,summary,detailed,Foundation,,
0098,0098,P3,"The Card Catalog: Books, Cards, and Literary Treasures",The Library of Congress; Peter Devereaux,2017,2017,2017,"01-Learning, Thinking & Knowledge","Learning, Thinking & Knowledge",03-KNOWLEDGE-MANAGEMENT,Note-Taking,Zettelkasten,The-Card-Catalog,Intermediate,planned,md/01-Learning-Thinking-and-Knowledge/03-KNOWLEDGE-MANAGEMENT/The-Card-Catalog.md,nonfiction,summary,detailed,Foundation,,
0099,0099,P2,"Index, A History of the: A Bookish Adventure",Dennis Duncan,2021,2022,2021,"01-Learning, Thinking & Knowledge","Learning, Thinking & Knowledge",03-KNOWLEDGE-MANAGEMENT,Note-Taking,Zettelkasten,Index-A-History-of-the,Intermediate,planned,md/01-Learning-Thinking-and-Knowledge/03-KNOWLEDGE-MANAGEMENT/Index-A-History-of-the.md,nonfiction,summary,detailed,Foundation,,
0100,0100,P3,"Paper Machines: About Cards & Catalogs, 1548-1929",Markus Krajewski,2002,2011,2002,"01-Learning, Thinking & Knowledge","Learning, Thinking & Knowledge",03-KNOWLEDGE-MANAGEMENT,Note-Taking,Zettelkasten,Paper-Machines,Intermediate,planned,md/01-Learning-Thinking-and-Knowledge/03-KNOWLEDGE-MANAGEMENT/Paper-Machines.md,nonfiction,summary,detailed,Foundation,,
0101,0101,P1,As We May Think,Vannevar Bush,1945,1996,1945,"01-Learning, Thinking & Knowledge","Learning, Thinking & Knowledge",03-KNOWLEDGE-MANAGEMENT,Note-Taking,Connected Notes,As-We-May-Think,Intermediate,planned,md/01-Learning-Thinking-and-Knowledge/03-KNOWLEDGE-MANAGEMENT/As-We-May-Think.md,nonfiction,summary,detailed,Foundation,,
0102,0102,P2,"Literary Machines: The Report on, and of, Project Xanadu",Theodor Holm Nelson,1981,1993,1981,"01-Learning, Thinking & Knowledge","Learning, Thinking & Knowledge",03-KNOWLEDGE-MANAGEMENT,Note-Taking,Connected Notes,Literary-Machines,Intermediate,planned,md/01-Learning-Thinking-and-Knowledge/03-KNOWLEDGE-MANAGEMENT/Literary-Machines.md,nonfiction,summary,detailed,Foundation,,
0103,0103,P1,Augmenting Human Intellect: A Conceptual Framework,Douglas C. Engelbart,1962,2000,1962,"01-Learning, Thinking & Knowledge","Learning, Thinking & Knowledge",03-KNOWLEDGE-MANAGEMENT,Note-Taking,Connected Notes,Augmenting-Human-Intellect,Intermediate,planned,md/01-Learning-Thinking-and-Knowledge/03-KNOWLEDGE-MANAGEMENT/Augmenting-Human-Intellect.md,nonfiction,summary,detailed,Foundation,,
0104,0104,P1,Tools for Thought: The History and Future of Mind-Expanding Technology,Howard Rheingold,1985,2000,1985,"01-Learning, Thinking & Knowledge","Learning, Thinking & Knowledge",03-KNOWLEDGE-MANAGEMENT,Note-Taking,Connected Notes,Tools-for-Thought,Intermediate,planned,md/01-Learning-Thinking-and-Knowledge/03-KNOWLEDGE-MANAGEMENT/Tools-for-Thought.md,nonfiction,summary,detailed,Foundation,,
0105,0105,P2,The Idea Factory: Bell Labs and the Great Age of American Innovation,Jon Gertner,2012,2013,2012,"01-Learning, Thinking & Knowledge","Learning, Thinking & Knowledge",03-KNOWLEDGE-MANAGEMENT,Note-Taking,Connected Notes,The-Idea-Factory,Intermediate,planned,md/01-Learning-Thinking-and-Knowledge/03-KNOWLEDGE-MANAGEMENT/The-Idea-Factory.md,nonfiction,summary,detailed,Foundation,,
0106,0106,P0,"The Information: A History, a Theory, a Flood",James Gleick,2011,2012,2011,"01-Learning, Thinking & Knowledge","Learning, Thinking & Knowledge",03-KNOWLEDGE-MANAGEMENT,Information Management,Information Filtering,The-Information,Intermediate,planned,md/01-Learning-Thinking-and-Knowledge/03-KNOWLEDGE-MANAGEMENT/The-Information.md,nonfiction,summary,detailed,Foundation,,
0107,0107,P2,Too Much to Know: Managing Scholarly Information before the Modern Age,Ann M. Blair,2010,2011,2010,"01-Learning, Thinking & Knowledge","Learning, Thinking & Knowledge",03-KNOWLEDGE-MANAGEMENT,Information Management,Information Filtering,Too-Much-to-Know,Intermediate,planned,md/01-Learning-Thinking-and-Knowledge/03-KNOWLEDGE-MANAGEMENT/Too-Much-to-Know.md,nonfiction,summary,detailed,Foundation,,
0108,0108,P3,Information Overload: Why it Matters and How to Tackle It,David Shenk,1997,1998,1997,"01-Learning, Thinking & Knowledge","Learning, Thinking & Knowledge",03-KNOWLEDGE-MANAGEMENT,Information Management,Information Filtering,Information-Overload,Intermediate,planned,md/01-Learning-Thinking-and-Knowledge/03-KNOWLEDGE-MANAGEMENT/Information-Overload.md,nonfiction,summary,detailed,Foundation,,
0109,0109,P3,Infomagical: How to Take Control of Your Information Diet,Manoush Zomorodi,2017,2017,2017,"01-Learning, Thinking & Knowledge","Learning, Thinking & Knowledge",03-KNOWLEDGE-MANAGEMENT,Information Management,Information Filtering,Infomagical,Intermediate,planned,md/01-Learning-Thinking-and-Knowledge/03-KNOWLEDGE-MANAGEMENT/Infomagical.md,nonfiction,summary,detailed,Foundation,,
0110,0110,P3,Data Smog: Surviving the Information Glut,David Shenk,1997,1998,1997,"01-Learning, Thinking & Knowledge","Learning, Thinking & Knowledge",03-KNOWLEDGE-MANAGEMENT,Information Management,Information Filtering,Data-Smog,Intermediate,planned,md/01-Learning-Thinking-and-Knowledge/03-KNOWLEDGE-MANAGEMENT/Data-Smog.md,nonfiction,summary,detailed,Foundation,,
0111,0111,P2,Organizing Solutions for People with ADHD,Susan C. Pinsky,2006,2017,2006,"01-Learning, Thinking & Knowledge","Learning, Thinking & Knowledge",03-KNOWLEDGE-MANAGEMENT,Information Management,Digital Organization,Organizing-Solutions-ADHD,Intermediate,planned,md/01-Learning-Thinking-and-Knowledge/03-KNOWLEDGE-MANAGEMENT/Organizing-Solutions-ADHD.md,nonfiction,summary,detailed,Foundation,,
0112,0112,P1,The Life-Changing Magic of Tidying Up: The Japanese Art of Decluttering and Organizing,Marie Kondo,2011,2014,2011,"01-Learning, Thinking & Knowledge","Learning, Thinking & Knowledge",03-KNOWLEDGE-MANAGEMENT,Information Management,Digital Organization,The-Life-Changing-Magic-of-Tidying-Up,Intermediate,planned,md/01-Learning-Thinking-and-Knowledge/03-KNOWLEDGE-MANAGEMENT/The-Life-Changing-Magic-of-Tidying-Up.md,nonfiction,summary,detailed,Foundation,,
0113,0113,P1,"Work Clean: The Life-Changing Power of Mise-en-Place to Organize Your Life, Work, and Mind",Dan Charnas,2016,2016,2016,"01-Learning, Thinking & Knowledge","Learning, Thinking & Knowledge",03-KNOWLEDGE-MANAGEMENT,Information Management,Digital Organization,Work-Clean,Intermediate,planned,md/01-Learning-Thinking-and-Knowledge/03-KNOWLEDGE-MANAGEMENT/Work-Clean.md,nonfiction,summary,detailed,Foundation,,
0114,0114,P2,Remix: Making Art and Commerce Thrive in the Hybrid Economy,Lawrence Lessig,2008,2009,2008,"01-Learning, Thinking & Knowledge","Learning, Thinking & Knowledge",03-KNOWLEDGE-MANAGEMENT,Information Management,Digital Organization,Remix-Lessig,Intermediate,planned,md/01-Learning-Thinking-and-Knowledge/03-KNOWLEDGE-MANAGEMENT/Remix-Lessig.md,nonfiction,summary,detailed,Foundation,,
0115,0115,P2,Everything Is Miscellaneous: The Power of the New Digital Disorder,David Weinberger,2007,2008,2007,"01-Learning, Thinking & Knowledge","Learning, Thinking & Knowledge",03-KNOWLEDGE-MANAGEMENT,Information Management,Digital Organization,Everything-Is-Miscellaneous,Intermediate,planned,md/01-Learning-Thinking-and-Knowledge/03-KNOWLEDGE-MANAGEMENT/Everything-Is-Miscellaneous.md,nonfiction,summary,detailed,Foundation,,
0116,0116,P1,Information Architecture: For the Web and Beyond,Louis Rosenfeld; Peter Morville; Jorge Arango,1998,2015,1998,"01-Learning, Thinking & Knowledge","Learning, Thinking & Knowledge",03-KNOWLEDGE-MANAGEMENT,Information Management,Knowledge Retrieval,Information-Architecture,Intermediate,planned,md/01-Learning-Thinking-and-Knowledge/03-KNOWLEDGE-MANAGEMENT/Information-Architecture.md,nonfiction,summary,detailed,Foundation,,
0117,0117,P2,Search Patterns: Design for Discovery,Peter Morville; Jeffery Callender,2010,2010,2010,"01-Learning, Thinking & Knowledge","Learning, Thinking & Knowledge",03-KNOWLEDGE-MANAGEMENT,Information Management,Knowledge Retrieval,Search-Patterns,Intermediate,planned,md/01-Learning-Thinking-and-Knowledge/03-KNOWLEDGE-MANAGEMENT/Search-Patterns.md,nonfiction,summary,detailed,Foundation,,
0118,0118,P2,Ambient Findability: What We Find Changes Who We Become,Peter Morville,2005,2005,2005,"01-Learning, Thinking & Knowledge","Learning, Thinking & Knowledge",03-KNOWLEDGE-MANAGEMENT,Information Management,Knowledge Retrieval,Ambient-Findability,Intermediate,planned,md/01-Learning-Thinking-and-Knowledge/03-KNOWLEDGE-MANAGEMENT/Ambient-Findability.md,nonfiction,summary,detailed,Foundation,,
0119,0119,P2,Intertwingled: Information Changes Everything,Peter Morville,2014,2014,2014,"01-Learning, Thinking & Knowledge","Learning, Thinking & Knowledge",03-KNOWLEDGE-MANAGEMENT,Information Management,Knowledge Retrieval,Intertwingled,Intermediate,planned,md/01-Learning-Thinking-and-Knowledge/03-KNOWLEDGE-MANAGEMENT/Intertwingled.md,nonfiction,summary,detailed,Foundation,,
0120,0120,P3,Designing the Search Experience: The Information Architecture of Discovery,Tony Russell-Rose; Tyler Tate,2012,2013,2012,"01-Learning, Thinking & Knowledge","Learning, Thinking & Knowledge",03-KNOWLEDGE-MANAGEMENT,Information Management,Knowledge Retrieval,Designing-the-Search-Experience,Intermediate,planned,md/01-Learning-Thinking-and-Knowledge/03-KNOWLEDGE-MANAGEMENT/Designing-the-Search-Experience.md,nonfiction,summary,detailed,Foundation,,
0121,0121,P1,Writing to Learn,William Zinsser,1988,1993,1988,"01-Learning, Thinking & Knowledge","Learning, Thinking & Knowledge",03-KNOWLEDGE-MANAGEMENT,Thinking Through Writing,Writing to Clarify Thought,Writing-to-Learn,Intermediate,planned,md/01-Learning-Thinking-and-Knowledge/03-KNOWLEDGE-MANAGEMENT/Writing-to-Learn.md,nonfiction,summary,detailed,Foundation,,
0122,0122,P0,The Sense of Style: The Thinking Person's Guide to Writing in the 21st Century,Steven Pinker,2014,2015,2014,"01-Learning, Thinking & Knowledge","Learning, Thinking & Knowledge",03-KNOWLEDGE-MANAGEMENT,Thinking Through Writing,Writing to Clarify Thought,The-Sense-of-Style,Intermediate,planned,md/01-Learning-Thinking-and-Knowledge/03-KNOWLEDGE-MANAGEMENT/The-Sense-of-Style.md,nonfiction,summary,detailed,Foundation,,
0123,0123,P2,Writing Without Teachers,Peter Elbow,1973,1998,1973,"01-Learning, Thinking & Knowledge","Learning, Thinking & Knowledge",03-KNOWLEDGE-MANAGEMENT,Thinking Through Writing,Writing to Clarify Thought,Writing-Without-Teachers,Intermediate,planned,md/01-Learning-Thinking-and-Knowledge/03-KNOWLEDGE-MANAGEMENT/Writing-Without-Teachers.md,nonfiction,summary,detailed,Foundation,,
0124,0124,P2,The Elements of Eloquence: How to Turn the Perfect English Phrase,Mark Forsyth,2013,2014,2013,"01-Learning, Thinking & Knowledge","Learning, Thinking & Knowledge",03-KNOWLEDGE-MANAGEMENT,Thinking Through Writing,Writing to Clarify Thought,The-Elements-of-Eloquence,Intermediate,planned,md/01-Learning-Thinking-and-Knowledge/03-KNOWLEDGE-MANAGEMENT/The-Elements-of-Eloquence.md,nonfiction,summary,detailed,Foundation,,
0125,0125,P1,Clear and Simple as the Truth: Writing Classic Prose,Francis-Noël Thomas; Mark Turner,1994,2011,1994,"01-Learning, Thinking & Knowledge","Learning, Thinking & Knowledge",03-KNOWLEDGE-MANAGEMENT,Thinking Through Writing,Writing to Clarify Thought,Clear-and-Simple-as-the-Truth,Intermediate,planned,md/01-Learning-Thinking-and-Knowledge/03-KNOWLEDGE-MANAGEMENT/Clear-and-Simple-as-the-Truth.md,nonfiction,summary,detailed,Foundation,,
0126,0126,P0,Where Good Ideas Come From: The Natural History of Innovation,Steven Johnson,2010,2011,2010,"01-Learning, Thinking & Knowledge","Learning, Thinking & Knowledge",03-KNOWLEDGE-MANAGEMENT,Thinking Through Writing,Synthesis & Idea Creation,Where-Good-Ideas-Come-From,Intermediate,planned,md/01-Learning-Thinking-and-Knowledge/03-KNOWLEDGE-MANAGEMENT/Where-Good-Ideas-Come-From.md,nonfiction,summary,detailed,Foundation,,
0127,0127,P1,A Technique for Producing Ideas,James Webb Young,1940,2003,1940,"01-Learning, Thinking & Knowledge","Learning, Thinking & Knowledge",03-KNOWLEDGE-MANAGEMENT,Thinking Through Writing,Synthesis & Idea Creation,A-Technique-for-Producing-Ideas,Intermediate,planned,md/01-Learning-Thinking-and-Knowledge/03-KNOWLEDGE-MANAGEMENT/A-Technique-for-Producing-Ideas.md,nonfiction,summary,detailed,Foundation,,
0128,0128,P2,The Art of Thought,Graham Wallas,1926,2014,1926,"01-Learning, Thinking & Knowledge","Learning, Thinking & Knowledge",03-KNOWLEDGE-MANAGEMENT,Thinking Through Writing,Synthesis & Idea Creation,The-Art-of-Thought,Intermediate,planned,md/01-Learning-Thinking-and-Knowledge/03-KNOWLEDGE-MANAGEMENT/The-Art-of-Thought.md,nonfiction,summary,detailed,Foundation,,
0129,0129,P2,Borrowing Brilliance: The Six Steps to Business Innovation by Building on the Ideas of Others,David Kord Murray,2009,2010,2009,"01-Learning, Thinking & Knowledge","Learning, Thinking & Knowledge",03-KNOWLEDGE-MANAGEMENT,Thinking Through Writing,Synthesis & Idea Creation,Borrowing-Brilliance,Intermediate,planned,md/01-Learning-Thinking-and-Knowledge/03-KNOWLEDGE-MANAGEMENT/Borrowing-Brilliance.md,nonfiction,summary,detailed,Foundation,,
0130,0130,P1,Steal Like an Artist: 10 Things Nobody Told You About Being Creative,Austin Kleon,2012,2012,2012,"01-Learning, Thinking & Knowledge","Learning, Thinking & Knowledge",03-KNOWLEDGE-MANAGEMENT,Thinking Through Writing,Synthesis & Idea Creation,Steal-Like-an-Artist,Intermediate,planned,md/01-Learning-Thinking-and-Knowledge/03-KNOWLEDGE-MANAGEMENT/Steal-Like-an-Artist.md,nonfiction,summary,detailed,Foundation,,
0131,0131,P0,Deep Work: Rules for Focused Success in a Distracted World,Cal Newport,2016,2016,2016,"01-Learning, Thinking & Knowledge","Learning, Thinking & Knowledge",04-PRODUCTIVITY-FOCUS,Focus & Attention,Deep Work,Deep-Work,Intermediate,planned,md/01-Learning-Thinking-and-Knowledge/04-PRODUCTIVITY-FOCUS/Deep-Work.md,nonfiction,summary,detailed,Foundation,,
0132,0132,P0,Digital Minimalism: Choosing a Focused Life in a Noisy World,Cal Newport,2019,2019,2019,"01-Learning, Thinking & Knowledge","Learning, Thinking & Knowledge",04-PRODUCTIVITY-FOCUS,Focus & Attention,Deep Work,Digital-Minimalism,Intermediate,planned,md/01-Learning-Thinking-and-Knowledge/04-PRODUCTIVITY-FOCUS/Digital-Minimalism.md,nonfiction,summary,detailed,Foundation,,
0133,0133,P1,So Good They Can't Ignore You: Why Skills Trump Passion in the Quest for Work You Love,Cal Newport,2012,2012,2012,"01-Learning, Thinking & Knowledge","Learning, Thinking & Knowledge",04-PRODUCTIVITY-FOCUS,Focus & Attention,Deep Work,So-Good-They-Cant-Ignore-You,Intermediate,planned,md/01-Learning-Thinking-and-Knowledge/04-PRODUCTIVITY-FOCUS/So-Good-They-Cant-Ignore-You.md,nonfiction,summary,detailed,Foundation,,
0134,0134,P1,A World Without Email: Reimagining Work in an Age of Communication Overload,Cal Newport,2021,2021,2021,"01-Learning, Thinking & Knowledge","Learning, Thinking & Knowledge",04-PRODUCTIVITY-FOCUS,Focus & Attention,Deep Work,A-World-Without-Email,Intermediate,planned,md/01-Learning-Thinking-and-Knowledge/04-PRODUCTIVITY-FOCUS/A-World-Without-Email.md,nonfiction,summary,detailed,Foundation,,
0135,0135,P1,Slow Productivity: The Lost Art of Accomplishment Without Burnout,Cal Newport,2024,2024,2024,"01-Learning, Thinking & Knowledge","Learning, Thinking & Knowledge",04-PRODUCTIVITY-FOCUS,Focus & Attention,Deep Work,Slow-Productivity,Intermediate,planned,md/01-Learning-Thinking-and-Knowledge/04-PRODUCTIVITY-FOCUS/Slow-Productivity.md,nonfiction,summary,detailed,Foundation,,
0136,0136,P0,Stolen Focus: Why You Can't Pay Attention—and How to Think Deeply Again,Johann Hari,2022,2023,2022,"01-Learning, Thinking & Knowledge","Learning, Thinking & Knowledge",04-PRODUCTIVITY-FOCUS,Focus & Attention,Attention Management,Stolen-Focus,Intermediate,planned,md/01-Learning-Thinking-and-Knowledge/04-PRODUCTIVITY-FOCUS/Stolen-Focus.md,nonfiction,summary,detailed,Foundation,,
0137,0137,P1,The Shallows: What the Internet Is Doing to Our Brains,Nicholas Carr,2010,2020,2010,"01-Learning, Thinking & Knowledge","Learning, Thinking & Knowledge",04-PRODUCTIVITY-FOCUS,Focus & Attention,Attention Management,The-Shallows,Intermediate,planned,md/01-Learning-Thinking-and-Knowledge/04-PRODUCTIVITY-FOCUS/The-Shallows.md,nonfiction,summary,detailed,Foundation,,
0138,0138,P1,Hyperfocus: How to Be More Productive in a World of Distraction,Chris Bailey,2018,2018,2018,"01-Learning, Thinking & Knowledge","Learning, Thinking & Knowledge",04-PRODUCTIVITY-FOCUS,Focus & Attention,Attention Management,Hyperfocus,Intermediate,planned,md/01-Learning-Thinking-and-Knowledge/04-PRODUCTIVITY-FOCUS/Hyperfocus.md,nonfiction,summary,detailed,Foundation,,
0139,0139,P2,"Attention Span: A Groundbreaking Way to Restore Balance, Happiness and Productivity",Gloria Mark,2023,2023,2023,"01-Learning, Thinking & Knowledge","Learning, Thinking & Knowledge",04-PRODUCTIVITY-FOCUS,Focus & Attention,Attention Management,Attention-Span,Intermediate,planned,md/01-Learning-Thinking-and-Knowledge/04-PRODUCTIVITY-FOCUS/Attention-Span.md,nonfiction,summary,detailed,Foundation,,
0140,0140,P2,The Distracted Mind: Ancient Brains in a High-Tech World,Adam Gazzaley; Larry D. Rosen,2016,2017,2016,"01-Learning, Thinking & Knowledge","Learning, Thinking & Knowledge",04-PRODUCTIVITY-FOCUS,Focus & Attention,Attention Management,The-Distracted-Mind,Intermediate,planned,md/01-Learning-Thinking-and-Knowledge/04-PRODUCTIVITY-FOCUS/The-Distracted-Mind.md,nonfiction,summary,detailed,Foundation,,
0141,0141,P0,Indistractable: How to Control Your Attention and Choose Your Life,Nir Eyal; Julie Li,2019,2019,2019,"01-Learning, Thinking & Knowledge","Learning, Thinking & Knowledge",04-PRODUCTIVITY-FOCUS,Focus & Attention,Distraction Management,Indistractable,Intermediate,planned,md/01-Learning-Thinking-and-Knowledge/04-PRODUCTIVITY-FOCUS/Indistractable.md,nonfiction,summary,detailed,Foundation,,
0142,0142,P0,Make Time: How to Focus on What Matters Every Day,Jake Knapp; John Zeratsky,2018,2018,2018,"01-Learning, Thinking & Knowledge","Learning, Thinking & Knowledge",04-PRODUCTIVITY-FOCUS,Focus & Attention,Distraction Management,Make-Time,Intermediate,planned,md/01-Learning-Thinking-and-Knowledge/04-PRODUCTIVITY-FOCUS/Make-Time.md,nonfiction,summary,detailed,Foundation,,
0143,0143,P1,Stand Out of Our Light: Freedom and Resistance in the Attention Economy,James Williams,2018,2018,2018,"01-Learning, Thinking & Knowledge","Learning, Thinking & Knowledge",04-PRODUCTIVITY-FOCUS,Focus & Attention,Distraction Management,Stand-Out-of-Our-Light,Intermediate,planned,md/01-Learning-Thinking-and-Knowledge/04-PRODUCTIVITY-FOCUS/Stand-Out-of-Our-Light.md,nonfiction,summary,detailed,Foundation,,
0144,0144,P1,Irresistible: The Rise of Addictive Technology and the Business of Keeping Us Hooked,Adam Alter,2017,2018,2017,"01-Learning, Thinking & Knowledge","Learning, Thinking & Knowledge",04-PRODUCTIVITY-FOCUS,Focus & Attention,Distraction Management,Irresistible-Alter,Intermediate,planned,md/01-Learning-Thinking-and-Knowledge/04-PRODUCTIVITY-FOCUS/Irresistible-Alter.md,nonfiction,summary,detailed,Foundation,,
0145,0145,P2,Ten Arguments for Deleting Your Social Media Accounts Right Now,Jaron Lanier,2018,2018,2018,"01-Learning, Thinking & Knowledge","Learning, Thinking & Knowledge",04-PRODUCTIVITY-FOCUS,Focus & Attention,Distraction Management,Ten-Arguments-for-Deleting-Social-Media,Intermediate,planned,md/01-Learning-Thinking-and-Knowledge/04-PRODUCTIVITY-FOCUS/Ten-Arguments-for-Deleting-Social-Media.md,nonfiction,summary,detailed,Foundation,,
0146,0146,P0,Atomic Habits: An Easy & Proven Way to Build Good Habits & Break Bad Ones,James Clear,2018,2018,2018,"01-Learning, Thinking & Knowledge","Learning, Thinking & Knowledge",04-PRODUCTIVITY-FOCUS,Habits & Behavior,Habit Formation,Atomic-Habits,Intermediate,planned,md/01-Learning-Thinking-and-Knowledge/04-PRODUCTIVITY-FOCUS/Atomic-Habits.md,nonfiction,summary,detailed,Foundation,,
0147,0147,P0,The Power of Habit: Why We Do What We Do in Life and Business,Charles Duhigg,2012,2014,2012,"01-Learning, Thinking & Knowledge","Learning, Thinking & Knowledge",04-PRODUCTIVITY-FOCUS,Habits & Behavior,Habit Formation,The-Power-of-Habit,Intermediate,planned,md/01-Learning-Thinking-and-Knowledge/04-PRODUCTIVITY-FOCUS/The-Power-of-Habit.md,nonfiction,summary,detailed,Foundation,,
0148,0148,P0,Tiny Habits: The Small Changes That Change Everything,B.J. Fogg,2019,2020,2019,"01-Learning, Thinking & Knowledge","Learning, Thinking & Knowledge",04-PRODUCTIVITY-FOCUS,Habits & Behavior,Habit Formation,Tiny-Habits,Intermediate,planned,md/01-Learning-Thinking-and-Knowledge/04-PRODUCTIVITY-FOCUS/Tiny-Habits.md,nonfiction,summary,detailed,Foundation,,
0149,0149,P2,"Mini Habits: Smaller Habits, Bigger Results",Stephen Guise,2013,2013,2013,"01-Learning, Thinking & Knowledge","Learning, Thinking & Knowledge",04-PRODUCTIVITY-FOCUS,Habits & Behavior,Habit Formation,Mini-Habits,Intermediate,planned,md/01-Learning-Thinking-and-Knowledge/04-PRODUCTIVITY-FOCUS/Mini-Habits.md,nonfiction,summary,detailed,Foundation,,
0150,0150,P1,"Good Habits, Bad Habits: The Science of Making Positive Changes That Stick",Wendy Wood,2019,2019,2019,"01-Learning, Thinking & Knowledge","Learning, Thinking & Knowledge",04-PRODUCTIVITY-FOCUS,Habits & Behavior,Habit Formation,Good-Habits-Bad-Habits,Intermediate,planned,md/01-Learning-Thinking-and-Knowledge/04-PRODUCTIVITY-FOCUS/Good-Habits-Bad-Habits.md,nonfiction,summary,detailed,Foundation,,
0151,0151,P0,Switch: How to Change Things When Change Is Hard,Chip Heath; Dan Heath,2010,2010,2010,"01-Learning, Thinking & Knowledge","Learning, Thinking & Knowledge",04-PRODUCTIVITY-FOCUS,Habits & Behavior,Behavior Change,Switch,Intermediate,planned,md/01-Learning-Thinking-and-Knowledge/04-PRODUCTIVITY-FOCUS/Switch.md,nonfiction,summary,detailed,Foundation,,
0152,0152,P1,How to Change: The Science of Getting from Where You Are to Where You Want to Be,Katy Milkman,2021,2021,2021,"01-Learning, Thinking & Knowledge","Learning, Thinking & Knowledge",04-PRODUCTIVITY-FOCUS,Habits & Behavior,Behavior Change,How-to-Change,Intermediate,planned,md/01-Learning-Thinking-and-Knowledge/04-PRODUCTIVITY-FOCUS/How-to-Change.md,nonfiction,summary,detailed,Foundation,,
0153,0153,P1,Triggers: Creating Behavior That Lasts—Becoming the Person You Want to Be,Marshall Goldsmith; Mark Reiter,2015,2015,2015,"01-Learning, Thinking & Knowledge","Learning, Thinking & Knowledge",04-PRODUCTIVITY-FOCUS,Habits & Behavior,Behavior Change,Triggers,Intermediate,planned,md/01-Learning-Thinking-and-Knowledge/04-PRODUCTIVITY-FOCUS/Triggers.md,nonfiction,summary,detailed,Foundation,,
0154,0154,P2,Change Anything: The New Science of Personal Success,Kerry Patterson; Joseph Grenny; David Maxfield,2011,2012,2011,"01-Learning, Thinking & Knowledge","Learning, Thinking & Knowledge",04-PRODUCTIVITY-FOCUS,Habits & Behavior,Behavior Change,Change-Anything,Intermediate,planned,md/01-Learning-Thinking-and-Knowledge/04-PRODUCTIVITY-FOCUS/Change-Anything.md,nonfiction,summary,detailed,Foundation,,
0155,0155,P1,Hooked: How to Build Habit-Forming Products,Nir Eyal,2014,2014,2014,"01-Learning, Thinking & Knowledge","Learning, Thinking & Knowledge",04-PRODUCTIVITY-FOCUS,Habits & Behavior,Behavior Change,Hooked,Intermediate,planned,md/01-Learning-Thinking-and-Knowledge/04-PRODUCTIVITY-FOCUS/Hooked.md,nonfiction,summary,detailed,Foundation,,
0156,0156,P1,Willpower Doesn't Work: Discover the Hidden Keys to Success,Benjamin Hardy,2018,2018,2018,"01-Learning, Thinking & Knowledge","Learning, Thinking & Knowledge",04-PRODUCTIVITY-FOCUS,Habits & Behavior,Environment Design,Willpower-Doesnt-Work,Intermediate,planned,md/01-Learning-Thinking-and-Knowledge/04-PRODUCTIVITY-FOCUS/Willpower-Doesnt-Work.md,nonfiction,summary,detailed,Foundation,,
0157,0157,P2,"Drunk Tank Pink: And Other Unexpected Forces That Shape How We Think, Feel, and Behave",Adam Alter,2013,2014,2013,"01-Learning, Thinking & Knowledge","Learning, Thinking & Knowledge",04-PRODUCTIVITY-FOCUS,Habits & Behavior,Environment Design,Drunk-Tank-Pink,Intermediate,planned,md/01-Learning-Thinking-and-Knowledge/04-PRODUCTIVITY-FOCUS/Drunk-Tank-Pink.md,nonfiction,summary,detailed,Foundation,,
0158,0158,P0,The Design of Everyday Things,Don Norman,1988,2013,1988,"01-Learning, Thinking & Knowledge","Learning, Thinking & Knowledge",04-PRODUCTIVITY-FOCUS,Habits & Behavior,Environment Design,The-Design-of-Everyday-Things,Intermediate,planned,md/01-Learning-Thinking-and-Knowledge/04-PRODUCTIVITY-FOCUS/The-Design-of-Everyday-Things.md,nonfiction,summary,detailed,Foundation,,
0159,0159,P2,Joyful: The Surprising Power of Ordinary Things to Create Extraordinary Happiness,Ingrid Fetell Lee,2018,2019,2018,"01-Learning, Thinking & Knowledge","Learning, Thinking & Knowledge",04-PRODUCTIVITY-FOCUS,Habits & Behavior,Environment Design,Joyful,Intermediate,planned,md/01-Learning-Thinking-and-Knowledge/04-PRODUCTIVITY-FOCUS/Joyful.md,nonfiction,summary,detailed,Foundation,,
0160,0160,P2,Welcome to Your World: How the Built Environment Shapes Our Lives,Sarah Williams Goldhagen,2017,2017,2017,"01-Learning, Thinking & Knowledge","Learning, Thinking & Knowledge",04-PRODUCTIVITY-FOCUS,Habits & Behavior,Environment Design,Welcome-to-Your-World,Intermediate,planned,md/01-Learning-Thinking-and-Knowledge/04-PRODUCTIVITY-FOCUS/Welcome-to-Your-World.md,nonfiction,summary,detailed,Foundation,,
0161,0161,P0,Grit: The Power of Passion and Perseverance,Angela Duckworth,2016,2018,2016,"01-Learning, Thinking & Knowledge","Learning, Thinking & Knowledge",04-PRODUCTIVITY-FOCUS,Habits & Behavior,Consistency & Discipline,Grit,Intermediate,planned,md/01-Learning-Thinking-and-Knowledge/04-PRODUCTIVITY-FOCUS/Grit.md,nonfiction,summary,detailed,Foundation,,
0162,0162,P1,"The Compound Effect: Jumpstart Your Income, Your Life, Your Success",Darren Hardy,2010,2020,2010,"01-Learning, Thinking & Knowledge","Learning, Thinking & Knowledge",04-PRODUCTIVITY-FOCUS,Habits & Behavior,Consistency & Discipline,The-Compound-Effect,Intermediate,planned,md/01-Learning-Thinking-and-Knowledge/04-PRODUCTIVITY-FOCUS/The-Compound-Effect.md,nonfiction,summary,detailed,Foundation,,
0163,0163,P1,The Slight Edge: Turning Simple Disciplines into Massive Success and Happiness,Jeff Olson,2005,2013,2005,"01-Learning, Thinking & Knowledge","Learning, Thinking & Knowledge",04-PRODUCTIVITY-FOCUS,Habits & Behavior,Consistency & Discipline,The-Slight-Edge,Intermediate,planned,md/01-Learning-Thinking-and-Knowledge/04-PRODUCTIVITY-FOCUS/The-Slight-Edge.md,nonfiction,summary,detailed,Foundation,,
0164,0164,P2,Discipline Equals Freedom: Field Manual,Jocko Willink,2017,2020,2017,"01-Learning, Thinking & Knowledge","Learning, Thinking & Knowledge",04-PRODUCTIVITY-FOCUS,Habits & Behavior,Consistency & Discipline,Discipline-Equals-Freedom,Intermediate,planned,md/01-Learning-Thinking-and-Knowledge/04-PRODUCTIVITY-FOCUS/Discipline-Equals-Freedom.md,nonfiction,summary,detailed,Foundation,,
0165,0165,P1,Discipline Is Destiny: The Power of Self-Control,Ryan Holiday,2022,2022,2022,"01-Learning, Thinking & Knowledge","Learning, Thinking & Knowledge",04-PRODUCTIVITY-FOCUS,Habits & Behavior,Consistency & Discipline,Discipline-Is-Destiny,Intermediate,planned,md/01-Learning-Thinking-and-Knowledge/04-PRODUCTIVITY-FOCUS/Discipline-Is-Destiny.md,nonfiction,summary,detailed,Foundation,,
0166,0166,P0,Four Thousand Weeks: Time Management for Mortals,Oliver Burkeman,2021,2023,2021,"01-Learning, Thinking & Knowledge","Learning, Thinking & Knowledge",04-PRODUCTIVITY-FOCUS,Personal Systems,Time Management,Four-Thousand-Weeks,Intermediate,planned,md/01-Learning-Thinking-and-Knowledge/04-PRODUCTIVITY-FOCUS/Four-Thousand-Weeks.md,nonfiction,summary,detailed,Foundation,,
0167,0167,P1,168 Hours: You Have More Time Than You Think,Laura Vanderkam,2010,2011,2010,"01-Learning, Thinking & Knowledge","Learning, Thinking & Knowledge",04-PRODUCTIVITY-FOCUS,Personal Systems,Time Management,168-Hours,Intermediate,planned,md/01-Learning-Thinking-and-Knowledge/04-PRODUCTIVITY-FOCUS/168-Hours.md,nonfiction,summary,detailed,Foundation,,
0168,0168,P0,The 7 Habits of Highly Effective People: Powerful Lessons in Personal Change,Stephen R. Covey,1989,2020,1989,"01-Learning, Thinking & Knowledge","Learning, Thinking & Knowledge",04-PRODUCTIVITY-FOCUS,Personal Systems,Time Management,The-7-Habits-of-Highly-Effective-People,Intermediate,planned,md/01-Learning-Thinking-and-Knowledge/04-PRODUCTIVITY-FOCUS/The-7-Habits-of-Highly-Effective-People.md,nonfiction,summary,detailed,Foundation,,
0169,0169,P1,First Things First,Stephen R. Covey; A. Roger Merrill; Rebecca R. Merrill,1994,1999,1994,"01-Learning, Thinking & Knowledge","Learning, Thinking & Knowledge",04-PRODUCTIVITY-FOCUS,Personal Systems,Time Management,First-Things-First,Intermediate,planned,md/01-Learning-Thinking-and-Knowledge/04-PRODUCTIVITY-FOCUS/First-Things-First.md,nonfiction,summary,detailed,Foundation,,
0170,0170,P2,Time Smart: How to Reclaim Your Time and Live a Happier Life,Ashley Whillans,2020,2020,2020,"01-Learning, Thinking & Knowledge","Learning, Thinking & Knowledge",04-PRODUCTIVITY-FOCUS,Personal Systems,Time Management,Time-Smart,Intermediate,planned,md/01-Learning-Thinking-and-Knowledge/04-PRODUCTIVITY-FOCUS/Time-Smart.md,nonfiction,summary,detailed,Foundation,,
0171,0171,P0,Getting Things Done: The Art of Stress-Free Productivity,David Allen,2001,2015,2001,"01-Learning, Thinking & Knowledge","Learning, Thinking & Knowledge",04-PRODUCTIVITY-FOCUS,Personal Systems,Task Management,Getting-Things-Done,Intermediate,planned,md/01-Learning-Thinking-and-Knowledge/04-PRODUCTIVITY-FOCUS/Getting-Things-Done.md,nonfiction,summary,detailed,Foundation,,
0172,0172,P1,"The Bullet Journal Method: Track the Past, Order the Present, Design the Future",Ryder Carroll,2018,2021,2018,"01-Learning, Thinking & Knowledge","Learning, Thinking & Knowledge",04-PRODUCTIVITY-FOCUS,Personal Systems,Task Management,The-Bullet-Journal-Method,Intermediate,planned,md/01-Learning-Thinking-and-Knowledge/04-PRODUCTIVITY-FOCUS/The-Bullet-Journal-Method.md,nonfiction,summary,detailed,Foundation,,
0173,0173,P0,The Checklist Manifesto: How to Get Things Right,Atul Gawande,2009,2011,2009,"01-Learning, Thinking & Knowledge","Learning, Thinking & Knowledge",04-PRODUCTIVITY-FOCUS,Personal Systems,Task Management,The-Checklist-Manifesto,Intermediate,planned,md/01-Learning-Thinking-and-Knowledge/04-PRODUCTIVITY-FOCUS/The-Checklist-Manifesto.md,nonfiction,summary,detailed,Foundation,,
0174,0174,P1,Eat That Frog!: 21 Great Ways to Stop Procrastinating and Get More Done in Less Time,Brian Tracy,2001,2017,2001,"01-Learning, Thinking & Knowledge","Learning, Thinking & Knowledge",04-PRODUCTIVITY-FOCUS,Personal Systems,Task Management,Eat-That-Frog,Intermediate,planned,md/01-Learning-Thinking-and-Knowledge/04-PRODUCTIVITY-FOCUS/Eat-That-Frog.md,nonfiction,summary,detailed,Foundation,,
0175,0175,P2,Personal Kanban: Mapping Work | Navigating Life,Jim Benson; Tonianne DeMaria Barry,2011,2011,2011,"01-Learning, Thinking & Knowledge","Learning, Thinking & Knowledge",04-PRODUCTIVITY-FOCUS,Personal Systems,Task Management,Personal-Kanban,Intermediate,planned,md/01-Learning-Thinking-and-Knowledge/04-PRODUCTIVITY-FOCUS/Personal-Kanban.md,nonfiction,summary,detailed,Foundation,,
0176,0176,P0,"The Power of Full Engagement: Managing Energy, Not Time, Is the Key to High Performance and Personal Renewal",Jim Loehr; Tony Schwartz,2003,2005,2003,"01-Learning, Thinking & Knowledge","Learning, Thinking & Knowledge",04-PRODUCTIVITY-FOCUS,Personal Systems,Energy Management,The-Power-of-Full-Engagement,Intermediate,planned,md/01-Learning-Thinking-and-Knowledge/04-PRODUCTIVITY-FOCUS/The-Power-of-Full-Engagement.md,nonfiction,summary,detailed,Foundation,,
0177,0177,P0,Why We Sleep: Unlocking the Power of Sleep and Dreams,Matthew Walker,2017,2018,2017,"01-Learning, Thinking & Knowledge","Learning, Thinking & Knowledge",04-PRODUCTIVITY-FOCUS,Personal Systems,Energy Management,Why-We-Sleep,Intermediate,planned,md/01-Learning-Thinking-and-Knowledge/04-PRODUCTIVITY-FOCUS/Why-We-Sleep.md,nonfiction,summary,detailed,Foundation,,
0178,0178,P1,When: The Scientific Secrets of Perfect Timing,Daniel H. Pink,2018,2019,2018,"01-Learning, Thinking & Knowledge","Learning, Thinking & Knowledge",04-PRODUCTIVITY-FOCUS,Personal Systems,Energy Management,When-Pink,Intermediate,planned,md/01-Learning-Thinking-and-Knowledge/04-PRODUCTIVITY-FOCUS/When-Pink.md,nonfiction,summary,detailed,Foundation,,
0179,0179,P1,Rest: Why You Get More Done When You Work Less,Alex Soojung-Kim Pang,2016,2018,2016,"01-Learning, Thinking & Knowledge","Learning, Thinking & Knowledge",04-PRODUCTIVITY-FOCUS,Personal Systems,Energy Management,Rest-Pang,Intermediate,planned,md/01-Learning-Thinking-and-Knowledge/04-PRODUCTIVITY-FOCUS/Rest-Pang.md,nonfiction,summary,detailed,Foundation,,
0180,0180,P1,"Peak Performance: Elevate Your Game, Avoid Burnout, and Thrive with the New Science of Success",Brad Stulberg; Steve Magness,2017,2018,2017,"01-Learning, Thinking & Knowledge","Learning, Thinking & Knowledge",04-PRODUCTIVITY-FOCUS,Personal Systems,Energy Management,Peak-Performance-Stulberg,Intermediate,planned,md/01-Learning-Thinking-and-Knowledge/04-PRODUCTIVITY-FOCUS/Peak-Performance-Stulberg.md,nonfiction,summary,detailed,Foundation,,
0181,0181,P0,On Writing Well: The Classic Guide to Writing Nonfiction,William Zinsser,1976,2016,1976,"02-Communication, Writing & Social Intelligence","Communication, Writing & Social Intelligence",01-WRITING,Clear Writing,Clarity,On-Writing-Well,Intermediate,planned,md/02-Communication-Writing-and-Social-Intelligence/01-WRITING/On-Writing-Well.md,nonfiction,summary,detailed,Foundation,,
0182,0182,P0,The Elements of Style,William Strunk Jr.; E.B. White,1918,2019,1918,"02-Communication, Writing & Social Intelligence","Communication, Writing & Social Intelligence",01-WRITING,Clear Writing,Clarity,The-Elements-of-Style,Intermediate,planned,md/02-Communication-Writing-and-Social-Intelligence/01-WRITING/The-Elements-of-Style.md,nonfiction,summary,detailed,Foundation,,
0183,0183,P0,Style: Lessons in Clarity and Grace,Joseph M. Williams; Joseph Bizup,1981,2016,1981,"02-Communication, Writing & Social Intelligence","Communication, Writing & Social Intelligence",01-WRITING,Clear Writing,Clarity,Style-Lessons-in-Clarity-and-Grace,Intermediate,planned,md/02-Communication-Writing-and-Social-Intelligence/01-WRITING/Style-Lessons-in-Clarity-and-Grace.md,nonfiction,summary,detailed,Foundation,,
0184,0184,P1,Several Short Sentences About Writing,Verlyn Klinkenborg,2012,2013,2012,"02-Communication, Writing & Social Intelligence","Communication, Writing & Social Intelligence",01-WRITING,Clear Writing,Clarity,Several-Short-Sentences-About-Writing,Intermediate,planned,md/02-Communication-Writing-and-Social-Intelligence/01-WRITING/Several-Short-Sentences-About-Writing.md,nonfiction,summary,detailed,Foundation,,
0185,0185,P1,Bird by Bird: Some Instructions on Writing and Life,Anne Lamott,1994,2019,1994,"02-Communication, Writing & Social Intelligence","Communication, Writing & Social Intelligence",01-WRITING,Clear Writing,Clarity,Bird-by-Bird,Intermediate,planned,md/02-Communication-Writing-and-Social-Intelligence/01-WRITING/Bird-by-Bird.md,nonfiction,summary,detailed,Foundation,,
0186,0186,P1,Draft No. 4: On the Writing Process,John McPhee,2017,2018,2017,"02-Communication, Writing & Social Intelligence","Communication, Writing & Social Intelligence",01-WRITING,Clear Writing,Simplicity,Draft-No-4,Intermediate,planned,md/02-Communication-Writing-and-Social-Intelligence/01-WRITING/Draft-No-4.md,nonfiction,summary,detailed,Foundation,,
0187,0187,P1,Writing Tools: 55 Essential Strategies for Every Writer,Roy Peter Clark,2006,2024,2006,"02-Communication, Writing & Social Intelligence","Communication, Writing & Social Intelligence",01-WRITING,Clear Writing,Simplicity,Writing-Tools,Intermediate,planned,md/02-Communication-Writing-and-Social-Intelligence/01-WRITING/Writing-Tools.md,nonfiction,summary,detailed,Foundation,,
0188,0188,P2,The Art and Craft of Feature Writing,William E. Blundell,1988,1988,1988,"02-Communication, Writing & Social Intelligence","Communication, Writing & Social Intelligence",01-WRITING,Clear Writing,Simplicity,The-Art-and-Craft-of-Feature-Writing,Intermediate,planned,md/02-Communication-Writing-and-Social-Intelligence/01-WRITING/The-Art-and-Craft-of-Feature-Writing.md,nonfiction,summary,detailed,Foundation,,
0189,0189,P1,Smart Brevity: The Power of Saying More with Less,Jim VandeHei; Mike Allen; Roy Schwartz,2022,2022,2022,"02-Communication, Writing & Social Intelligence","Communication, Writing & Social Intelligence",01-WRITING,Clear Writing,Simplicity,Smart-Brevity,Intermediate,planned,md/02-Communication-Writing-and-Social-Intelligence/01-WRITING/Smart-Brevity.md,nonfiction,summary,detailed,Foundation,,
0190,0190,P2,How to Write a Sentence: And How to Read One,Stanley Fish,2011,2012,2011,"02-Communication, Writing & Social Intelligence","Communication, Writing & Social Intelligence",01-WRITING,Clear Writing,Simplicity,How-to-Write-a-Sentence,Intermediate,planned,md/02-Communication-Writing-and-Social-Intelligence/01-WRITING/How-to-Write-a-Sentence.md,nonfiction,summary,detailed,Foundation,,
0191,0191,P2,Self-Editing for Fiction Writers,Renni Browne; Dave King,1993,2004,1993,"02-Communication, Writing & Social Intelligence","Communication, Writing & Social Intelligence",01-WRITING,Clear Writing,Editing,Self-Editing-for-Fiction-Writers,Intermediate,planned,md/02-Communication-Writing-and-Social-Intelligence/01-WRITING/Self-Editing-for-Fiction-Writers.md,nonfiction,summary,detailed,Foundation,,
0192,0192,P2,The Subversive Copy Editor: Advice from Chicago,Carol Fisher Saller,2009,2016,2009,"02-Communication, Writing & Social Intelligence","Communication, Writing & Social Intelligence",01-WRITING,Clear Writing,Editing,The-Subversive-Copy-Editor,Intermediate,planned,md/02-Communication-Writing-and-Social-Intelligence/01-WRITING/The-Subversive-Copy-Editor.md,nonfiction,summary,detailed,Foundation,,
0193,0193,P1,Line by Line: How to Edit Your Own Writing,Claire Kehrwald Cook,1985,1986,1985,"02-Communication, Writing & Social Intelligence","Communication, Writing & Social Intelligence",01-WRITING,Clear Writing,Editing,Line-by-Line,Intermediate,planned,md/02-Communication-Writing-and-Social-Intelligence/01-WRITING/Line-by-Line.md,nonfiction,summary,detailed,Foundation,,
0194,0194,P3,Copyediting and Headline Writing,Arthur Wimer; Dale Brix,1972,1985,1972,"02-Communication, Writing & Social Intelligence","Communication, Writing & Social Intelligence",01-WRITING,Clear Writing,Editing,Copyediting-Headline-Writing,Intermediate,planned,md/02-Communication-Writing-and-Social-Intelligence/01-WRITING/Copyediting-Headline-Writing.md,nonfiction,summary,detailed,Foundation,,
0195,0195,P2,Sin and Syntax: How to Craft Wicked Good Prose,Constance Hale,1999,2013,1999,"02-Communication, Writing & Social Intelligence","Communication, Writing & Social Intelligence",01-WRITING,Clear Writing,Editing,Sin-and-Syntax,Intermediate,planned,md/02-Communication-Writing-and-Social-Intelligence/01-WRITING/Sin-and-Syntax.md,nonfiction,summary,detailed,Foundation,,
0196,0196,P2,"Technical Writing, Presentational Skills, and Online Communication",Raymond Greenlaw,2012,2012,2012,"02-Communication, Writing & Social Intelligence","Communication, Writing & Social Intelligence",01-WRITING,Professional Writing,Technical Writing,Technical-Writing-Greenlaw,Intermediate,planned,md/02-Communication-Writing-and-Social-Intelligence/01-WRITING/Technical-Writing-Greenlaw.md,nonfiction,summary,detailed,Foundation,,
0197,0197,P2,Handbook of Technical Writing,Gerald J. Alred; Charles T. Brusaw; Walter E. Oliu,1976,2020,1976,"02-Communication, Writing & Social Intelligence","Communication, Writing & Social Intelligence",01-WRITING,Professional Writing,Technical Writing,Handbook-of-Technical-Writing,Intermediate,planned,md/02-Communication-Writing-and-Social-Intelligence/01-WRITING/Handbook-of-Technical-Writing.md,nonfiction,summary,detailed,Foundation,,
0198,0198,P2,Developing Quality Technical Information: A Handbook for Writers and Editors,Gretchen Hargis,1998,2014,1998,"02-Communication, Writing & Social Intelligence","Communication, Writing & Social Intelligence",01-WRITING,Professional Writing,Technical Writing,Developing-Quality-Technical-Information,Intermediate,planned,md/02-Communication-Writing-and-Social-Intelligence/01-WRITING/Developing-Quality-Technical-Information.md,nonfiction,summary,detailed,Foundation,,
0199,0199,P3,The Insider's Guide to Technical Writing,Krista Van Laan,2012,2022,2012,"02-Communication, Writing & Social Intelligence","Communication, Writing & Social Intelligence",01-WRITING,Professional Writing,Technical Writing,The-Insiders-Guide-to-Technical-Writing,Intermediate,planned,md/02-Communication-Writing-and-Social-Intelligence/01-WRITING/The-Insiders-Guide-to-Technical-Writing.md,nonfiction,summary,detailed,Foundation,,
0200,0200,P1,Docs for Developers: An Engineer's Field Guide to Technical Writing,Jared Bhatti; Sarah Corleissen,2021,2021,2021,"02-Communication, Writing & Social Intelligence","Communication, Writing & Social Intelligence",01-WRITING,Professional Writing,Technical Writing,Docs-for-Developers,Intermediate,planned,md/02-Communication-Writing-and-Social-Intelligence/01-WRITING/Docs-for-Developers.md,nonfiction,summary,detailed,Foundation,,
0201,0201,P1,HBR Guide to Better Business Writing,Bryan A. Garner,2012,2013,2012,"02-Communication, Writing & Social Intelligence","Communication, Writing & Social Intelligence",01-WRITING,Professional Writing,Business Writing,HBR-Guide-to-Better-Business-Writing,Intermediate,planned,md/02-Communication-Writing-and-Social-Intelligence/01-WRITING/HBR-Guide-to-Better-Business-Writing.md,nonfiction,summary,detailed,Foundation,,
0202,0202,P0,The Pyramid Principle: Logic in Writing and Thinking,Barbara Minto,1987,2010,1987,"02-Communication, Writing & Social Intelligence","Communication, Writing & Social Intelligence",01-WRITING,Professional Writing,Business Writing,The-Pyramid-Principle,Intermediate,planned,md/02-Communication-Writing-and-Social-Intelligence/01-WRITING/The-Pyramid-Principle.md,nonfiction,summary,detailed,Foundation,,
0203,0203,P2,Strategic Storytelling: How to Create Persuasive Business Presentations,Dave McKinsey,2014,2014,2014,"02-Communication, Writing & Social Intelligence","Communication, Writing & Social Intelligence",01-WRITING,Professional Writing,Business Writing,Strategic-Storytelling,Intermediate,planned,md/02-Communication-Writing-and-Social-Intelligence/01-WRITING/Strategic-Storytelling.md,nonfiction,summary,detailed,Foundation,,
0204,0204,P3,Business Writing Done Right,Jane Watson,2020,2020,2020,"02-Communication, Writing & Social Intelligence","Communication, Writing & Social Intelligence",01-WRITING,Professional Writing,Business Writing,Business-Writing-Done-Right,Intermediate,planned,md/02-Communication-Writing-and-Social-Intelligence/01-WRITING/Business-Writing-Done-Right.md,nonfiction,summary,detailed,Foundation,,
0205,0205,P2,Writing for Business: The New York Times Guide,The New York Times,2010,2010,2010,"02-Communication, Writing & Social Intelligence","Communication, Writing & Social Intelligence",01-WRITING,Professional Writing,Business Writing,Writing-for-Business-NYT,Intermediate,planned,md/02-Communication-Writing-and-Social-Intelligence/01-WRITING/Writing-for-Business-NYT.md,nonfiction,summary,detailed,Foundation,,
0206,0206,P1,Every Page is Page One: Topic-Based Writing for Technical Communication and the Web,Mark Baker,2013,2013,2013,"02-Communication, Writing & Social Intelligence","Communication, Writing & Social Intelligence",01-WRITING,Professional Writing,Documentation,Every-Page-is-Page-One,Intermediate,planned,md/02-Communication-Writing-and-Social-Intelligence/01-WRITING/Every-Page-is-Page-One.md,nonfiction,summary,detailed,Foundation,,
0207,0207,P2,Managing Your Documentation Projects,JoAnn T. Hackos,1994,1994,1994,"02-Communication, Writing & Social Intelligence","Communication, Writing & Social Intelligence",01-WRITING,Professional Writing,Documentation,Managing-Your-Documentation-Projects,Intermediate,planned,md/02-Communication-Writing-and-Social-Intelligence/01-WRITING/Managing-Your-Documentation-Projects.md,nonfiction,summary,detailed,Foundation,,
0208,0208,P2,Documenting APIs: A Guide for Technical Writers,Tom Johnson,2020,2023,2020,"02-Communication, Writing & Social Intelligence","Communication, Writing & Social Intelligence",01-WRITING,Professional Writing,Documentation,Documenting-APIs,Intermediate,planned,md/02-Communication-Writing-and-Social-Intelligence/01-WRITING/Documenting-APIs.md,nonfiction,summary,detailed,Foundation,,
0209,0209,P1,Letting Go of the Words: Writing Web Content that Works,Janice Redish,2007,2012,2007,"02-Communication, Writing & Social Intelligence","Communication, Writing & Social Intelligence",01-WRITING,Professional Writing,Documentation,Letting-Go-of-the-Words,Intermediate,planned,md/02-Communication-Writing-and-Social-Intelligence/01-WRITING/Letting-Go-of-the-Words.md,nonfiction,summary,detailed,Foundation,,
0210,0210,P2,Writing That Works: How to Communicate Effectively in Business,Kenneth Roman; Joel Raphaelson,1981,2000,1981,"02-Communication, Writing & Social Intelligence","Communication, Writing & Social Intelligence",01-WRITING,Professional Writing,Documentation,Writing-That-Works,Intermediate,planned,md/02-Communication-Writing-and-Social-Intelligence/01-WRITING/Writing-That-Works.md,nonfiction,summary,detailed,Foundation,,
0211,0211,P0,"Thank You for Arguing: What Aristotle, Lincoln, and Homer Simpson Can Teach Us About the Art of Persuasion",Jay Heinrichs,2007,2020,2007,"02-Communication, Writing & Social Intelligence","Communication, Writing & Social Intelligence",01-WRITING,Persuasive Writing,Argumentation,Thank-You-for-Arguing,Intermediate,planned,md/02-Communication-Writing-and-Social-Intelligence/01-WRITING/Thank-You-for-Arguing.md,nonfiction,summary,detailed,Foundation,,
0212,0212,P1,Rhetoric,Aristotle,-350,2018,-350,"02-Communication, Writing & Social Intelligence","Communication, Writing & Social Intelligence",01-WRITING,Persuasive Writing,Argumentation,Rhetoric-Aristotle,Intermediate,planned,md/02-Communication-Writing-and-Social-Intelligence/01-WRITING/Rhetoric-Aristotle.md,nonfiction,summary,detailed,Foundation,,
0213,0213,P1,The Uses of Argument,Stephen E. Toulmin,1958,2003,1958,"02-Communication, Writing & Social Intelligence","Communication, Writing & Social Intelligence",01-WRITING,Persuasive Writing,Argumentation,The-Uses-of-Argument,Intermediate,planned,md/02-Communication-Writing-and-Social-Intelligence/01-WRITING/The-Uses-of-Argument.md,nonfiction,summary,detailed,Foundation,,
0214,0214,P2,Crucial Arguments: How to Frame and Defend Your Point,Robert A. Burton,2015,2015,2015,"02-Communication, Writing & Social Intelligence","Communication, Writing & Social Intelligence",01-WRITING,Persuasive Writing,Argumentation,Crucial-Arguments,Intermediate,planned,md/02-Communication-Writing-and-Social-Intelligence/01-WRITING/Crucial-Arguments.md,nonfiction,summary,detailed,Foundation,,
0215,0215,P0,The Craft of Research,Wayne C. Booth; Gregory G. Colomb; Joseph M. Williams,1995,2016,1995,"02-Communication, Writing & Social Intelligence","Communication, Writing & Social Intelligence",01-WRITING,Persuasive Writing,Argumentation,The-Craft-of-Research,Intermediate,planned,md/02-Communication-Writing-and-Social-Intelligence/01-WRITING/The-Craft-of-Research.md,nonfiction,summary,detailed,Foundation,,
0216,0216,P0,The Adweek Copywriting Handbook,Joseph Sugarman,2006,2007,2006,"02-Communication, Writing & Social Intelligence","Communication, Writing & Social Intelligence",01-WRITING,Persuasive Writing,Copywriting Concepts,The-Adweek-Copywriting-Handbook,Intermediate,planned,md/02-Communication-Writing-and-Social-Intelligence/01-WRITING/The-Adweek-Copywriting-Handbook.md,nonfiction,summary,detailed,Foundation,,
0217,0217,P1,Tested Advertising Methods,John Caples; Fred E. Hahn,1932,1997,1932,"02-Communication, Writing & Social Intelligence","Communication, Writing & Social Intelligence",01-WRITING,Persuasive Writing,Copywriting Concepts,Tested-Advertising-Methods,Intermediate,planned,md/02-Communication-Writing-and-Social-Intelligence/01-WRITING/Tested-Advertising-Methods.md,nonfiction,summary,detailed,Foundation,,
0218,0218,P1,Scientific Advertising,Claude C. Hopkins,1923,2015,1923,"02-Communication, Writing & Social Intelligence","Communication, Writing & Social Intelligence",01-WRITING,Persuasive Writing,Copywriting Concepts,Scientific-Advertising,Intermediate,planned,md/02-Communication-Writing-and-Social-Intelligence/01-WRITING/Scientific-Advertising.md,nonfiction,summary,detailed,Foundation,,
0219,0219,P0,Ogilvy on Advertising,David Ogilvy,1983,2013,1983,"02-Communication, Writing & Social Intelligence","Communication, Writing & Social Intelligence",01-WRITING,Persuasive Writing,Copywriting Concepts,Ogilvy-on-Advertising,Intermediate,planned,md/02-Communication-Writing-and-Social-Intelligence/01-WRITING/Ogilvy-on-Advertising.md,nonfiction,summary,detailed,Foundation,,
0220,0220,P1,Breakthrough Advertising,Eugene M. Schwartz,1966,2004,1966,"02-Communication, Writing & Social Intelligence","Communication, Writing & Social Intelligence",01-WRITING,Persuasive Writing,Copywriting Concepts,Breakthrough-Advertising,Intermediate,planned,md/02-Communication-Writing-and-Social-Intelligence/01-WRITING/Breakthrough-Advertising.md,nonfiction,summary,detailed,Foundation,,
0221,0221,P0,Talk Like TED: The 9 Public-Speaking Secrets of the World's Top Minds,Carmine Gallo,2014,2015,2014,"02-Communication, Writing & Social Intelligence","Communication, Writing & Social Intelligence",02-COMMUNICATION,Speaking,Public Speaking,Talk-Like-TED,Intermediate,planned,md/02-Communication-Writing-and-Social-Intelligence/02-COMMUNICATION/Talk-Like-TED.md,nonfiction,summary,detailed,Foundation,,
0222,0222,P0,TED Talks: The Official TED Guide to Public Speaking,Chris Anderson,2016,2017,2016,"02-Communication, Writing & Social Intelligence","Communication, Writing & Social Intelligence",02-COMMUNICATION,Speaking,Public Speaking,TED-Talks-Anderson,Intermediate,planned,md/02-Communication-Writing-and-Social-Intelligence/02-COMMUNICATION/TED-Talks-Anderson.md,nonfiction,summary,detailed,Foundation,,
0223,0223,P1,Confessions of a Public Speaker,Scott Berkun,2009,2010,2009,"02-Communication, Writing & Social Intelligence","Communication, Writing & Social Intelligence",02-COMMUNICATION,Speaking,Public Speaking,Confessions-of-a-Public-Speaker,Intermediate,planned,md/02-Communication-Writing-and-Social-Intelligence/02-COMMUNICATION/Confessions-of-a-Public-Speaker.md,nonfiction,summary,detailed,Foundation,,
0224,0224,P2,Speak Like a CEO: Secrets for Commanding Attention and Getting Results,Suzanne Bates,2005,2005,2005,"02-Communication, Writing & Social Intelligence","Communication, Writing & Social Intelligence",02-COMMUNICATION,Speaking,Public Speaking,Speak-Like-a-CEO,Intermediate,planned,md/02-Communication-Writing-and-Social-Intelligence/02-COMMUNICATION/Speak-Like-a-CEO.md,nonfiction,summary,detailed,Foundation,,
0225,0225,P2,Steal the Show: How to Guarantee a Standing Ovation for All the Performances in Your Life,Michael Port,2015,2016,2015,"02-Communication, Writing & Social Intelligence","Communication, Writing & Social Intelligence",02-COMMUNICATION,Speaking,Public Speaking,Steal-the-Show,Intermediate,planned,md/02-Communication-Writing-and-Social-Intelligence/02-COMMUNICATION/Steal-the-Show.md,nonfiction,summary,detailed,Foundation,,
0226,0226,P0,Resonate: Present Visual Stories that Transform Audiences,Nancy Duarte,2010,2010,2010,"02-Communication, Writing & Social Intelligence","Communication, Writing & Social Intelligence",02-COMMUNICATION,Speaking,Presentations,Resonate,Intermediate,planned,md/02-Communication-Writing-and-Social-Intelligence/02-COMMUNICATION/Resonate.md,nonfiction,summary,detailed,Foundation,,
0227,0227,P1,Slide:ology: The Art and Science of Creating Great Presentations,Nancy Duarte,2008,2008,2008,"02-Communication, Writing & Social Intelligence","Communication, Writing & Social Intelligence",02-COMMUNICATION,Speaking,Presentations,Slide-ology,Intermediate,planned,md/02-Communication-Writing-and-Social-Intelligence/02-COMMUNICATION/Slide-ology.md,nonfiction,summary,detailed,Foundation,,
0228,0228,P0,Presentation Zen: Simple Ideas on Presentation Design and Delivery,Garr Reynolds,2008,2019,2008,"02-Communication, Writing & Social Intelligence","Communication, Writing & Social Intelligence",02-COMMUNICATION,Speaking,Presentations,Presentation-Zen,Intermediate,planned,md/02-Communication-Writing-and-Social-Intelligence/02-COMMUNICATION/Presentation-Zen.md,nonfiction,summary,detailed,Foundation,,
0229,0229,P0,The Visual Display of Quantitative Information,Edward R. Tufte,1983,2001,1983,"02-Communication, Writing & Social Intelligence","Communication, Writing & Social Intelligence",02-COMMUNICATION,Speaking,Presentations,The-Visual-Display-of-Quantitative-Information,Intermediate,planned,md/02-Communication-Writing-and-Social-Intelligence/02-COMMUNICATION/The-Visual-Display-of-Quantitative-Information.md,nonfiction,summary,detailed,Foundation,,
0230,0230,P1,Envisioning Information,Edward R. Tufte,1990,1990,1990,"02-Communication, Writing & Social Intelligence","Communication, Writing & Social Intelligence",02-COMMUNICATION,Speaking,Presentations,Envisioning-Information,Intermediate,planned,md/02-Communication-Writing-and-Social-Intelligence/02-COMMUNICATION/Envisioning-Information.md,nonfiction,summary,detailed,Foundation,,
0231,0231,P0,Made to Stick: Why Some Ideas Survive and Others Die,Chip Heath; Dan Heath,2007,2008,2007,"02-Communication, Writing & Social Intelligence","Communication, Writing & Social Intelligence",02-COMMUNICATION,Speaking,Explaining Complex Ideas,Made-to-Stick,Intermediate,planned,md/02-Communication-Writing-and-Social-Intelligence/02-COMMUNICATION/Made-to-Stick.md,nonfiction,summary,detailed,Foundation,,
0232,0232,P1,"The Art of Explanation: Making Your Ideas, Products, and Services Easier to Understand",Lee LeFever,2012,2012,2012,"02-Communication, Writing & Social Intelligence","Communication, Writing & Social Intelligence",02-COMMUNICATION,Speaking,Explaining Complex Ideas,The-Art-of-Explanation,Intermediate,planned,md/02-Communication-Writing-and-Social-Intelligence/02-COMMUNICATION/The-Art-of-Explanation.md,nonfiction,summary,detailed,Foundation,,
0233,0233,P1,Thing Explainer: Complicated Stuff in Simple Words,Randall Munroe,2015,2015,2015,"02-Communication, Writing & Social Intelligence","Communication, Writing & Social Intelligence",02-COMMUNICATION,Speaking,Explaining Complex Ideas,Thing-Explainer,Intermediate,planned,md/02-Communication-Writing-and-Social-Intelligence/02-COMMUNICATION/Thing-Explainer.md,nonfiction,summary,detailed,Foundation,,
0234,0234,P2,Don't Be Such a Scientist: Talking Substance in an Age of Style,Randy Olson,2009,2018,2009,"02-Communication, Writing & Social Intelligence","Communication, Writing & Social Intelligence",02-COMMUNICATION,Speaking,Explaining Complex Ideas,Dont-Be-Such-a-Scientist,Intermediate,planned,md/02-Communication-Writing-and-Social-Intelligence/02-COMMUNICATION/Dont-Be-Such-a-Scientist.md,nonfiction,summary,detailed,Foundation,,
0235,0235,P2,"Houston, We Have a Narrative: Why Science Needs Story",Randy Olson,2015,2015,2015,"02-Communication, Writing & Social Intelligence","Communication, Writing & Social Intelligence",02-COMMUNICATION,Speaking,Explaining Complex Ideas,Houston-We-Have-a-Narrative,Intermediate,planned,md/02-Communication-Writing-and-Social-Intelligence/02-COMMUNICATION/Houston-We-Have-a-Narrative.md,nonfiction,summary,detailed,Foundation,,
0236,0236,P0,You're Not Listening: What You're Missing and Why It Matters,Kate Murphy,2020,2021,2020,"02-Communication, Writing & Social Intelligence","Communication, Writing & Social Intelligence",02-COMMUNICATION,Conversation,Listening,Youre-Not-Listening,Intermediate,planned,md/02-Communication-Writing-and-Social-Intelligence/02-COMMUNICATION/Youre-Not-Listening.md,nonfiction,summary,detailed,Foundation,,
0237,0237,P1,The Lost Art of Listening: How Learning to Listen Can Improve Relationships,Michael P. Nichols; Martha B. Straus,1995,2021,1995,"02-Communication, Writing & Social Intelligence","Communication, Writing & Social Intelligence",02-COMMUNICATION,Conversation,Listening,The-Lost-Art-of-Listening,Intermediate,planned,md/02-Communication-Writing-and-Social-Intelligence/02-COMMUNICATION/The-Lost-Art-of-Listening.md,nonfiction,summary,detailed,Foundation,,
0238,0238,P1,Listen Like You Mean It: Reclaiming the Lost Art of True Connection,Ximena Vengoechea,2021,2021,2021,"02-Communication, Writing & Social Intelligence","Communication, Writing & Social Intelligence",02-COMMUNICATION,Conversation,Listening,Listen-Like-You-Mean-It,Intermediate,planned,md/02-Communication-Writing-and-Social-Intelligence/02-COMMUNICATION/Listen-Like-You-Mean-It.md,nonfiction,summary,detailed,Foundation,,
0239,0239,P2,Active Listening: Improve Your Ability to Listen and Lead,Michael H. Hoppe,2006,2018,2006,"02-Communication, Writing & Social Intelligence","Communication, Writing & Social Intelligence",02-COMMUNICATION,Conversation,Listening,Active-Listening-Hoppe,Intermediate,planned,md/02-Communication-Writing-and-Social-Intelligence/02-COMMUNICATION/Active-Listening-Hoppe.md,nonfiction,summary,detailed,Foundation,,
0240,0240,P1,Just Listen: Discover the Secret to Getting Through to Absolutely Anyone,Mark Goulston,2009,2015,2009,"02-Communication, Writing & Social Intelligence","Communication, Writing & Social Intelligence",02-COMMUNICATION,Conversation,Listening,Just-Listen,Intermediate,planned,md/02-Communication-Writing-and-Social-Intelligence/02-COMMUNICATION/Just-Listen.md,nonfiction,summary,detailed,Foundation,,
0241,0241,P0,Difficult Conversations: How to Discuss What Matters Most,Douglas Stone; Bruce Patton; Sheila Heen,1999,2023,1999,"02-Communication, Writing & Social Intelligence","Communication, Writing & Social Intelligence",02-COMMUNICATION,Conversation,Difficult Conversations,Difficult-Conversations,Intermediate,planned,md/02-Communication-Writing-and-Social-Intelligence/02-COMMUNICATION/Difficult-Conversations.md,nonfiction,summary,detailed,Foundation,,
0242,0242,P0,Crucial Conversations: Tools for Talking When Stakes Are High,Kerry Patterson; Joseph Grenny; Ron McMillan,2002,2021,2002,"02-Communication, Writing & Social Intelligence","Communication, Writing & Social Intelligence",02-COMMUNICATION,Conversation,Difficult Conversations,Crucial-Conversations,Intermediate,planned,md/02-Communication-Writing-and-Social-Intelligence/02-COMMUNICATION/Crucial-Conversations.md,nonfiction,summary,detailed,Foundation,,
0243,0243,P1,"Crucial Accountability: Tools for Resolving Violated Expectations, Broken Commitments, and Bad Behavior",Kerry Patterson; Joseph Grenny; David Maxfield,2004,2013,2004,"02-Communication, Writing & Social Intelligence","Communication, Writing & Social Intelligence",02-COMMUNICATION,Conversation,Difficult Conversations,Crucial-Accountability,Intermediate,planned,md/02-Communication-Writing-and-Social-Intelligence/02-COMMUNICATION/Crucial-Accountability.md,nonfiction,summary,detailed,Foundation,,
0244,0244,P1,Fierce Conversations: Achieving Success at Work and in Life One Conversation at a Time,Susan Scott,2002,2017,2002,"02-Communication, Writing & Social Intelligence","Communication, Writing & Social Intelligence",02-COMMUNICATION,Conversation,Difficult Conversations,Fierce-Conversations,Intermediate,planned,md/02-Communication-Writing-and-Social-Intelligence/02-COMMUNICATION/Fierce-Conversations.md,nonfiction,summary,detailed,Foundation,,
0245,0245,P0,Nonviolent Communication: A Language of Life,Marshall B. Rosenberg,1999,2015,1999,"02-Communication, Writing & Social Intelligence","Communication, Writing & Social Intelligence",02-COMMUNICATION,Conversation,Difficult Conversations,Nonviolent-Communication,Intermediate,planned,md/02-Communication-Writing-and-Social-Intelligence/02-COMMUNICATION/Nonviolent-Communication.md,nonfiction,summary,detailed,Foundation,,
0246,0246,P1,What the Best College Teachers Do,Ken Bain,2004,2004,2004,"02-Communication, Writing & Social Intelligence","Communication, Writing & Social Intelligence",02-COMMUNICATION,Teaching & Explaining,Explanation,What-the-Best-College-Teachers-Do,Intermediate,planned,md/02-Communication-Writing-and-Social-Intelligence/02-COMMUNICATION/What-the-Best-College-Teachers-Do.md,nonfiction,summary,detailed,Foundation,,
0247,0247,P1,The Courage to Teach: Exploring the Inner Landscape of a Teacher's Life,Parker J. Palmer,1998,2017,1998,"02-Communication, Writing & Social Intelligence","Communication, Writing & Social Intelligence",02-COMMUNICATION,Teaching & Explaining,Explanation,The-Courage-to-Teach,Intermediate,planned,md/02-Communication-Writing-and-Social-Intelligence/02-COMMUNICATION/The-Courage-to-Teach.md,nonfiction,summary,detailed,Foundation,,
0248,0248,P1,Teach Like a Champion 3.0: 63 Techniques that Put Students on the Path to College,Doug Lemov,2010,2021,2010,"02-Communication, Writing & Social Intelligence","Communication, Writing & Social Intelligence",02-COMMUNICATION,Teaching & Explaining,Explanation,Teach-Like-a-Champion,Intermediate,planned,md/02-Communication-Writing-and-Social-Intelligence/02-COMMUNICATION/Teach-Like-a-Champion.md,nonfiction,summary,detailed,Foundation,,
0249,0249,P1,Visible Learning: A Synthesis of Over 800 Meta-Analyses Relating to Achievement,John Hattie,2008,2009,2008,"02-Communication, Writing & Social Intelligence","Communication, Writing & Social Intelligence",02-COMMUNICATION,Teaching & Explaining,Explanation,Visible-Learning,Intermediate,planned,md/02-Communication-Writing-and-Social-Intelligence/02-COMMUNICATION/Visible-Learning.md,nonfiction,summary,detailed,Foundation,,
0250,0250,P2,Teaching What You Don't Know,Therese Huston,2009,2012,2009,"02-Communication, Writing & Social Intelligence","Communication, Writing & Social Intelligence",02-COMMUNICATION,Teaching & Explaining,Explanation,Teaching-What-You-Dont-Know,Intermediate,planned,md/02-Communication-Writing-and-Social-Intelligence/02-COMMUNICATION/Teaching-What-You-Dont-Know.md,nonfiction,summary,detailed,Foundation,,
0251,0251,P1,The Pedagogy of the Oppressed,Paulo Freire,1968,2018,1968,"02-Communication, Writing & Social Intelligence","Communication, Writing & Social Intelligence",02-COMMUNICATION,Teaching & Explaining,Teaching Others,Pedagogy-of-the-Oppressed,Intermediate,planned,md/02-Communication-Writing-and-Social-Intelligence/02-COMMUNICATION/Pedagogy-of-the-Oppressed.md,nonfiction,summary,detailed,Foundation,,
0252,0252,P1,Experience and Education,John Dewey,1938,1997,1938,"02-Communication, Writing & Social Intelligence","Communication, Writing & Social Intelligence",02-COMMUNICATION,Teaching & Explaining,Teaching Others,Experience-and-Education,Intermediate,planned,md/02-Communication-Writing-and-Social-Intelligence/02-COMMUNICATION/Experience-and-Education.md,nonfiction,summary,detailed,Foundation,,
0253,0253,P1,The End of Education: Redefining the Value of School,Neil Postman,1995,1996,1995,"02-Communication, Writing & Social Intelligence","Communication, Writing & Social Intelligence",02-COMMUNICATION,Teaching & Explaining,Teaching Others,The-End-of-Education,Intermediate,planned,md/02-Communication-Writing-and-Social-Intelligence/02-COMMUNICATION/The-End-of-Education.md,nonfiction,summary,detailed,Foundation,,
0254,0254,P2,The One World Schoolhouse: Education Reimagined,Salman Khan,2012,2013,2012,"02-Communication, Writing & Social Intelligence","Communication, Writing & Social Intelligence",02-COMMUNICATION,Teaching & Explaining,Teaching Others,The-One-World-Schoolhouse,Intermediate,planned,md/02-Communication-Writing-and-Social-Intelligence/02-COMMUNICATION/The-One-World-Schoolhouse.md,nonfiction,summary,detailed,Foundation,,
0255,0255,P2,Make Just One Change: Teach Students to Ask Their Own Questions,Dan Rothstein; Luz Santana,2011,2011,2011,"02-Communication, Writing & Social Intelligence","Communication, Writing & Social Intelligence",02-COMMUNICATION,Teaching & Explaining,Teaching Others,Make-Just-One-Change,Intermediate,planned,md/02-Communication-Writing-and-Social-Intelligence/02-COMMUNICATION/Make-Just-One-Change.md,nonfiction,summary,detailed,Foundation,,
0256,0256,P0,The Speed of Trust: The One Thing That Changes Everything,Stephen M.R. Covey; Rebecca R. Merrill,2006,2020,2006,"02-Communication, Writing & Social Intelligence","Communication, Writing & Social Intelligence",03-SOCIAL-INTELLIGENCE,Relationships,Building Trust,The-Speed-of-Trust,Intermediate,planned,md/02-Communication-Writing-and-Social-Intelligence/03-SOCIAL-INTELLIGENCE/The-Speed-of-Trust.md,nonfiction,summary,detailed,Foundation,,
0257,0257,P2,The Thin Book of Trust: An Essential Primer for Building Trust at Work,Charles Feltman,2008,2021,2008,"02-Communication, Writing & Social Intelligence","Communication, Writing & Social Intelligence",03-SOCIAL-INTELLIGENCE,Relationships,Building Trust,The-Thin-Book-of-Trust,Intermediate,planned,md/02-Communication-Writing-and-Social-Intelligence/03-SOCIAL-INTELLIGENCE/The-Thin-Book-of-Trust.md,nonfiction,summary,detailed,Foundation,,
0258,0258,P2,Trust and Betrayal in the Workplace,Dennis S. Reina; Michelle L. Reina,2006,2015,2006,"02-Communication, Writing & Social Intelligence","Communication, Writing & Social Intelligence",03-SOCIAL-INTELLIGENCE,Relationships,Building Trust,Trust-and-Betrayal-in-the-Workplace,Intermediate,planned,md/02-Communication-Writing-and-Social-Intelligence/03-SOCIAL-INTELLIGENCE/Trust-and-Betrayal-in-the-Workplace.md,nonfiction,summary,detailed,Foundation,,
0259,0259,P1,The Trusted Advisor,David H. Maister; Charles H. Green; Robert M. Galford,2000,2021,2000,"02-Communication, Writing & Social Intelligence","Communication, Writing & Social Intelligence",03-SOCIAL-INTELLIGENCE,Relationships,Building Trust,The-Trusted-Advisor,Intermediate,planned,md/02-Communication-Writing-and-Social-Intelligence/03-SOCIAL-INTELLIGENCE/The-Trusted-Advisor.md,nonfiction,summary,detailed,Foundation,,
0260,0260,P2,"Building Trust: In Business, Politics, Relationships, and Life",Robert C. Solomon; Fernando Flores,2001,2003,2001,"02-Communication, Writing & Social Intelligence","Communication, Writing & Social Intelligence",03-SOCIAL-INTELLIGENCE,Relationships,Building Trust,Building-Trust-Solomon,Intermediate,planned,md/02-Communication-Writing-and-Social-Intelligence/03-SOCIAL-INTELLIGENCE/Building-Trust-Solomon.md,nonfiction,summary,detailed,Foundation,,
0261,0261,P0,How to Win Friends and Influence People,Dale Carnegie,1936,2022,1936,"02-Communication, Writing & Social Intelligence","Communication, Writing & Social Intelligence",03-SOCIAL-INTELLIGENCE,Relationships,Social Connection,How-to-Win-Friends-and-Influence-People,Intermediate,planned,md/02-Communication-Writing-and-Social-Intelligence/03-SOCIAL-INTELLIGENCE/How-to-Win-Friends-and-Influence-People.md,nonfiction,summary,detailed,Foundation,,
0262,0262,P1,"Never Eat Alone: And Other Secrets to Success, One Relationship at a Time",Keith Ferrazzi; Tahl Raz,2005,2014,2005,"02-Communication, Writing & Social Intelligence","Communication, Writing & Social Intelligence",03-SOCIAL-INTELLIGENCE,Relationships,Social Connection,Never-Eat-Alone,Intermediate,planned,md/02-Communication-Writing-and-Social-Intelligence/03-SOCIAL-INTELLIGENCE/Never-Eat-Alone.md,nonfiction,summary,detailed,Foundation,,
0263,0263,P1,Captivate: The Science of Succeeding with People,Vanessa Van Edwards,2017,2017,2017,"02-Communication, Writing & Social Intelligence","Communication, Writing & Social Intelligence",03-SOCIAL-INTELLIGENCE,Relationships,Social Connection,Captivate,Intermediate,planned,md/02-Communication-Writing-and-Social-Intelligence/03-SOCIAL-INTELLIGENCE/Captivate.md,nonfiction,summary,detailed,Foundation,,
0264,0264,P1,"The Like Switch: An Ex-FBI Agent's Guide to Influencing, Attracting, and Winning People Over",Jack Schafer; Marvin Karlins,2015,2015,2015,"02-Communication, Writing & Social Intelligence","Communication, Writing & Social Intelligence",03-SOCIAL-INTELLIGENCE,Relationships,Social Connection,The-Like-Switch,Intermediate,planned,md/02-Communication-Writing-and-Social-Intelligence/03-SOCIAL-INTELLIGENCE/The-Like-Switch.md,nonfiction,summary,detailed,Foundation,,
0265,0265,P2,"Friendship: The Evolution, Biology, and Extraordinary Power of Life's Fundamental Bond",Lydia Denworth,2020,2021,2020,"02-Communication, Writing & Social Intelligence","Communication, Writing & Social Intelligence",03-SOCIAL-INTELLIGENCE,Relationships,Social Connection,Friendship-Denworth,Intermediate,planned,md/02-Communication-Writing-and-Social-Intelligence/03-SOCIAL-INTELLIGENCE/Friendship-Denworth.md,nonfiction,summary,detailed,Foundation,,
0266,0266,P0,Emotional Intelligence: Why It Can Matter More Than IQ,Daniel Goleman,1995,2020,1995,"02-Communication, Writing & Social Intelligence","Communication, Writing & Social Intelligence",03-SOCIAL-INTELLIGENCE,Emotional Intelligence,Self-Awareness,Emotional-Intelligence,Intermediate,planned,md/02-Communication-Writing-and-Social-Intelligence/03-SOCIAL-INTELLIGENCE/Emotional-Intelligence.md,nonfiction,summary,detailed,Foundation,,
0267,0267,P1,"Insight: The Surprising Truth About How Others See Us, How We See Ourselves, and Why the Answers Matter More Than We Think",Tasha Eurich,2017,2018,2017,"02-Communication, Writing & Social Intelligence","Communication, Writing & Social Intelligence",03-SOCIAL-INTELLIGENCE,Emotional Intelligence,Self-Awareness,Insight-Eurich,Intermediate,planned,md/02-Communication-Writing-and-Social-Intelligence/03-SOCIAL-INTELLIGENCE/Insight-Eurich.md,nonfiction,summary,detailed,Foundation,,
0268,0268,P1,Emotional Intelligence 2.0,Travis Bradberry; Jean Greaves,2009,2009,2009,"02-Communication, Writing & Social Intelligence","Communication, Writing & Social Intelligence",03-SOCIAL-INTELLIGENCE,Emotional Intelligence,Self-Awareness,Emotional-Intelligence-2-0,Intermediate,planned,md/02-Communication-Writing-and-Social-Intelligence/03-SOCIAL-INTELLIGENCE/Emotional-Intelligence-2-0.md,nonfiction,summary,detailed,Foundation,,
0269,0269,P2,Self-Awareness (HBR Emotional Intelligence Series),Harvard Business Review,2018,2018,2018,"02-Communication, Writing & Social Intelligence","Communication, Writing & Social Intelligence",03-SOCIAL-INTELLIGENCE,Emotional Intelligence,Self-Awareness,Self-Awareness-HBR,Intermediate,planned,md/02-Communication-Writing-and-Social-Intelligence/03-SOCIAL-INTELLIGENCE/Self-Awareness-HBR.md,nonfiction,summary,detailed,Foundation,,
0270,0270,P1,"Permission to Feel: Unlocking the Power of Emotions to Help Our Kids, Ourselves, and Our Society Thrive",Marc Brackett,2019,2020,2019,"02-Communication, Writing & Social Intelligence","Communication, Writing & Social Intelligence",03-SOCIAL-INTELLIGENCE,Emotional Intelligence,Self-Awareness,Permission-to-Feel,Intermediate,planned,md/02-Communication-Writing-and-Social-Intelligence/03-SOCIAL-INTELLIGENCE/Permission-to-Feel.md,nonfiction,summary,detailed,Foundation,,
0271,0271,P0,Social Intelligence: The New Science of Human Relationships,Daniel Goleman,2006,2007,2006,"02-Communication, Writing & Social Intelligence","Communication, Writing & Social Intelligence",03-SOCIAL-INTELLIGENCE,Emotional Intelligence,Empathy,Social-Intelligence-Goleman,Intermediate,planned,md/02-Communication-Writing-and-Social-Intelligence/03-SOCIAL-INTELLIGENCE/Social-Intelligence-Goleman.md,nonfiction,summary,detailed,Foundation,,
0272,0272,P1,The War for Kindness: Building Empathy in a Fractured World,Jamil Zaki,2019,2020,2019,"02-Communication, Writing & Social Intelligence","Communication, Writing & Social Intelligence",03-SOCIAL-INTELLIGENCE,Emotional Intelligence,Empathy,The-War-for-Kindness,Intermediate,planned,md/02-Communication-Writing-and-Social-Intelligence/03-SOCIAL-INTELLIGENCE/The-War-for-Kindness.md,nonfiction,summary,detailed,Foundation,,
0273,0273,P0,Against Empathy: The Case for Rational Compassion,Paul Bloom,2016,2017,2016,"02-Communication, Writing & Social Intelligence","Communication, Writing & Social Intelligence",03-SOCIAL-INTELLIGENCE,Emotional Intelligence,Empathy,Against-Empathy,Intermediate,planned,md/02-Communication-Writing-and-Social-Intelligence/03-SOCIAL-INTELLIGENCE/Against-Empathy.md,nonfiction,summary,detailed,Foundation,,
0274,0274,P2,"Empathy: Why It Matters, and How to Get It",Roman Krznaric,2014,2015,2014,"02-Communication, Writing & Social Intelligence","Communication, Writing & Social Intelligence",03-SOCIAL-INTELLIGENCE,Emotional Intelligence,Empathy,Empathy-Krznaric,Intermediate,planned,md/02-Communication-Writing-and-Social-Intelligence/03-SOCIAL-INTELLIGENCE/Empathy-Krznaric.md,nonfiction,summary,detailed,Foundation,,
0275,0275,P1,The Age of Empathy: Nature's Lessons for a Kinder Society,Frans de Waal,2009,2010,2009,"02-Communication, Writing & Social Intelligence","Communication, Writing & Social Intelligence",03-SOCIAL-INTELLIGENCE,Emotional Intelligence,Empathy,The-Age-of-Empathy,Intermediate,planned,md/02-Communication-Writing-and-Social-Intelligence/03-SOCIAL-INTELLIGENCE/The-Age-of-Empathy.md,nonfiction,summary,detailed,Foundation,,
0276,0276,P0,The Anatomy of Peace: Resolving the Heart of Conflict,The Arbinger Institute,2006,2022,2006,"02-Communication, Writing & Social Intelligence","Communication, Writing & Social Intelligence",03-SOCIAL-INTELLIGENCE,Conflict,Conflict Resolution,The-Anatomy-of-Peace,Intermediate,planned,md/02-Communication-Writing-and-Social-Intelligence/03-SOCIAL-INTELLIGENCE/The-Anatomy-of-Peace.md,nonfiction,summary,detailed,Foundation,,
0277,0277,P0,High Conflict: Why We Get Trapped and How We Get Out,Amanda Ripley,2021,2022,2021,"02-Communication, Writing & Social Intelligence","Communication, Writing & Social Intelligence",03-SOCIAL-INTELLIGENCE,Conflict,Conflict Resolution,High-Conflict,Intermediate,planned,md/02-Communication-Writing-and-Social-Intelligence/03-SOCIAL-INTELLIGENCE/High-Conflict.md,nonfiction,summary,detailed,Foundation,,
0278,0278,P2,"The Joy of Conflict Resolution: Transforming Victims, Villains and Heroes in the Workplace and at Home",Gary Harper,2004,2004,2004,"02-Communication, Writing & Social Intelligence","Communication, Writing & Social Intelligence",03-SOCIAL-INTELLIGENCE,Conflict,Conflict Resolution,The-Joy-of-Conflict-Resolution,Intermediate,planned,md/02-Communication-Writing-and-Social-Intelligence/03-SOCIAL-INTELLIGENCE/The-Joy-of-Conflict-Resolution.md,nonfiction,summary,detailed,Foundation,,
0279,0279,P2,Conflict Management: A Practical Guide to Developing Negotiation Strategies,Barbara A. Budjac Corvette,2006,2014,2006,"02-Communication, Writing & Social Intelligence","Communication, Writing & Social Intelligence",03-SOCIAL-INTELLIGENCE,Conflict,Conflict Resolution,Conflict-Management-Corvette,Intermediate,planned,md/02-Communication-Writing-and-Social-Intelligence/03-SOCIAL-INTELLIGENCE/Conflict-Management-Corvette.md,nonfiction,summary,detailed,Foundation,,
0280,0280,P2,Everything Is Workable: A Mindful Guide to Conflict Resolution,Diane Musho Hamilton,2013,2013,2013,"02-Communication, Writing & Social Intelligence","Communication, Writing & Social Intelligence",03-SOCIAL-INTELLIGENCE,Conflict,Conflict Resolution,Everything-Is-Workable,Intermediate,planned,md/02-Communication-Writing-and-Social-Intelligence/03-SOCIAL-INTELLIGENCE/Everything-Is-Workable.md,nonfiction,summary,detailed,Foundation,,
0281,0281,P1,Dealing with People You Can't Stand: How to Bring Out the Best in People at Their Worst,Rick Brinkman; Rick Kirschner,1994,2012,1994,"02-Communication, Writing & Social Intelligence","Communication, Writing & Social Intelligence",03-SOCIAL-INTELLIGENCE,Conflict,Difficult People,Dealing-with-People-You-Cant-Stand,Intermediate,planned,md/02-Communication-Writing-and-Social-Intelligence/03-SOCIAL-INTELLIGENCE/Dealing-with-People-You-Cant-Stand.md,nonfiction,summary,detailed,Foundation,,
0282,0282,P1,The No Asshole Rule: Building a Civilized Workplace and Surviving One That Isn't,Robert I. Sutton,2007,2010,2007,"02-Communication, Writing & Social Intelligence","Communication, Writing & Social Intelligence",03-SOCIAL-INTELLIGENCE,Conflict,Difficult People,The-No-Asshole-Rule,Intermediate,planned,md/02-Communication-Writing-and-Social-Intelligence/03-SOCIAL-INTELLIGENCE/The-No-Asshole-Rule.md,nonfiction,summary,detailed,Foundation,,
0283,0283,P1,The Asshole Survival Guide: How to Deal with People Who Treat You Like Dirt,Robert I. Sutton,2017,2018,2017,"02-Communication, Writing & Social Intelligence","Communication, Writing & Social Intelligence",03-SOCIAL-INTELLIGENCE,Conflict,Difficult People,The-Asshole-Survival-Guide,Intermediate,planned,md/02-Communication-Writing-and-Social-Intelligence/03-SOCIAL-INTELLIGENCE/The-Asshole-Survival-Guide.md,nonfiction,summary,detailed,Foundation,,
0284,0284,P2,Surrounded by Idiots: The Four Types of Human Behavior and How to Effectively Communicate with Each in Business (and in Life),Thomas Erikson,2014,2019,2014,"02-Communication, Writing & Social Intelligence","Communication, Writing & Social Intelligence",03-SOCIAL-INTELLIGENCE,Conflict,Difficult People,Surrounded-by-Idiots,Intermediate,planned,md/02-Communication-Writing-and-Social-Intelligence/03-SOCIAL-INTELLIGENCE/Surrounded-by-Idiots.md,nonfiction,summary,detailed,Foundation,,
0285,0285,P1,Jerks at Work: Toxic Coworkers and What to Do About Them,Tessa West,2022,2022,2022,"02-Communication, Writing & Social Intelligence","Communication, Writing & Social Intelligence",03-SOCIAL-INTELLIGENCE,Conflict,Difficult People,Jerks-at-Work,Intermediate,planned,md/02-Communication-Writing-and-Social-Intelligence/03-SOCIAL-INTELLIGENCE/Jerks-at-Work.md,nonfiction,summary,detailed,Foundation,,
0286,0286,P0,Getting to Yes: Negotiating Agreement Without Giving In,Roger Fisher; William Ury; Bruce Patton,1981,2011,1981,"02-Communication, Writing & Social Intelligence","Communication, Writing & Social Intelligence",04-NEGOTIATION-INFLUENCE,Negotiation,Principled Negotiation,Getting-to-Yes,Intermediate,planned,md/02-Communication-Writing-and-Social-Intelligence/04-NEGOTIATION-INFLUENCE/Getting-to-Yes.md,nonfiction,summary,detailed,Foundation,,
0287,0287,P1,Getting Past No: Negotiating in Difficult Situations,William Ury,1991,2007,1991,"02-Communication, Writing & Social Intelligence","Communication, Writing & Social Intelligence",04-NEGOTIATION-INFLUENCE,Negotiation,Principled Negotiation,Getting-Past-No,Intermediate,planned,md/02-Communication-Writing-and-Social-Intelligence/04-NEGOTIATION-INFLUENCE/Getting-Past-No.md,nonfiction,summary,detailed,Foundation,,
0288,0288,P1,The Power of a Positive No: How to Say No and Still Get to Yes,William Ury,2007,2007,2007,"02-Communication, Writing & Social Intelligence","Communication, Writing & Social Intelligence",04-NEGOTIATION-INFLUENCE,Negotiation,Principled Negotiation,The-Power-of-a-Positive-No,Intermediate,planned,md/02-Communication-Writing-and-Social-Intelligence/04-NEGOTIATION-INFLUENCE/The-Power-of-a-Positive-No.md,nonfiction,summary,detailed,Foundation,,
0289,0289,P1,Beyond Reason: Using Emotions as You Negotiate,Roger Fisher; Daniel Shapiro,2005,2006,2005,"02-Communication, Writing & Social Intelligence","Communication, Writing & Social Intelligence",04-NEGOTIATION-INFLUENCE,Negotiation,Principled Negotiation,Beyond-Reason,Intermediate,planned,md/02-Communication-Writing-and-Social-Intelligence/04-NEGOTIATION-INFLUENCE/Beyond-Reason.md,nonfiction,summary,detailed,Foundation,,
0290,0290,P2,Negotiating the Nonnegotiable: How to Resolve Your Most Emotionally Charged Conflicts,Daniel Shapiro,2016,2017,2016,"02-Communication, Writing & Social Intelligence","Communication, Writing & Social Intelligence",04-NEGOTIATION-INFLUENCE,Negotiation,Principled Negotiation,Negotiating-the-Nonnegotiable,Intermediate,planned,md/02-Communication-Writing-and-Social-Intelligence/04-NEGOTIATION-INFLUENCE/Negotiating-the-Nonnegotiable.md,nonfiction,summary,detailed,Foundation,,
0291,0291,P0,Bargaining for Advantage: Negotiation Strategies for Reasonable People,G. Richard Shell,1999,2019,1999,"02-Communication, Writing & Social Intelligence","Communication, Writing & Social Intelligence",04-NEGOTIATION-INFLUENCE,Negotiation,Business Negotiation,Bargaining-for-Advantage,Intermediate,planned,md/02-Communication-Writing-and-Social-Intelligence/04-NEGOTIATION-INFLUENCE/Bargaining-for-Advantage.md,nonfiction,summary,detailed,Foundation,,
0292,0292,P0,Negotiation Genius: How to Overcome Obstacles and Achieve Brilliant Results at the Bargaining Table and Beyond,Deepak Malhotra; Max H. Bazerman,2007,2008,2007,"02-Communication, Writing & Social Intelligence","Communication, Writing & Social Intelligence",04-NEGOTIATION-INFLUENCE,Negotiation,Business Negotiation,Negotiation-Genius,Intermediate,planned,md/02-Communication-Writing-and-Social-Intelligence/04-NEGOTIATION-INFLUENCE/Negotiation-Genius.md,nonfiction,summary,detailed,Foundation,,
0293,0293,P1,The Art of Negotiation: How to Improvise Agreement in a Chaotic World,Michael Wheeler,2013,2013,2013,"02-Communication, Writing & Social Intelligence","Communication, Writing & Social Intelligence",04-NEGOTIATION-INFLUENCE,Negotiation,Business Negotiation,The-Art-of-Negotiation,Intermediate,planned,md/02-Communication-Writing-and-Social-Intelligence/04-NEGOTIATION-INFLUENCE/The-Art-of-Negotiation.md,nonfiction,summary,detailed,Foundation,,
0294,0294,P1,3-D Negotiation: Powerful Tools to Change the Game in Your Most Important Deals,David A. Lax; James K. Sebenius,2006,2006,2006,"02-Communication, Writing & Social Intelligence","Communication, Writing & Social Intelligence",04-NEGOTIATION-INFLUENCE,Negotiation,Business Negotiation,3-D-Negotiation,Intermediate,planned,md/02-Communication-Writing-and-Social-Intelligence/04-NEGOTIATION-INFLUENCE/3-D-Negotiation.md,nonfiction,summary,detailed,Foundation,,
0295,0295,P2,Start with NO... The Negotiating Tools That the Pros Don't Want You to Know,Jim Camp,2002,2002,2002,"02-Communication, Writing & Social Intelligence","Communication, Writing & Social Intelligence",04-NEGOTIATION-INFLUENCE,Negotiation,Business Negotiation,Start-with-NO,Intermediate,planned,md/02-Communication-Writing-and-Social-Intelligence/04-NEGOTIATION-INFLUENCE/Start-with-NO.md,nonfiction,summary,detailed,Foundation,,
0296,0296,P0,Never Split the Difference: Negotiating As If Your Life Depended On It,Chris Voss; Tahl Raz,2016,2016,2016,"02-Communication, Writing & Social Intelligence","Communication, Writing & Social Intelligence",04-NEGOTIATION-INFLUENCE,Negotiation,High-Stakes Negotiation,Never-Split-the-Difference,Intermediate,planned,md/02-Communication-Writing-and-Social-Intelligence/04-NEGOTIATION-INFLUENCE/Never-Split-the-Difference.md,nonfiction,summary,detailed,Foundation,,
0297,0297,P1,Stalling for Time: My Life as an FBI Hostage Negotiator,Gary Noesner,2010,2018,2010,"02-Communication, Writing & Social Intelligence","Communication, Writing & Social Intelligence",04-NEGOTIATION-INFLUENCE,Negotiation,High-Stakes Negotiation,Stalling-for-Time,Intermediate,planned,md/02-Communication-Writing-and-Social-Intelligence/04-NEGOTIATION-INFLUENCE/Stalling-for-Time.md,nonfiction,summary,detailed,Foundation,,
0298,0298,P1,"Hostage at the Table: How Leaders Can Overcome Conflict, Influence Others, and Raise Performance",George Kohlrieser,2006,2011,2006,"02-Communication, Writing & Social Intelligence","Communication, Writing & Social Intelligence",04-NEGOTIATION-INFLUENCE,Negotiation,High-Stakes Negotiation,Hostage-at-the-Table,Intermediate,planned,md/02-Communication-Writing-and-Social-Intelligence/04-NEGOTIATION-INFLUENCE/Hostage-at-the-Table.md,nonfiction,summary,detailed,Foundation,,
0299,0299,P2,Care to Dare: Unleashing Astonishing Potential Through Secure Base Leadership,George Kohlrieser; Susan Goldsworthy; Duncan Coombe,2012,2012,2012,"02-Communication, Writing & Social Intelligence","Communication, Writing & Social Intelligence",04-NEGOTIATION-INFLUENCE,Negotiation,High-Stakes Negotiation,Care-to-Dare,Intermediate,planned,md/02-Communication-Writing-and-Social-Intelligence/04-NEGOTIATION-INFLUENCE/Care-to-Dare.md,nonfiction,summary,detailed,Foundation,,
0300,0300,P1,Negotiating with the Devil: When to Resolve and When to Fight,Robert Mnookin,2010,2011,2010,"02-Communication, Writing & Social Intelligence","Communication, Writing & Social Intelligence",04-NEGOTIATION-INFLUENCE,Negotiation,High-Stakes Negotiation,Negotiating-with-the-Devil,Intermediate,planned,md/02-Communication-Writing-and-Social-Intelligence/04-NEGOTIATION-INFLUENCE/Negotiating-with-the-Devil.md,nonfiction,summary,detailed,Foundation,,
0301,0301,P0,Influence: The Psychology of Persuasion,Robert B. Cialdini,1984,2021,1984,"02-Communication, Writing & Social Intelligence","Communication, Writing & Social Intelligence",04-NEGOTIATION-INFLUENCE,Influence,Persuasion,Influence-Cialdini,Intermediate,planned,md/02-Communication-Writing-and-Social-Intelligence/04-NEGOTIATION-INFLUENCE/Influence-Cialdini.md,nonfiction,summary,detailed,Foundation,,
0302,0302,P0,Pre-Suasion: A Revolutionary Way to Influence and Persuade,Robert B. Cialdini,2016,2018,2016,"02-Communication, Writing & Social Intelligence","Communication, Writing & Social Intelligence",04-NEGOTIATION-INFLUENCE,Influence,Persuasion,Pre-Suasion,Intermediate,planned,md/02-Communication-Writing-and-Social-Intelligence/04-NEGOTIATION-INFLUENCE/Pre-Suasion.md,nonfiction,summary,detailed,Foundation,,
0303,0303,P0,To Sell Is Human: The Surprising Truth About Moving Others,Daniel H. Pink,2012,2013,2012,"02-Communication, Writing & Social Intelligence","Communication, Writing & Social Intelligence",04-NEGOTIATION-INFLUENCE,Influence,Persuasion,To-Sell-Is-Human,Intermediate,planned,md/02-Communication-Writing-and-Social-Intelligence/04-NEGOTIATION-INFLUENCE/To-Sell-Is-Human.md,nonfiction,summary,detailed,Foundation,,
0304,0304,P1,Yes!: 50 Scientifically Proven Ways to Be Persuasive,Noah J. Goldstein; Steve J. Martin; Robert B. Cialdini,2008,2009,2008,"02-Communication, Writing & Social Intelligence","Communication, Writing & Social Intelligence",04-NEGOTIATION-INFLUENCE,Influence,Persuasion,Yes-50-Proven-Ways,Intermediate,planned,md/02-Communication-Writing-and-Social-Intelligence/04-NEGOTIATION-INFLUENCE/Yes-50-Proven-Ways.md,nonfiction,summary,detailed,Foundation,,
0305,0305,P3,The Soul of Influence: How to Create Deep Connection and Lasting Impact,Ken Druck,2000,2000,2000,"02-Communication, Writing & Social Intelligence","Communication, Writing & Social Intelligence",04-NEGOTIATION-INFLUENCE,Influence,Persuasion,The-Soul-of-Influence,Intermediate,planned,md/02-Communication-Writing-and-Social-Intelligence/04-NEGOTIATION-INFLUENCE/The-Soul-of-Influence.md,nonfiction,summary,detailed,Foundation,,
0306,0306,P0,Invisible Influence: The Hidden Forces that Shape Behavior,Jonah Berger,2016,2017,2016,"02-Communication, Writing & Social Intelligence","Communication, Writing & Social Intelligence",04-NEGOTIATION-INFLUENCE,Influence,Social Influence,Invisible-Influence,Intermediate,planned,md/02-Communication-Writing-and-Social-Intelligence/04-NEGOTIATION-INFLUENCE/Invisible-Influence.md,nonfiction,summary,detailed,Foundation,,
0307,0307,P0,Contagious: Why Things Catch On,Jonah Berger,2013,2016,2013,"02-Communication, Writing & Social Intelligence","Communication, Writing & Social Intelligence",04-NEGOTIATION-INFLUENCE,Influence,Social Influence,Contagious,Intermediate,planned,md/02-Communication-Writing-and-Social-Intelligence/04-NEGOTIATION-INFLUENCE/Contagious.md,nonfiction,summary,detailed,Foundation,,
0308,0308,P0,The Tipping Point: How Little Things Can Make a Big Difference,Malcolm Gladwell,2000,2021,2000,"02-Communication, Writing & Social Intelligence","Communication, Writing & Social Intelligence",04-NEGOTIATION-INFLUENCE,Influence,Social Influence,The-Tipping-Point,Intermediate,planned,md/02-Communication-Writing-and-Social-Intelligence/04-NEGOTIATION-INFLUENCE/The-Tipping-Point.md,nonfiction,summary,detailed,Foundation,,
0309,0309,P1,The Catalyst: How to Change Anyone's Mind,Jonah Berger,2020,2020,2020,"02-Communication, Writing & Social Intelligence","Communication, Writing & Social Intelligence",04-NEGOTIATION-INFLUENCE,Influence,Social Influence,The-Catalyst,Intermediate,planned,md/02-Communication-Writing-and-Social-Intelligence/04-NEGOTIATION-INFLUENCE/The-Catalyst.md,nonfiction,summary,detailed,Foundation,,
0310,0310,P1,"Influence Is Your Superpower: The Science of Winning Hearts, Sparking Change, and Making Good Things Happen",Zoe Chance,2022,2022,2022,"02-Communication, Writing & Social Intelligence","Communication, Writing & Social Intelligence",04-NEGOTIATION-INFLUENCE,Influence,Social Influence,Influence-Is-Your-Superpower,Intermediate,planned,md/02-Communication-Writing-and-Social-Intelligence/04-NEGOTIATION-INFLUENCE/Influence-Is-Your-Superpower.md,nonfiction,summary,detailed,Foundation,,
0311,0311,P0,Judgment Under Uncertainty: Heuristics and Biases,Daniel Kahneman; Paul Slovic; Amos Tversky,1982,1982,1982,03-Psychology & Human Behavior,Psychology & Human Behavior,01-COGNITIVE-PSYCHOLOGY,Thinking,Judgment,Judgment-Under-Uncertainty,Intermediate,planned,md/03-Psychology-and-Human-Behavior/01-COGNITIVE-PSYCHOLOGY/Judgment-Under-Uncertainty.md,nonfiction,summary,detailed,Foundation,,
0312,0312,P1,"Choices, Values, and Frames",Daniel Kahneman; Amos Tversky,2000,2000,2000,03-Psychology & Human Behavior,Psychology & Human Behavior,01-COGNITIVE-PSYCHOLOGY,Thinking,Judgment,Choices-Values-and-Frames,Intermediate,planned,md/03-Psychology-and-Human-Behavior/01-COGNITIVE-PSYCHOLOGY/Choices-Values-and-Frames.md,nonfiction,summary,detailed,Foundation,,
0313,0313,P0,Simple Heuristics That Make Us Smart,Gerd Gigerenzer; Peter M. Todd,1999,2000,1999,03-Psychology & Human Behavior,Psychology & Human Behavior,01-COGNITIVE-PSYCHOLOGY,Thinking,Judgment,Simple-Heuristics-That-Make-Us-Smart,Intermediate,planned,md/03-Psychology-and-Human-Behavior/01-COGNITIVE-PSYCHOLOGY/Simple-Heuristics-That-Make-Us-Smart.md,nonfiction,summary,detailed,Foundation,,
0314,0314,P1,Gut Feelings: The Intelligence of the Unconscious,Gerd Gigerenzer,2007,2008,2007,03-Psychology & Human Behavior,Psychology & Human Behavior,01-COGNITIVE-PSYCHOLOGY,Thinking,Judgment,Gut-Feelings,Intermediate,planned,md/03-Psychology-and-Human-Behavior/01-COGNITIVE-PSYCHOLOGY/Gut-Feelings.md,nonfiction,summary,detailed,Foundation,,
0315,0315,P1,Blink: The Power of Thinking Without Thinking,Malcolm Gladwell,2005,2007,2005,03-Psychology & Human Behavior,Psychology & Human Behavior,01-COGNITIVE-PSYCHOLOGY,Thinking,Judgment,Blink-Gladwell,Intermediate,planned,md/03-Psychology-and-Human-Behavior/01-COGNITIVE-PSYCHOLOGY/Blink-Gladwell.md,nonfiction,summary,detailed,Foundation,,
0316,0316,P2,The Psychology of Proof: Deductive Reasoning in Human Thinking,Lance J. Rips,1994,1994,1994,03-Psychology & Human Behavior,Psychology & Human Behavior,01-COGNITIVE-PSYCHOLOGY,Thinking,Reasoning,The-Psychology-of-Proof,Intermediate,planned,md/03-Psychology-and-Human-Behavior/01-COGNITIVE-PSYCHOLOGY/The-Psychology-of-Proof.md,nonfiction,summary,detailed,Foundation,,
0317,0317,P1,How We Reason,Philip N. Johnson-Laird,2006,2008,2006,03-Psychology & Human Behavior,Psychology & Human Behavior,01-COGNITIVE-PSYCHOLOGY,Thinking,Reasoning,How-We-Reason,Intermediate,planned,md/03-Psychology-and-Human-Behavior/01-COGNITIVE-PSYCHOLOGY/How-We-Reason.md,nonfiction,summary,detailed,Foundation,,
0318,0318,P1,"Mental Models: Towards a Cognitive Science of Language, Inference, and Consciousness",Philip N. Johnson-Laird,1983,1983,1983,03-Psychology & Human Behavior,Psychology & Human Behavior,01-COGNITIVE-PSYCHOLOGY,Thinking,Reasoning,Mental-Models-Johnson-Laird,Intermediate,planned,md/03-Psychology-and-Human-Behavior/01-COGNITIVE-PSYCHOLOGY/Mental-Models-Johnson-Laird.md,nonfiction,summary,detailed,Foundation,,
0319,0319,P1,The Knowledge Illusion: Why We Never Think Alone,Steven Sloman; Philip Fernbach,2017,2018,2017,03-Psychology & Human Behavior,Psychology & Human Behavior,01-COGNITIVE-PSYCHOLOGY,Thinking,Reasoning,The-Knowledge-Illusion,Intermediate,planned,md/03-Psychology-and-Human-Behavior/01-COGNITIVE-PSYCHOLOGY/The-Knowledge-Illusion.md,nonfiction,summary,detailed,Foundation,,
0320,0320,P1,"May Contain Lies: How Stories, Statistics, and Studies Exploit Our Biases",Alex Edmans,2024,2024,2024,03-Psychology & Human Behavior,Psychology & Human Behavior,01-COGNITIVE-PSYCHOLOGY,Thinking,Reasoning,May-Contain-Lies,Intermediate,planned,md/03-Psychology-and-Human-Behavior/01-COGNITIVE-PSYCHOLOGY/May-Contain-Lies.md,nonfiction,summary,detailed,Foundation,,
0321,0321,P0,How to Solve It: A New Aspect of Mathematical Method,George Pólya,1945,2014,1945,03-Psychology & Human Behavior,Psychology & Human Behavior,01-COGNITIVE-PSYCHOLOGY,Thinking,Problem Solving,How-to-Solve-It,Intermediate,planned,md/03-Psychology-and-Human-Behavior/01-COGNITIVE-PSYCHOLOGY/How-to-Solve-It.md,nonfiction,summary,detailed,Foundation,,
0322,0322,P1,Conceptual Blockbusting: A Guide to Better Ideas,James L. Adams,1974,2019,1974,03-Psychology & Human Behavior,Psychology & Human Behavior,01-COGNITIVE-PSYCHOLOGY,Thinking,Problem Solving,Conceptual-Blockbusting,Intermediate,planned,md/03-Psychology-and-Human-Behavior/01-COGNITIVE-PSYCHOLOGY/Conceptual-Blockbusting.md,nonfiction,summary,detailed,Foundation,,
0323,0323,P2,The Psychology of Problem Solving: Theory and Practice,Janet E. Davidson; Robert J. Sternberg,2003,2003,2003,03-Psychology & Human Behavior,Psychology & Human Behavior,01-COGNITIVE-PSYCHOLOGY,Thinking,Problem Solving,The-Psychology-of-Problem-Solving,Intermediate,planned,md/03-Psychology-and-Human-Behavior/01-COGNITIVE-PSYCHOLOGY/The-Psychology-of-Problem-Solving.md,nonfiction,summary,detailed,Foundation,,
0324,0324,P1,Subtract: The Untapped Science of Less,Leidy Klotz,2021,2022,2021,03-Psychology & Human Behavior,Psychology & Human Behavior,01-COGNITIVE-PSYCHOLOGY,Thinking,Problem Solving,Subtract-Klotz,Intermediate,planned,md/03-Psychology-and-Human-Behavior/01-COGNITIVE-PSYCHOLOGY/Subtract-Klotz.md,nonfiction,summary,detailed,Foundation,,
0325,0325,P1,Cracked It!: How to Solve Big Problems and Sell Solutions Like Top Strategy Consultants,Bernard Garrette; Corey Phelps; Olivier Sibony,2018,2018,2018,03-Psychology & Human Behavior,Psychology & Human Behavior,01-COGNITIVE-PSYCHOLOGY,Thinking,Problem Solving,Cracked-It,Intermediate,planned,md/03-Psychology-and-Human-Behavior/01-COGNITIVE-PSYCHOLOGY/Cracked-It.md,nonfiction,summary,detailed,Foundation,,
0326,0326,P0,The Seven Sins of Memory: How the Mind Forgets and Remembers,Daniel L. Schacter,2001,2021,2001,03-Psychology & Human Behavior,Psychology & Human Behavior,01-COGNITIVE-PSYCHOLOGY,Memory & Attention,Human Memory,The-Seven-Sins-of-Memory,Intermediate,planned,md/03-Psychology-and-Human-Behavior/01-COGNITIVE-PSYCHOLOGY/The-Seven-Sins-of-Memory.md,nonfiction,summary,detailed,Foundation,,
0327,0327,P1,"Searching for Memory: The Brain, the Mind, and the Past",Daniel L. Schacter,1996,1997,1996,03-Psychology & Human Behavior,Psychology & Human Behavior,01-COGNITIVE-PSYCHOLOGY,Memory & Attention,Human Memory,Searching-for-Memory,Intermediate,planned,md/03-Psychology-and-Human-Behavior/01-COGNITIVE-PSYCHOLOGY/Searching-for-Memory.md,nonfiction,summary,detailed,Foundation,,
0328,0328,P2,Memory: Foundations and Applications,Bennett L. Schwartz,2010,2020,2010,03-Psychology & Human Behavior,Psychology & Human Behavior,01-COGNITIVE-PSYCHOLOGY,Memory & Attention,Human Memory,Memory-Schwartz,Intermediate,planned,md/03-Psychology-and-Human-Behavior/01-COGNITIVE-PSYCHOLOGY/Memory-Schwartz.md,nonfiction,summary,detailed,Foundation,,
0329,0329,P1,"Working Memory, Thought, and Action",Alan Baddeley,2007,2011,2007,03-Psychology & Human Behavior,Psychology & Human Behavior,01-COGNITIVE-PSYCHOLOGY,Memory & Attention,Human Memory,Working-Memory-Baddeley,Intermediate,planned,md/03-Psychology-and-Human-Behavior/01-COGNITIVE-PSYCHOLOGY/Working-Memory-Baddeley.md,nonfiction,summary,detailed,Foundation,,
0330,0330,P3,The Memory Arts: A Practical Guide to Ancient Mnemotechnics,Sarah Craske,2018,2020,2018,03-Psychology & Human Behavior,Psychology & Human Behavior,01-COGNITIVE-PSYCHOLOGY,Memory & Attention,Human Memory,The-Memory-Arts,Intermediate,planned,md/03-Psychology-and-Human-Behavior/01-COGNITIVE-PSYCHOLOGY/The-Memory-Arts.md,nonfiction,summary,detailed,Foundation,,
0331,0331,P1,Attention and Effort,Daniel Kahneman,1973,1973,1973,03-Psychology & Human Behavior,Psychology & Human Behavior,01-COGNITIVE-PSYCHOLOGY,Memory & Attention,Attention,Attention-and-Effort,Intermediate,planned,md/03-Psychology-and-Human-Behavior/01-COGNITIVE-PSYCHOLOGY/Attention-and-Effort.md,nonfiction,summary,detailed,Foundation,,
0332,0332,P1,Focus: The Hidden Driver of Excellence,Daniel Goleman,2013,2015,2013,03-Psychology & Human Behavior,Psychology & Human Behavior,01-COGNITIVE-PSYCHOLOGY,Memory & Attention,Attention,Focus-Goleman,Intermediate,planned,md/03-Psychology-and-Human-Behavior/01-COGNITIVE-PSYCHOLOGY/Focus-Goleman.md,nonfiction,summary,detailed,Foundation,,
0333,0333,P2,The Attentive Brain,Raja Parasuraman,1998,2000,1998,03-Psychology & Human Behavior,Psychology & Human Behavior,01-COGNITIVE-PSYCHOLOGY,Memory & Attention,Attention,The-Attentive-Brain,Intermediate,planned,md/03-Psychology-and-Human-Behavior/01-COGNITIVE-PSYCHOLOGY/The-Attentive-Brain.md,nonfiction,summary,detailed,Foundation,,
0334,0334,P2,Attention: Theory and Practice,Addie Johnson; Robert W. Proctor,2004,2004,2004,03-Psychology & Human Behavior,Psychology & Human Behavior,01-COGNITIVE-PSYCHOLOGY,Memory & Attention,Attention,Attention-Johnson-Proctor,Intermediate,planned,md/03-Psychology-and-Human-Behavior/01-COGNITIVE-PSYCHOLOGY/Attention-Johnson-Proctor.md,nonfiction,summary,detailed,Foundation,,
0335,0335,P1,The World Beyond Your Head: On Becoming an Individual in an Age of Distraction,Matthew B. Crawford,2015,2016,2015,03-Psychology & Human Behavior,Psychology & Human Behavior,01-COGNITIVE-PSYCHOLOGY,Memory & Attention,Attention,The-World-Beyond-Your-Head,Intermediate,planned,md/03-Psychology-and-Human-Behavior/01-COGNITIVE-PSYCHOLOGY/The-World-Beyond-Your-Head.md,nonfiction,summary,detailed,Foundation,,
0336,0336,P0,Cognitive Load Theory,John Sweller; Paul Ayres; Slava Kalyuga,2011,2011,2011,03-Psychology & Human Behavior,Psychology & Human Behavior,01-COGNITIVE-PSYCHOLOGY,Memory & Attention,Cognitive Load,Cognitive-Load-Theory,Intermediate,planned,md/03-Psychology-and-Human-Behavior/01-COGNITIVE-PSYCHOLOGY/Cognitive-Load-Theory.md,nonfiction,summary,detailed,Foundation,,
0337,0337,P1,Efficiency in Learning: Evidence-Based Guidelines to Manage Cognitive Load,Ruth Colvin Clark; Frank Nguyen; John Sweller,2005,2006,2005,03-Psychology & Human Behavior,Psychology & Human Behavior,01-COGNITIVE-PSYCHOLOGY,Memory & Attention,Cognitive Load,Efficiency-in-Learning,Intermediate,planned,md/03-Psychology-and-Human-Behavior/01-COGNITIVE-PSYCHOLOGY/Efficiency-in-Learning.md,nonfiction,summary,detailed,Foundation,,
0338,0338,P0,The Extended Mind: The Power of Thinking Outside the Brain,Annie Murphy Paul,2021,2022,2021,03-Psychology & Human Behavior,Psychology & Human Behavior,01-COGNITIVE-PSYCHOLOGY,Memory & Attention,Cognitive Load,The-Extended-Mind,Intermediate,planned,md/03-Psychology-and-Human-Behavior/01-COGNITIVE-PSYCHOLOGY/The-Extended-Mind.md,nonfiction,summary,detailed,Foundation,,
0339,0339,P1,"Supersizing the Mind: Embodiment, Action, and Cognitive Extension",Andy Clark,2008,2010,2008,03-Psychology & Human Behavior,Psychology & Human Behavior,01-COGNITIVE-PSYCHOLOGY,Memory & Attention,Cognitive Load,Supersizing-the-Mind,Intermediate,planned,md/03-Psychology-and-Human-Behavior/01-COGNITIVE-PSYCHOLOGY/Supersizing-the-Mind.md,nonfiction,summary,detailed,Foundation,,
0340,0340,P1,Mind in Motion: How Action Shapes Thought,Barbara Tversky,2019,2020,2019,03-Psychology & Human Behavior,Psychology & Human Behavior,01-COGNITIVE-PSYCHOLOGY,Memory & Attention,Cognitive Load,Mind-in-Motion,Intermediate,planned,md/03-Psychology-and-Human-Behavior/01-COGNITIVE-PSYCHOLOGY/Mind-in-Motion.md,nonfiction,summary,detailed,Foundation,,
0341,0341,P0,The Case Against Reality: Why Evolution Hid the Truth from Our Eyes,Donald Hoffman,2019,2020,2019,03-Psychology & Human Behavior,Psychology & Human Behavior,01-COGNITIVE-PSYCHOLOGY,Perception & Consciousness,Perception,The-Case-Against-Reality,Intermediate,planned,md/03-Psychology-and-Human-Behavior/01-COGNITIVE-PSYCHOLOGY/The-Case-Against-Reality.md,nonfiction,summary,detailed,Foundation,,
0342,0342,P0,Being You: A New Science of Consciousness,Anil Seth,2021,2022,2021,03-Psychology & Human Behavior,Psychology & Human Behavior,01-COGNITIVE-PSYCHOLOGY,Perception & Consciousness,Perception,Being-You,Intermediate,planned,md/03-Psychology-and-Human-Behavior/01-COGNITIVE-PSYCHOLOGY/Being-You.md,nonfiction,summary,detailed,Foundation,,
0343,0343,P0,Phantoms in the Brain: Probing the Mysteries of the of the Human Mind,V.S. Ramachandran; Sandra Blakeslee,1998,1999,1998,03-Psychology & Human Behavior,Psychology & Human Behavior,01-COGNITIVE-PSYCHOLOGY,Perception & Consciousness,Perception,Phantoms-in-the-Brain,Intermediate,planned,md/03-Psychology-and-Human-Behavior/01-COGNITIVE-PSYCHOLOGY/Phantoms-in-the-Brain.md,nonfiction,summary,detailed,Foundation,,
0344,0344,P1,The Tell-Tale Brain: A Neuroscientist's Quest for What Makes Us Human,V.S. Ramachandran,2011,2012,2011,03-Psychology & Human Behavior,Psychology & Human Behavior,01-COGNITIVE-PSYCHOLOGY,Perception & Consciousness,Perception,The-Tell-Tale-Brain,Intermediate,planned,md/03-Psychology-and-Human-Behavior/01-COGNITIVE-PSYCHOLOGY/The-Tell-Tale-Brain.md,nonfiction,summary,detailed,Foundation,,
0345,0345,P0,The Man Who Mistook His Wife for a Hat and Other Clinical Tales,Oliver Sacks,1985,2021,1985,03-Psychology & Human Behavior,Psychology & Human Behavior,01-COGNITIVE-PSYCHOLOGY,Perception & Consciousness,Perception,The-Man-Who-Mistook-His-Wife-for-a-Hat,Intermediate,planned,md/03-Psychology-and-Human-Behavior/01-COGNITIVE-PSYCHOLOGY/The-Man-Who-Mistook-His-Wife-for-a-Hat.md,nonfiction,summary,detailed,Foundation,,
0346,0346,P0,Consciousness Explained,Daniel C. Dennett,1991,1992,1991,03-Psychology & Human Behavior,Psychology & Human Behavior,01-COGNITIVE-PSYCHOLOGY,Perception & Consciousness,Consciousness,Consciousness-Explained,Intermediate,planned,md/03-Psychology-and-Human-Behavior/01-COGNITIVE-PSYCHOLOGY/Consciousness-Explained.md,nonfiction,summary,detailed,Foundation,,
0347,0347,P0,The Conscious Mind: In Search of a Fundamental Theory,David J. Chalmers,1996,1997,1996,03-Psychology & Human Behavior,Psychology & Human Behavior,01-COGNITIVE-PSYCHOLOGY,Perception & Consciousness,Consciousness,The-Conscious-Mind,Intermediate,planned,md/03-Psychology-and-Human-Behavior/01-COGNITIVE-PSYCHOLOGY/The-Conscious-Mind.md,nonfiction,summary,detailed,Foundation,,
0348,0348,P1,Kinds of Minds: Toward an Understanding of Consciousness,Daniel C. Dennett,1996,1997,1996,03-Psychology & Human Behavior,Psychology & Human Behavior,01-COGNITIVE-PSYCHOLOGY,Perception & Consciousness,Consciousness,Kinds-of-Minds-Dennett,Intermediate,planned,md/03-Psychology-and-Human-Behavior/01-COGNITIVE-PSYCHOLOGY/Kinds-of-Minds-Dennett.md,nonfiction,summary,detailed,Foundation,,
0349,0349,P0,Consciousness and the Brain: Deciphering How the Brain Codes Our Thoughts,Stanislas Dehaene,2014,2014,2014,03-Psychology & Human Behavior,Psychology & Human Behavior,01-COGNITIVE-PSYCHOLOGY,Perception & Consciousness,Consciousness,Consciousness-and-the-Brain,Intermediate,planned,md/03-Psychology-and-Human-Behavior/01-COGNITIVE-PSYCHOLOGY/Consciousness-and-the-Brain.md,nonfiction,summary,detailed,Foundation,,
0350,0350,P1,The Feeling of What Happens: Body and Emotion in the Making of Consciousness,Antonio Damasio,1999,2000,1999,03-Psychology & Human Behavior,Psychology & Human Behavior,01-COGNITIVE-PSYCHOLOGY,Perception & Consciousness,Consciousness,The-Feeling-of-What-Happens,Intermediate,planned,md/03-Psychology-and-Human-Behavior/01-COGNITIVE-PSYCHOLOGY/The-Feeling-of-What-Happens.md,nonfiction,summary,detailed,Foundation,,
0351,0351,P1,"Surfing Uncertainty: Prediction, Action, and the Embodied Mind",Andy Clark,2015,2016,2015,03-Psychology & Human Behavior,Psychology & Human Behavior,01-COGNITIVE-PSYCHOLOGY,Perception & Consciousness,Mental Representation,Surfing-Uncertainty,Intermediate,planned,md/03-Psychology-and-Human-Behavior/01-COGNITIVE-PSYCHOLOGY/Surfing-Uncertainty.md,nonfiction,summary,detailed,Foundation,,
0352,0352,P0,The Experience Machine: How Our Minds Predict and Shape Reality,Andy Clark,2023,2023,2023,03-Psychology & Human Behavior,Psychology & Human Behavior,01-COGNITIVE-PSYCHOLOGY,Perception & Consciousness,Mental Representation,The-Experience-Machine,Intermediate,planned,md/03-Psychology-and-Human-Behavior/01-COGNITIVE-PSYCHOLOGY/The-Experience-Machine.md,nonfiction,summary,detailed,Foundation,,
0353,0353,P1,Surfaces and Essences: Analogy as the Fuel and Fire of Thinking,Douglas Hofstadter; Emmanuel Sander,2013,2013,2013,03-Psychology & Human Behavior,Psychology & Human Behavior,01-COGNITIVE-PSYCHOLOGY,Perception & Consciousness,Mental Representation,Surfaces-and-Essences,Intermediate,planned,md/03-Psychology-and-Human-Behavior/01-COGNITIVE-PSYCHOLOGY/Surfaces-and-Essences.md,nonfiction,summary,detailed,Foundation,,
0354,0354,P0,Metaphors We Live By,George Lakoff; Mark Johnson,1980,2003,1980,03-Psychology & Human Behavior,Psychology & Human Behavior,01-COGNITIVE-PSYCHOLOGY,Perception & Consciousness,Mental Representation,Metaphors-We-Live-By,Intermediate,planned,md/03-Psychology-and-Human-Behavior/01-COGNITIVE-PSYCHOLOGY/Metaphors-We-Live-By.md,nonfiction,summary,detailed,Foundation,,
0355,0355,P1,"Women, Fire, and Dangerous Things: What Categories Reveal About the Mind",George Lakoff,1987,1990,1987,03-Psychology & Human Behavior,Psychology & Human Behavior,01-COGNITIVE-PSYCHOLOGY,Perception & Consciousness,Mental Representation,Women-Fire-and-Dangerous-Things,Intermediate,planned,md/03-Psychology-and-Human-Behavior/01-COGNITIVE-PSYCHOLOGY/Women-Fire-and-Dangerous-Things.md,nonfiction,summary,detailed,Foundation,,
0356,0356,P0,The Wisdom of Crowds,James Surowiecki,2004,2005,2004,03-Psychology & Human Behavior,Psychology & Human Behavior,02-SOCIAL-PSYCHOLOGY,Groups,Group Behavior,The-Wisdom-of-Crowds,Intermediate,planned,md/03-Psychology-and-Human-Behavior/02-SOCIAL-PSYCHOLOGY/The-Wisdom-of-Crowds.md,nonfiction,summary,detailed,Foundation,,
0357,0357,P0,Groupthink: Psychological Studies of Policy Decisions and Fiascoes,Irving L. Janis,1972,1982,1972,03-Psychology & Human Behavior,Psychology & Human Behavior,02-SOCIAL-PSYCHOLOGY,Groups,Group Behavior,Groupthink-Janis,Intermediate,planned,md/03-Psychology-and-Human-Behavior/02-SOCIAL-PSYCHOLOGY/Groupthink-Janis.md,nonfiction,summary,detailed,Foundation,,
0358,0358,P0,The Lucifer Effect: Understanding How Good People Turn Evil,Philip Zimbardo,2007,2008,2007,03-Psychology & Human Behavior,Psychology & Human Behavior,02-SOCIAL-PSYCHOLOGY,Groups,Group Behavior,The-Lucifer-Effect,Intermediate,planned,md/03-Psychology-and-Human-Behavior/02-SOCIAL-PSYCHOLOGY/The-Lucifer-Effect.md,nonfiction,summary,detailed,Foundation,,
0359,0359,P1,Extraordinary Popular Delusions and the Madness of Crowds,Charles Mackay,1841,2012,1841,03-Psychology & Human Behavior,Psychology & Human Behavior,02-SOCIAL-PSYCHOLOGY,Groups,Group Behavior,Extraordinary-Popular-Delusions,Intermediate,planned,md/03-Psychology-and-Human-Behavior/02-SOCIAL-PSYCHOLOGY/Extraordinary-Popular-Delusions.md,nonfiction,summary,detailed,Foundation,,
0360,0360,P1,The Crowd: A Study of the Popular Mind,Gustave Le Bon,1895,2002,1895,03-Psychology & Human Behavior,Psychology & Human Behavior,02-SOCIAL-PSYCHOLOGY,Groups,Group Behavior,The-Crowd-Le-Bon,Intermediate,planned,md/03-Psychology-and-Human-Behavior/02-SOCIAL-PSYCHOLOGY/The-Crowd-Le-Bon.md,nonfiction,summary,detailed,Foundation,,
0361,0361,P0,The Righteous Mind: Why Good People Are Divided by Politics and Religion,Jonathan Haidt,2012,2013,2012,03-Psychology & Human Behavior,Psychology & Human Behavior,02-SOCIAL-PSYCHOLOGY,Groups,Social Identity,The-Righteous-Mind,Intermediate,planned,md/03-Psychology-and-Human-Behavior/02-SOCIAL-PSYCHOLOGY/The-Righteous-Mind.md,nonfiction,summary,detailed,Foundation,,
0362,0362,P1,Us and Them: Understanding Your Tribal Mind,David Berreby,2005,2008,2005,03-Psychology & Human Behavior,Psychology & Human Behavior,02-SOCIAL-PSYCHOLOGY,Groups,Social Identity,Us-and-Them,Intermediate,planned,md/03-Psychology-and-Human-Behavior/02-SOCIAL-PSYCHOLOGY/Us-and-Them.md,nonfiction,summary,detailed,Foundation,,
0363,0363,P1,Whistling Vivaldi: How Stereotypes Affect Us and What We Can Do,Claude M. Steele,2010,2011,2010,03-Psychology & Human Behavior,Psychology & Human Behavior,02-SOCIAL-PSYCHOLOGY,Groups,Social Identity,Whistling-Vivaldi,Intermediate,planned,md/03-Psychology-and-Human-Behavior/02-SOCIAL-PSYCHOLOGY/Whistling-Vivaldi.md,nonfiction,summary,detailed,Foundation,,
0364,0364,P1,"The Social Animal: The Hidden Sources of Love, Character, and Achievement",David Brooks,2011,2012,2011,03-Psychology & Human Behavior,Psychology & Human Behavior,02-SOCIAL-PSYCHOLOGY,Groups,Social Identity,The-Social-Animal-Brooks,Intermediate,planned,md/03-Psychology-and-Human-Behavior/02-SOCIAL-PSYCHOLOGY/The-Social-Animal-Brooks.md,nonfiction,summary,detailed,Foundation,,
0365,0365,P1,Tribes: We Need You to Lead Us,Seth Godin,2008,2008,2008,03-Psychology & Human Behavior,Psychology & Human Behavior,02-SOCIAL-PSYCHOLOGY,Groups,Social Identity,Tribes-Godin,Intermediate,planned,md/03-Psychology-and-Human-Behavior/02-SOCIAL-PSYCHOLOGY/Tribes-Godin.md,nonfiction,summary,detailed,Foundation,,
0366,0366,P0,Obedience to Authority: An Experimental View,Stanley Milgram,1974,2009,1974,03-Psychology & Human Behavior,Psychology & Human Behavior,02-SOCIAL-PSYCHOLOGY,Social Influence,Conformity,Obedience-to-Authority,Intermediate,planned,md/03-Psychology-and-Human-Behavior/02-SOCIAL-PSYCHOLOGY/Obedience-to-Authority.md,nonfiction,summary,detailed,Foundation,,
0367,0367,P0,The Social Animal,Elliot Aronson; Joshua Aronson,1972,2018,1972,03-Psychology & Human Behavior,Psychology & Human Behavior,02-SOCIAL-PSYCHOLOGY,Social Influence,Conformity,The-Social-Animal-Aronson,Intermediate,planned,md/03-Psychology-and-Human-Behavior/02-SOCIAL-PSYCHOLOGY/The-Social-Animal-Aronson.md,nonfiction,summary,detailed,Foundation,,
0368,0368,P1,Conformity: The Power of Social Influences,Cass R. Sunstein,2019,2020,2019,03-Psychology & Human Behavior,Psychology & Human Behavior,02-SOCIAL-PSYCHOLOGY,Social Influence,Conformity,Conformity-Sunstein,Intermediate,planned,md/03-Psychology-and-Human-Behavior/02-SOCIAL-PSYCHOLOGY/Conformity-Sunstein.md,nonfiction,summary,detailed,Foundation,,
0369,0369,P2,The Asch Experiments: Studies of Independence and Conformity,Solomon E. Asch,1956,1956,1956,03-Psychology & Human Behavior,Psychology & Human Behavior,02-SOCIAL-PSYCHOLOGY,Social Influence,Conformity,The-Asch-Experiments,Intermediate,planned,md/03-Psychology-and-Human-Behavior/02-SOCIAL-PSYCHOLOGY/The-Asch-Experiments.md,nonfiction,summary,detailed,Foundation,,
0370,0370,P0,Originals: How Non-Conformists Move the World,Adam Grant,2016,2017,2016,03-Psychology & Human Behavior,Psychology & Human Behavior,02-SOCIAL-PSYCHOLOGY,Social Influence,Conformity,Originals-Grant,Intermediate,planned,md/03-Psychology-and-Human-Behavior/02-SOCIAL-PSYCHOLOGY/Originals-Grant.md,nonfiction,summary,detailed,Foundation,,
0371,0371,P0,The Anatomy of Power,John Kenneth Galbraith,1983,1985,1983,03-Psychology & Human Behavior,Psychology & Human Behavior,02-SOCIAL-PSYCHOLOGY,Social Influence,Authority,The-Anatomy-of-Power-Galbraith,Intermediate,planned,md/03-Psychology-and-Human-Behavior/02-SOCIAL-PSYCHOLOGY/The-Anatomy-of-Power-Galbraith.md,nonfiction,summary,detailed,Foundation,,
0372,0372,P1,The Moral Arc: How Science Makes Us Better People,Michael Shermer,2015,2016,2015,03-Psychology & Human Behavior,Psychology & Human Behavior,02-SOCIAL-PSYCHOLOGY,Social Influence,Authority,The-Moral-Arc-Shermer,Intermediate,planned,md/03-Psychology-and-Human-Behavior/02-SOCIAL-PSYCHOLOGY/The-Moral-Arc-Shermer.md,nonfiction,summary,detailed,Foundation,,
0373,0373,P0,The Status Game: On Social Position and How We Use It,Will Storr,2021,2022,2021,03-Psychology & Human Behavior,Psychology & Human Behavior,02-SOCIAL-PSYCHOLOGY,Social Influence,Authority,The-Status-Game-Storr,Intermediate,planned,md/03-Psychology-and-Human-Behavior/02-SOCIAL-PSYCHOLOGY/The-Status-Game-Storr.md,nonfiction,summary,detailed,Foundation,,
0374,0374,P0,The Power Paradox: How We Gain and Lose Influence,Dacher Keltner,2016,2017,2016,03-Psychology & Human Behavior,Psychology & Human Behavior,02-SOCIAL-PSYCHOLOGY,Social Influence,Authority,The-Power-Paradox-Keltner,Intermediate,planned,md/03-Psychology-and-Human-Behavior/02-SOCIAL-PSYCHOLOGY/The-Power-Paradox-Keltner.md,nonfiction,summary,detailed,Foundation,,
0375,0375,P1,"Status: Why We Seek It, How It Shapes Our Lives",Cecilia L. Ridgeway,2019,2019,2019,03-Psychology & Human Behavior,Psychology & Human Behavior,02-SOCIAL-PSYCHOLOGY,Social Influence,Authority,Status-Ridgeway,Intermediate,planned,md/03-Psychology-and-Human-Behavior/02-SOCIAL-PSYCHOLOGY/Status-Ridgeway.md,nonfiction,summary,detailed,Foundation,,
0376,0376,P1,Methods of Persuasion: How to Use Psychology to Influence Human Behavior,Nick Kolenda,2013,2013,2013,03-Psychology & Human Behavior,Psychology & Human Behavior,02-SOCIAL-PSYCHOLOGY,Social Influence,Persuasion,Methods-of-Persuasion-Kolenda,Intermediate,planned,md/03-Psychology-and-Human-Behavior/02-SOCIAL-PSYCHOLOGY/Methods-of-Persuasion-Kolenda.md,nonfiction,summary,detailed,Foundation,,
0377,0377,P2,Winning the Room: The Art of Pitching and Presentation,Peter Coughter,2012,2012,2012,03-Psychology & Human Behavior,Psychology & Human Behavior,02-SOCIAL-PSYCHOLOGY,Social Influence,Persuasion,Winning-the-Room,Intermediate,planned,md/03-Psychology-and-Human-Behavior/02-SOCIAL-PSYCHOLOGY/Winning-the-Room.md,nonfiction,summary,detailed,Foundation,,
0378,0378,P2,Win Bigly: Persuasion in a World Where Facts Don't Matter,Scott Adams,2017,2018,2017,03-Psychology & Human Behavior,Psychology & Human Behavior,02-SOCIAL-PSYCHOLOGY,Social Influence,Persuasion,Win-Bigly,Intermediate,planned,md/03-Psychology-and-Human-Behavior/02-SOCIAL-PSYCHOLOGY/Win-Bigly.md,nonfiction,summary,detailed,Foundation,,
0379,0379,P1,The Influential Mind: What the Brain Reveals About Our Power to Change Others,Tali Sharot,2017,2018,2017,03-Psychology & Human Behavior,Psychology & Human Behavior,02-SOCIAL-PSYCHOLOGY,Social Influence,Persuasion,The-Influential-Mind,Intermediate,planned,md/03-Psychology-and-Human-Behavior/02-SOCIAL-PSYCHOLOGY/The-Influential-Mind.md,nonfiction,summary,detailed,Foundation,,
0380,0380,P1,The Optimism Bias: A Tour of the Irrationally Positive Brain,Tali Sharot,2011,2012,2011,03-Psychology & Human Behavior,Psychology & Human Behavior,02-SOCIAL-PSYCHOLOGY,Social Influence,Persuasion,The-Optimism-Bias,Intermediate,planned,md/03-Psychology-and-Human-Behavior/02-SOCIAL-PSYCHOLOGY/The-Optimism-Bias.md,nonfiction,summary,detailed,Foundation,,
0381,0381,P0,Attached: The New Science of Adult Attachment and How It Can Help You Find—and Keep—Love,Amir Levine; Rachel Heller,2010,2012,2010,03-Psychology & Human Behavior,Psychology & Human Behavior,02-SOCIAL-PSYCHOLOGY,Human Relationships,Attraction & Connection,Attached,Intermediate,planned,md/03-Psychology-and-Human-Behavior/02-SOCIAL-PSYCHOLOGY/Attached.md,nonfiction,summary,detailed,Foundation,,
0382,0382,P1,Hold Me Tight: Seven Conversations for a Lifetime of Love,Sue Johnson,2008,2008,2008,03-Psychology & Human Behavior,Psychology & Human Behavior,02-SOCIAL-PSYCHOLOGY,Human Relationships,Attraction & Connection,Hold-Me-Tight,Intermediate,planned,md/03-Psychology-and-Human-Behavior/02-SOCIAL-PSYCHOLOGY/Hold-Me-Tight.md,nonfiction,summary,detailed,Foundation,,
0383,0383,P0,The Seven Principles for Making Marriage Work,John M. Gottman; Nan Silver,1999,2015,1999,03-Psychology & Human Behavior,Psychology & Human Behavior,02-SOCIAL-PSYCHOLOGY,Human Relationships,Attraction & Connection,The-Seven-Principles-for-Making-Marriage-Work,Intermediate,planned,md/03-Psychology-and-Human-Behavior/02-SOCIAL-PSYCHOLOGY/The-Seven-Principles-for-Making-Marriage-Work.md,nonfiction,summary,detailed,Foundation,,
0384,0384,P1,Mating in Captivity: Unlocking Erotic Intelligence,Esther Perel,2006,2017,2006,03-Psychology & Human Behavior,Psychology & Human Behavior,02-SOCIAL-PSYCHOLOGY,Human Relationships,Attraction & Connection,Mating-in-Captivity,Intermediate,planned,md/03-Psychology-and-Human-Behavior/02-SOCIAL-PSYCHOLOGY/Mating-in-Captivity.md,nonfiction,summary,detailed,Foundation,,
0385,0385,P1,The State of Affairs: Rethinking Infidelity,Esther Perel,2017,2018,2017,03-Psychology & Human Behavior,Psychology & Human Behavior,02-SOCIAL-PSYCHOLOGY,Human Relationships,Attraction & Connection,The-State-of-Affairs,Intermediate,planned,md/03-Psychology-and-Human-Behavior/02-SOCIAL-PSYCHOLOGY/The-State-of-Affairs.md,nonfiction,summary,detailed,Foundation,,
0386,0386,P0,The Evolution of Cooperation,Robert Axelrod,1984,2006,1984,03-Psychology & Human Behavior,Psychology & Human Behavior,02-SOCIAL-PSYCHOLOGY,Human Relationships,Cooperation & Competition,The-Evolution-of-Cooperation,Intermediate,planned,md/03-Psychology-and-Human-Behavior/02-SOCIAL-PSYCHOLOGY/The-Evolution-of-Cooperation.md,nonfiction,summary,detailed,Foundation,,
0387,0387,P1,"SuperCooperators: Altruism, Evolution, and Why We Need Each Other to Succeed",Martin A. Nowak; Roger Highfield,2011,2012,2011,03-Psychology & Human Behavior,Psychology & Human Behavior,02-SOCIAL-PSYCHOLOGY,Human Relationships,Cooperation & Competition,SuperCooperators,Intermediate,planned,md/03-Psychology-and-Human-Behavior/02-SOCIAL-PSYCHOLOGY/SuperCooperators.md,nonfiction,summary,detailed,Foundation,,
0388,0388,P0,Give and Take: Why Helping Others Drives Our Success,Adam Grant,2013,2014,2013,03-Psychology & Human Behavior,Psychology & Human Behavior,02-SOCIAL-PSYCHOLOGY,Human Relationships,Cooperation & Competition,Give-and-Take,Intermediate,planned,md/03-Psychology-and-Human-Behavior/02-SOCIAL-PSYCHOLOGY/Give-and-Take.md,nonfiction,summary,detailed,Foundation,,
0389,0389,P2,A Cooperative Species: Human Reciprocity and Its Evolution,Samuel Bowles; Herbert Gintis,2011,2013,2011,03-Psychology & Human Behavior,Psychology & Human Behavior,02-SOCIAL-PSYCHOLOGY,Human Relationships,Cooperation & Competition,A-Cooperative-Species,Intermediate,planned,md/03-Psychology-and-Human-Behavior/02-SOCIAL-PSYCHOLOGY/A-Cooperative-Species.md,nonfiction,summary,detailed,Foundation,,
0390,0390,P0,The Origins of Virtue: Human Instincts and the Evolution of Cooperation,Matt Ridley,1996,1998,1996,03-Psychology & Human Behavior,Psychology & Human Behavior,02-SOCIAL-PSYCHOLOGY,Human Relationships,Cooperation & Competition,The-Origins-of-Virtue-Ridley,Intermediate,planned,md/03-Psychology-and-Human-Behavior/02-SOCIAL-PSYCHOLOGY/The-Origins-of-Virtue-Ridley.md,nonfiction,summary,detailed,Foundation,,
0391,0391,P0,Drive: The Surprising Truth About What Motivates Us,Daniel H. Pink,2009,2011,2009,03-Psychology & Human Behavior,Psychology & Human Behavior,03-MOTIVATION-BEHAVIOR,Motivation,Goals,Drive-Pink,Intermediate,planned,md/03-Psychology-and-Human-Behavior/03-MOTIVATION-BEHAVIOR/Drive-Pink.md,nonfiction,summary,detailed,Foundation,,
0392,0392,P0,"Measure What Matters: How Google, Bono, and the Gates Foundation Rock the World with OKRs",John Doerr,2018,2018,2018,03-Psychology & Human Behavior,Psychology & Human Behavior,03-MOTIVATION-BEHAVIOR,Motivation,Goals,Measure-What-Matters,Intermediate,planned,md/03-Psychology-and-Human-Behavior/03-MOTIVATION-BEHAVIOR/Measure-What-Matters.md,nonfiction,summary,detailed,Foundation,,
0393,0393,P1,Succeed: How We Can Reach Our Goals,Heidi Grant Halvorson,2010,2011,2010,03-Psychology & Human Behavior,Psychology & Human Behavior,03-MOTIVATION-BEHAVIOR,Motivation,Goals,Succeed-Halvorson,Intermediate,planned,md/03-Psychology-and-Human-Behavior/03-MOTIVATION-BEHAVIOR/Succeed-Halvorson.md,nonfiction,summary,detailed,Foundation,,
0394,0394,P2,Nine Things Successful People Do Differently,Heidi Grant Halvorson,2011,2012,2011,03-Psychology & Human Behavior,Psychology & Human Behavior,03-MOTIVATION-BEHAVIOR,Motivation,Goals,Nine-Things-Successful-People-Do-Differently,Intermediate,planned,md/03-Psychology-and-Human-Behavior/03-MOTIVATION-BEHAVIOR/Nine-Things-Successful-People-Do-Differently.md,nonfiction,summary,detailed,Foundation,,
0395,0395,P1,Rethinking Positive Thinking: Inside the New Science of Motivation,Gabriele Oettingen,2014,2015,2014,03-Psychology & Human Behavior,Psychology & Human Behavior,03-MOTIVATION-BEHAVIOR,Motivation,Goals,Rethinking-Positive-Thinking,Intermediate,planned,md/03-Psychology-and-Human-Behavior/03-MOTIVATION-BEHAVIOR/Rethinking-Positive-Thinking.md,nonfiction,summary,detailed,Foundation,,
0396,0396,P0,Freakonomics: A Rogue Economist Explores the Hidden Side of Everything,Steven D. Levitt; Stephen J. Dubner,2005,2020,2005,03-Psychology & Human Behavior,Psychology & Human Behavior,03-MOTIVATION-BEHAVIOR,Motivation,Incentives,Freakonomics,Intermediate,planned,md/03-Psychology-and-Human-Behavior/03-MOTIVATION-BEHAVIOR/Freakonomics.md,nonfiction,summary,detailed,Foundation,,
0397,0397,P1,"SuperFreakonomics: Global Cooling, Patriotic Prostitutes, and Why Suicide Bombers Should Buy Life Insurance",Steven D. Levitt; Stephen J. Dubner,2009,2011,2009,03-Psychology & Human Behavior,Psychology & Human Behavior,03-MOTIVATION-BEHAVIOR,Motivation,Incentives,SuperFreakonomics,Intermediate,planned,md/03-Psychology-and-Human-Behavior/03-MOTIVATION-BEHAVIOR/SuperFreakonomics.md,nonfiction,summary,detailed,Foundation,,
0398,0398,P1,Think Like a Freak: The Authors of Freakonomics Offer to Retrain Your Brain,Steven D. Levitt; Stephen J. Dubner,2014,2015,2014,03-Psychology & Human Behavior,Psychology & Human Behavior,03-MOTIVATION-BEHAVIOR,Motivation,Incentives,Think-Like-a-Freak,Intermediate,planned,md/03-Psychology-and-Human-Behavior/03-MOTIVATION-BEHAVIOR/Think-Like-a-Freak.md,nonfiction,summary,detailed,Foundation,,
0399,0399,P1,The Why Axis: Hidden Motives and the Undiscovered Economics of Everyday Life,Uri Gneezy; John A. List,2013,2014,2013,03-Psychology & Human Behavior,Psychology & Human Behavior,03-MOTIVATION-BEHAVIOR,Motivation,Incentives,The-Why-Axis,Intermediate,planned,md/03-Psychology-and-Human-Behavior/03-MOTIVATION-BEHAVIOR/The-Why-Axis.md,nonfiction,summary,detailed,Foundation,,
0400,0400,P0,Mixed Signals: How Incentives Really Work,Uri Gneezy,2023,2023,2023,03-Psychology & Human Behavior,Psychology & Human Behavior,03-MOTIVATION-BEHAVIOR,Motivation,Incentives,Mixed-Signals,Intermediate,planned,md/03-Psychology-and-Human-Behavior/03-MOTIVATION-BEHAVIOR/Mixed-Signals.md,nonfiction,summary,detailed,Foundation,,
0401,0401,P0,"The Molecule of More: How a Single Chemical in Your Brain Drives Love, Sex, and Creativity",Daniel Z. Lieberman; Michael E. Long,2018,2019,2018,03-Psychology & Human Behavior,Psychology & Human Behavior,03-MOTIVATION-BEHAVIOR,Motivation,Drive & Motivation,The-Molecule-of-More,Intermediate,planned,md/03-Psychology-and-Human-Behavior/03-MOTIVATION-BEHAVIOR/The-Molecule-of-More.md,nonfiction,summary,detailed,Foundation,,
0402,0402,P0,Dopamine Nation: Finding Balance in the Age of Indulgence,Anna Lembke,2021,2023,2021,03-Psychology & Human Behavior,Psychology & Human Behavior,03-MOTIVATION-BEHAVIOR,Motivation,Drive & Motivation,Dopamine-Nation,Intermediate,planned,md/03-Psychology-and-Human-Behavior/03-MOTIVATION-BEHAVIOR/Dopamine-Nation.md,nonfiction,summary,detailed,Foundation,,
0403,0403,P0,"The Willpower Instinct: How Self-Control Works, Why It Matters, and What You Can Do to Get More of It",Kelly McGonigal,2011,2013,2011,03-Psychology & Human Behavior,Psychology & Human Behavior,03-MOTIVATION-BEHAVIOR,Motivation,Drive & Motivation,The-Willpower-Instinct,Intermediate,planned,md/03-Psychology-and-Human-Behavior/03-MOTIVATION-BEHAVIOR/The-Willpower-Instinct.md,nonfiction,summary,detailed,Foundation,,
0404,0404,P1,"Self-Determination Theory: Basic Psychological Needs in Motivation, Development, and Wellness",Richard M. Ryan; Edward L. Deci,2017,2017,2017,03-Psychology & Human Behavior,Psychology & Human Behavior,03-MOTIVATION-BEHAVIOR,Motivation,Drive & Motivation,Self-Determination-Theory,Intermediate,planned,md/03-Psychology-and-Human-Behavior/03-MOTIVATION-BEHAVIOR/Self-Determination-Theory.md,nonfiction,summary,detailed,Foundation,,
0405,0405,P1,Intrinsic Motivation and Self-Determination in Human Behavior,Edward L. Deci; Richard M. Ryan,1985,1985,1985,03-Psychology & Human Behavior,Psychology & Human Behavior,03-MOTIVATION-BEHAVIOR,Motivation,Drive & Motivation,Intrinsic-Motivation,Intermediate,planned,md/03-Psychology-and-Human-Behavior/03-MOTIVATION-BEHAVIOR/Intrinsic-Motivation.md,nonfiction,summary,detailed,Foundation,,
0406,0406,P2,Habit Changers: 81 Game-Changing Mantras to Mindfully Realize Your Goals,M.J. Ryan,2016,2016,2016,03-Psychology & Human Behavior,Psychology & Human Behavior,03-MOTIVATION-BEHAVIOR,Habits,Habit Loops,Habit-Changers,Intermediate,planned,md/03-Psychology-and-Human-Behavior/03-MOTIVATION-BEHAVIOR/Habit-Changers.md,nonfiction,summary,detailed,Foundation,,
0407,0407,P1,"Habits of a Happy Brain: Retrain Your Brain to Boost Your Serotonin, Dopamine, Oxytocin, & Endorphin Levels",Loretta Graziano Breuning,2015,2016,2015,03-Psychology & Human Behavior,Psychology & Human Behavior,03-MOTIVATION-BEHAVIOR,Habits,Habit Loops,Habits-of-a-Happy-Brain,Intermediate,planned,md/03-Psychology-and-Human-Behavior/03-MOTIVATION-BEHAVIOR/Habits-of-a-Happy-Brain.md,nonfiction,summary,detailed,Foundation,,
0408,0408,P1,"Making Habits, Breaking Habits: Why We Do Things, Why We Don't, and How to Make Any Change Stick",Jeremy Dean,2013,2013,2013,03-Psychology & Human Behavior,Psychology & Human Behavior,03-MOTIVATION-BEHAVIOR,Habits,Habit Loops,Making-Habits-Breaking-Habits,Intermediate,planned,md/03-Psychology-and-Human-Behavior/03-MOTIVATION-BEHAVIOR/Making-Habits-Breaking-Habits.md,nonfiction,summary,detailed,Foundation,,
0409,0409,P1,"Rewire: Change Your Brain to Break Bad Habits, Overcome Addictions, Conquer Self-Destructive Behavior",Richard O'Connor,2014,2015,2014,03-Psychology & Human Behavior,Psychology & Human Behavior,03-MOTIVATION-BEHAVIOR,Habits,Habit Loops,Rewire-OConnor,Intermediate,planned,md/03-Psychology-and-Human-Behavior/03-MOTIVATION-BEHAVIOR/Rewire-OConnor.md,nonfiction,summary,detailed,Foundation,,
0410,0410,P2,The Here-and-Now Habit: How Mindfulness Can Help You Break Unhealthy Habits Once and for All,Hugh G. Byrne,2016,2016,2016,03-Psychology & Human Behavior,Psychology & Human Behavior,03-MOTIVATION-BEHAVIOR,Habits,Habit Loops,The-Here-and-Now-Habit,Intermediate,planned,md/03-Psychology-and-Human-Behavior/03-MOTIVATION-BEHAVIOR/The-Here-and-Now-Habit.md,nonfiction,summary,detailed,Foundation,,
0411,0411,P2,The Habit Blueprint: 15 Simple Steps to Transform Your Life,Patrik Edblad,2016,2016,2016,03-Psychology & Human Behavior,Psychology & Human Behavior,03-MOTIVATION-BEHAVIOR,Habits,Habit Tracking,The-Habit-Blueprint,Intermediate,planned,md/03-Psychology-and-Human-Behavior/03-MOTIVATION-BEHAVIOR/The-Habit-Blueprint.md,nonfiction,summary,detailed,Foundation,,
0412,0412,P1,Better Than Before: What I Learned About Making and Breaking Habits,Gretchen Rubin,2015,2015,2015,03-Psychology & Human Behavior,Psychology & Human Behavior,03-MOTIVATION-BEHAVIOR,Habits,Habit Tracking,Better-Than-Before,Intermediate,planned,md/03-Psychology-and-Human-Behavior/03-MOTIVATION-BEHAVIOR/Better-Than-Before.md,nonfiction,summary,detailed,Foundation,,
0413,0413,P2,Elastic Habits: How to Create Smarter Habits That Adapt to Your Day,Stephen Guise,2019,2019,2019,03-Psychology & Human Behavior,Psychology & Human Behavior,03-MOTIVATION-BEHAVIOR,Habits,Habit Tracking,Elastic-Habits,Intermediate,planned,md/03-Psychology-and-Human-Behavior/03-MOTIVATION-BEHAVIOR/Elastic-Habits.md,nonfiction,summary,detailed,Foundation,,
0414,0414,P2,Superhuman by Habit: A Guide to Becoming the Best Possible Version of Yourself,Tynan,2014,2014,2014,03-Psychology & Human Behavior,Psychology & Human Behavior,03-MOTIVATION-BEHAVIOR,Habits,Habit Tracking,Superhuman-by-Habit,Intermediate,planned,md/03-Psychology-and-Human-Behavior/03-MOTIVATION-BEHAVIOR/Superhuman-by-Habit.md,nonfiction,summary,detailed,Foundation,,
0415,0415,P1,The Now Habit: A Strategic Program for Overcoming Procrastination and Enjoying Guilt-Free Play,Neil Fiore,1988,2007,1988,03-Psychology & Human Behavior,Psychology & Human Behavior,03-MOTIVATION-BEHAVIOR,Habits,Habit Tracking,The-Now-Habit,Intermediate,planned,md/03-Psychology-and-Human-Behavior/03-MOTIVATION-BEHAVIOR/The-Now-Habit.md,nonfiction,summary,detailed,Foundation,,
0416,0416,P2,The Little Book of Big Change: The No-Willpower Approach to Breaking Any Habit,Amy Johnson,2016,2016,2016,03-Psychology & Human Behavior,Psychology & Human Behavior,03-MOTIVATION-BEHAVIOR,Habits,Behavioral Momentum,The-Little-Book-of-Big-Change,Intermediate,planned,md/03-Psychology-and-Human-Behavior/03-MOTIVATION-BEHAVIOR/The-Little-Book-of-Big-Change.md,nonfiction,summary,detailed,Foundation,,
0417,0417,P1,Stick with It: A Scientifically Proven Process for Changing Your Life-for Good,Sean D. Young,2017,2017,2017,03-Psychology & Human Behavior,Psychology & Human Behavior,03-MOTIVATION-BEHAVIOR,Habits,Behavioral Momentum,Stick-with-It,Intermediate,planned,md/03-Psychology-and-Human-Behavior/03-MOTIVATION-BEHAVIOR/Stick-with-It.md,nonfiction,summary,detailed,Foundation,,
0418,0418,P0,The Craving Mind: From Cigarettes to Smartphones to Love – Why We Get Hooked and How We Can Break Bad Habits,Judson Brewer,2017,2017,2017,03-Psychology & Human Behavior,Psychology & Human Behavior,03-MOTIVATION-BEHAVIOR,Habits,Behavioral Momentum,The-Craving-Mind,Intermediate,planned,md/03-Psychology-and-Human-Behavior/03-MOTIVATION-BEHAVIOR/The-Craving-Mind.md,nonfiction,summary,detailed,Foundation,,
0419,0419,P0,Unwinding Anxiety: New Science Shows How to Break the Cycles of Worry and Fear to Heal Your Mind,Judson Brewer,2021,2021,2021,03-Psychology & Human Behavior,Psychology & Human Behavior,03-MOTIVATION-BEHAVIOR,Habits,Behavioral Momentum,Unwinding-Anxiety-Brewer,Intermediate,planned,md/03-Psychology-and-Human-Behavior/03-MOTIVATION-BEHAVIOR/Unwinding-Anxiety-Brewer.md,nonfiction,summary,detailed,Foundation,,
0420,0420,P1,The Hunger Habit: Why We Eat When We're Not Hungry and How to Stop,Judson Brewer,2024,2024,2024,03-Psychology & Human Behavior,Psychology & Human Behavior,03-MOTIVATION-BEHAVIOR,Habits,Behavioral Momentum,The-Hunger-Habit-Brewer,Intermediate,planned,md/03-Psychology-and-Human-Behavior/03-MOTIVATION-BEHAVIOR/The-Hunger-Habit-Brewer.md,nonfiction,summary,detailed,Foundation,,
0421,0421,P0,Willpower: Rediscovering the Greatest Human Strength,Roy F. Baumeister; John Tierney,2011,2012,2011,03-Psychology & Human Behavior,Psychology & Human Behavior,03-MOTIVATION-BEHAVIOR,Self-Control,Ego Depletion,Willpower-Baumeister,Intermediate,planned,md/03-Psychology-and-Human-Behavior/03-MOTIVATION-BEHAVIOR/Willpower-Baumeister.md,nonfiction,summary,detailed,Foundation,,
0422,0422,P0,The Marshmallow Test: Mastering Self-Control,Walter Mischel,2014,2015,2014,03-Psychology & Human Behavior,Psychology & Human Behavior,03-MOTIVATION-BEHAVIOR,Self-Control,Ego Depletion,The-Marshmallow-Test,Intermediate,planned,md/03-Psychology-and-Human-Behavior/03-MOTIVATION-BEHAVIOR/The-Marshmallow-Test.md,nonfiction,summary,detailed,Foundation,,
0423,0423,P2,Self-Regulation and Executive Function: Challenges and Opportunities,Roy F. Baumeister; Kathleen D. Vohs,2016,2018,2016,03-Psychology & Human Behavior,Psychology & Human Behavior,03-MOTIVATION-BEHAVIOR,Self-Control,Ego Depletion,Self-Regulation-Baumeister,Intermediate,planned,md/03-Psychology-and-Human-Behavior/03-MOTIVATION-BEHAVIOR/Self-Regulation-Baumeister.md,nonfiction,summary,detailed,Foundation,,
0424,0424,P2,Temptation: Finding Self-Control in an Age of Excess,Daniel Akst,2011,2011,2011,03-Psychology & Human Behavior,Psychology & Human Behavior,03-MOTIVATION-BEHAVIOR,Self-Control,Ego Depletion,Temptation-Akst,Intermediate,planned,md/03-Psychology-and-Human-Behavior/03-MOTIVATION-BEHAVIOR/Temptation-Akst.md,nonfiction,summary,detailed,Foundation,,
0425,0425,P2,"The Science of Self-Discipline: The Willpower, Mental Toughness, and Self-Control to Resist Temptation and Achieve Your Goals",Peter Hollins,2017,2019,2017,03-Psychology & Human Behavior,Psychology & Human Behavior,03-MOTIVATION-BEHAVIOR,Self-Control,Ego Depletion,The-Science-of-Self-Discipline,Intermediate,planned,md/03-Psychology-and-Human-Behavior/03-MOTIVATION-BEHAVIOR/The-Science-of-Self-Discipline.md,nonfiction,summary,detailed,Foundation,,
0426,0426,P2,The Power of Fifty Bits: The New Science of Turning Good Intentions into Positive Results,Bob Nease,2016,2016,2016,03-Psychology & Human Behavior,Psychology & Human Behavior,03-MOTIVATION-BEHAVIOR,Self-Control,Impulse Management,The-Power-of-Fifty-Bits,Intermediate,planned,md/03-Psychology-and-Human-Behavior/03-MOTIVATION-BEHAVIOR/The-Power-of-Fifty-Bits.md,nonfiction,summary,detailed,Foundation,,
0427,0427,P2,"Stop Overthinking: 23 Techniques to Relieve Stress, Stop Negative Spirals, Declutter Your Mind, and Focus on the Present",Nick Trenton,2021,2021,2021,03-Psychology & Human Behavior,Psychology & Human Behavior,03-MOTIVATION-BEHAVIOR,Self-Control,Impulse Management,Stop-Overthinking-Trenton,Intermediate,planned,md/03-Psychology-and-Human-Behavior/03-MOTIVATION-BEHAVIOR/Stop-Overthinking-Trenton.md,nonfiction,summary,detailed,Foundation,,
0428,0428,P2,Master Your Emotions: A Practical Guide to Overcome Negativity and Better Manage Your Feelings,Thibaut Meurisse,2018,2018,2018,03-Psychology & Human Behavior,Psychology & Human Behavior,03-MOTIVATION-BEHAVIOR,Self-Control,Impulse Management,Master-Your-Emotions-Meurisse,Intermediate,planned,md/03-Psychology-and-Human-Behavior/03-MOTIVATION-BEHAVIOR/Master-Your-Emotions-Meurisse.md,nonfiction,summary,detailed,Foundation,,
0429,0429,P3,Self-Discipline: The Art of Mental Toughness,Brian Cagneey,2016,2016,2016,03-Psychology & Human Behavior,Psychology & Human Behavior,03-MOTIVATION-BEHAVIOR,Self-Control,Impulse Management,Self-Discipline-Cagneey,Intermediate,planned,md/03-Psychology-and-Human-Behavior/03-MOTIVATION-BEHAVIOR/Self-Discipline-Cagneey.md,nonfiction,summary,detailed,Foundation,,
0430,0430,P2,Mindful Self-Discipline: Accelerate Your Growth and Become Who You Want to Be,Giovanni Dienstmann,2021,2021,2021,03-Psychology & Human Behavior,Psychology & Human Behavior,03-MOTIVATION-BEHAVIOR,Self-Control,Impulse Management,Mindful-Self-Discipline,Intermediate,planned,md/03-Psychology-and-Human-Behavior/03-MOTIVATION-BEHAVIOR/Mindful-Self-Discipline.md,nonfiction,summary,detailed,Foundation,,
0431,0431,P0,Personality: What Makes You the Way You Are,Daniel Nettle,2007,2009,2007,03-Psychology & Human Behavior,Psychology & Human Behavior,04-PERSONALITY-EMOTION,Personality,Personality Models,Personality-Nettle,Intermediate,planned,md/03-Psychology-and-Human-Behavior/04-PERSONALITY-EMOTION/Personality-Nettle.md,nonfiction,summary,detailed,Foundation,,
0432,0432,P0,Quiet: The Power of Introverts in a World That Can't Stop Talking,Susan Cain,2012,2013,2012,03-Psychology & Human Behavior,Psychology & Human Behavior,04-PERSONALITY-EMOTION,Personality,Personality Models,Quiet-Susan-Cain,Intermediate,planned,md/03-Psychology-and-Human-Behavior/04-PERSONALITY-EMOTION/Quiet-Susan-Cain.md,nonfiction,summary,detailed,Foundation,,
0433,0433,P0,Bittersweet: How Sorrow and Longing Make Us Whole,Susan Cain,2022,2023,2022,03-Psychology & Human Behavior,Psychology & Human Behavior,04-PERSONALITY-EMOTION,Personality,Personality Models,Bittersweet-Susan-Cain,Intermediate,planned,md/03-Psychology-and-Human-Behavior/04-PERSONALITY-EMOTION/Bittersweet-Susan-Cain.md,nonfiction,summary,detailed,Foundation,,
0434,0434,P1,"Me, Myself, and Us: The Science of Personality and the Art of Well-Being",Brian R. Little,2014,2016,2014,03-Psychology & Human Behavior,Psychology & Human Behavior,04-PERSONALITY-EMOTION,Personality,Personality Models,Me-Myself-and-Us,Intermediate,planned,md/03-Psychology-and-Human-Behavior/04-PERSONALITY-EMOTION/Me-Myself-and-Us.md,nonfiction,summary,detailed,Foundation,,
0435,0435,P2,The Owner's Manual for the Brain: Everyday Applications from Mind-Brain Research,Pierce J. Howard,1994,2014,1994,03-Psychology & Human Behavior,Psychology & Human Behavior,04-PERSONALITY-EMOTION,Personality,Personality Models,The-Owners-Manual-for-the-Brain,Intermediate,planned,md/03-Psychology-and-Human-Behavior/04-PERSONALITY-EMOTION/The-Owners-Manual-for-the-Brain.md,nonfiction,summary,detailed,Foundation,,
0436,0436,P0,Blueprint: How DNA Makes Us Who We Are,Robert Plomin,2018,2019,2018,03-Psychology & Human Behavior,Psychology & Human Behavior,04-PERSONALITY-EMOTION,Personality,Individual Differences,Blueprint-Plomin,Intermediate,planned,md/03-Psychology-and-Human-Behavior/04-PERSONALITY-EMOTION/Blueprint-Plomin.md,nonfiction,summary,detailed,Foundation,,
0437,0437,P0,The Nurture Assumption: Why Children Turn Out the Way They Do,Judith Rich Harris,1998,2009,1998,03-Psychology & Human Behavior,Psychology & Human Behavior,04-PERSONALITY-EMOTION,Personality,Individual Differences,The-Nurture-Assumption,Intermediate,planned,md/03-Psychology-and-Human-Behavior/04-PERSONALITY-EMOTION/The-Nurture-Assumption.md,nonfiction,summary,detailed,Foundation,,
0438,0438,P1,No Two Alike: Human Nature and Human Individuality,Judith Rich Harris,2006,2007,2006,03-Psychology & Human Behavior,Psychology & Human Behavior,04-PERSONALITY-EMOTION,Personality,Individual Differences,No-Two-Alike,Intermediate,planned,md/03-Psychology-and-Human-Behavior/04-PERSONALITY-EMOTION/No-Two-Alike.md,nonfiction,summary,detailed,Foundation,,
0439,0439,P0,The Blank Slate: The Modern Denial of Human Nature,Steven Pinker,2002,2016,2002,03-Psychology & Human Behavior,Psychology & Human Behavior,04-PERSONALITY-EMOTION,Personality,Individual Differences,The-Blank-Slate,Intermediate,planned,md/03-Psychology-and-Human-Behavior/04-PERSONALITY-EMOTION/The-Blank-Slate.md,nonfiction,summary,detailed,Foundation,,
0440,0440,P1,Innate: How the Wiring of Our Brains Shapes Who We Are,Kevin J. Mitchell,2018,2020,2018,03-Psychology & Human Behavior,Psychology & Human Behavior,04-PERSONALITY-EMOTION,Personality,Individual Differences,Innate-Mitchell,Intermediate,planned,md/03-Psychology-and-Human-Behavior/04-PERSONALITY-EMOTION/Innate-Mitchell.md,nonfiction,summary,detailed,Foundation,,
0441,0441,P1,Self Comes to Mind: Constructing the Conscious Brain,Antonio Damasio,2010,2012,2010,03-Psychology & Human Behavior,Psychology & Human Behavior,04-PERSONALITY-EMOTION,Personality,Identity,Self-Comes-to-Mind,Intermediate,planned,md/03-Psychology-and-Human-Behavior/04-PERSONALITY-EMOTION/Self-Comes-to-Mind.md,nonfiction,summary,detailed,Foundation,,
0442,0442,P1,The Ego Trick: What Does It Mean to Be You?,Julian Baggini,2011,2012,2011,03-Psychology & Human Behavior,Psychology & Human Behavior,04-PERSONALITY-EMOTION,Personality,Identity,The-Ego-Trick,Intermediate,planned,md/03-Psychology-and-Human-Behavior/04-PERSONALITY-EMOTION/The-Ego-Trick.md,nonfiction,summary,detailed,Foundation,,
0443,0443,P1,The Self Illusion: How the Social Brain Creates Identity,Bruce Hood,2012,2012,2012,03-Psychology & Human Behavior,Psychology & Human Behavior,04-PERSONALITY-EMOTION,Personality,Identity,The-Self-Illusion,Intermediate,planned,md/03-Psychology-and-Human-Behavior/04-PERSONALITY-EMOTION/The-Self-Illusion.md,nonfiction,summary,detailed,Foundation,,
0444,0444,P1,Strangers to Ourselves: Discovering the Adaptive Unconscious,Timothy D. Wilson,2002,2004,2002,03-Psychology & Human Behavior,Psychology & Human Behavior,04-PERSONALITY-EMOTION,Personality,Identity,Strangers-to-Ourselves,Intermediate,planned,md/03-Psychology-and-Human-Behavior/04-PERSONALITY-EMOTION/Strangers-to-Ourselves.md,nonfiction,summary,detailed,Foundation,,
0445,0445,P1,Redirect: The Surprising New Science of Psychological Change,Timothy D. Wilson,2011,2015,2011,03-Psychology & Human Behavior,Psychology & Human Behavior,04-PERSONALITY-EMOTION,Personality,Identity,Redirect-Wilson,Intermediate,planned,md/03-Psychology-and-Human-Behavior/04-PERSONALITY-EMOTION/Redirect-Wilson.md,nonfiction,summary,detailed,Foundation,,
0446,0446,P0,"Chatter: The Voice in Our Head, Why It Matters, and How to Harness It",Ethan Kross,2021,2022,2021,03-Psychology & Human Behavior,Psychology & Human Behavior,04-PERSONALITY-EMOTION,Emotion,Emotional Regulation,Chatter-Kross,Intermediate,planned,md/03-Psychology-and-Human-Behavior/04-PERSONALITY-EMOTION/Chatter-Kross.md,nonfiction,summary,detailed,Foundation,,
0447,0447,P0,How Emotions Are Made: The Secret Life of the Brain,Lisa Feldman Barrett,2017,2018,2017,03-Psychology & Human Behavior,Psychology & Human Behavior,04-PERSONALITY-EMOTION,Emotion,Emotional Regulation,How-Emotions-Are-Made,Intermediate,planned,md/03-Psychology-and-Human-Behavior/04-PERSONALITY-EMOTION/How-Emotions-Are-Made.md,nonfiction,summary,detailed,Foundation,,
0448,0448,P1,Seven and a Half Lessons About the Brain,Lisa Feldman Barrett,2020,2021,2020,03-Psychology & Human Behavior,Psychology & Human Behavior,04-PERSONALITY-EMOTION,Emotion,Emotional Regulation,Seven-and-a-Half-Lessons-About-the-Brain,Intermediate,planned,md/03-Psychology-and-Human-Behavior/04-PERSONALITY-EMOTION/Seven-and-a-Half-Lessons-About-the-Brain.md,nonfiction,summary,detailed,Foundation,,
0449,0449,P0,"Descartes' Error: Emotion, Reason, and the Human Brain",Antonio Damasio,1994,2005,1994,03-Psychology & Human Behavior,Psychology & Human Behavior,04-PERSONALITY-EMOTION,Emotion,Emotional Regulation,Descartes-Error,Intermediate,planned,md/03-Psychology-and-Human-Behavior/04-PERSONALITY-EMOTION/Descartes-Error.md,nonfiction,summary,detailed,Foundation,,
0450,0450,P1,"Looking for Spinoza: Joy, Sorrow, and the Feeling Brain",Antonio Damasio,2003,2003,2003,03-Psychology & Human Behavior,Psychology & Human Behavior,04-PERSONALITY-EMOTION,Emotion,Emotional Regulation,Looking-for-Spinoza,Intermediate,planned,md/03-Psychology-and-Human-Behavior/04-PERSONALITY-EMOTION/Looking-for-Spinoza.md,nonfiction,summary,detailed,Foundation,,
0451,0451,P0,Anxious: Using the Brain to Understand and Treat Fear and Anxiety,Joseph LeDoux,2015,2016,2015,03-Psychology & Human Behavior,Psychology & Human Behavior,04-PERSONALITY-EMOTION,Emotion,Fear & Anxiety Concepts,Anxious-LeDoux,Intermediate,planned,md/03-Psychology-and-Human-Behavior/04-PERSONALITY-EMOTION/Anxious-LeDoux.md,nonfiction,summary,detailed,Foundation,,
0452,0452,P0,The Emotional Brain: The Mysterious Underpinnings of Emotional Life,Joseph LeDoux,1996,1998,1996,03-Psychology & Human Behavior,Psychology & Human Behavior,04-PERSONALITY-EMOTION,Emotion,Fear & Anxiety Concepts,The-Emotional-Brain,Intermediate,planned,md/03-Psychology-and-Human-Behavior/04-PERSONALITY-EMOTION/The-Emotional-Brain.md,nonfiction,summary,detailed,Foundation,,
0453,0453,P1,"My Age of Anxiety: Fear, Hope, Dread, and the Search for Peace of Mind",Scott Stossel,2014,2015,2014,03-Psychology & Human Behavior,Psychology & Human Behavior,04-PERSONALITY-EMOTION,Emotion,Fear & Anxiety Concepts,My-Age-of-Anxiety,Intermediate,planned,md/03-Psychology-and-Human-Behavior/04-PERSONALITY-EMOTION/My-Age-of-Anxiety.md,nonfiction,summary,detailed,Foundation,,
0454,0454,P0,"The Body Keeps the Score: Brain, Mind, and Body in the Healing of Trauma",Bessel van der Kolk,2014,2015,2014,03-Psychology & Human Behavior,Psychology & Human Behavior,04-PERSONALITY-EMOTION,Emotion,Fear & Anxiety Concepts,The-Body-Keeps-the-Score,Intermediate,planned,md/03-Psychology-and-Human-Behavior/04-PERSONALITY-EMOTION/The-Body-Keeps-the-Score.md,nonfiction,summary,detailed,Foundation,,
0455,0455,P1,When the Body Says No: The Cost of Hidden Stress,Gabor Maté,2003,2019,2003,03-Psychology & Human Behavior,Psychology & Human Behavior,04-PERSONALITY-EMOTION,Emotion,Fear & Anxiety Concepts,When-the-Body-Says-No,Intermediate,planned,md/03-Psychology-and-Human-Behavior/04-PERSONALITY-EMOTION/When-the-Body-Says-No.md,nonfiction,summary,detailed,Foundation,,
0456,0456,P0,The Happiness Hypothesis: Finding Modern Truth in Ancient Wisdom,Jonathan Haidt,2006,2006,2006,03-Psychology & Human Behavior,Psychology & Human Behavior,04-PERSONALITY-EMOTION,Emotion,Happiness & Positive Emotion,The-Happiness-Hypothesis,Intermediate,planned,md/03-Psychology-and-Human-Behavior/04-PERSONALITY-EMOTION/The-Happiness-Hypothesis.md,nonfiction,summary,detailed,Foundation,,
0457,0457,P0,Stumbling on Happiness,Daniel Gilbert,2006,2007,2006,03-Psychology & Human Behavior,Psychology & Human Behavior,04-PERSONALITY-EMOTION,Emotion,Happiness & Positive Emotion,Stumbling-on-Happiness,Intermediate,planned,md/03-Psychology-and-Human-Behavior/04-PERSONALITY-EMOTION/Stumbling-on-Happiness.md,nonfiction,summary,detailed,Foundation,,
0458,0458,P0,Authentic Happiness: Using the New Positive Psychology to Realize Your Potential for Lasting Fulfillment,Martin E.P. Seligman,2002,2004,2002,03-Psychology & Human Behavior,Psychology & Human Behavior,04-PERSONALITY-EMOTION,Emotion,Happiness & Positive Emotion,Authentic-Happiness,Intermediate,planned,md/03-Psychology-and-Human-Behavior/04-PERSONALITY-EMOTION/Authentic-Happiness.md,nonfiction,summary,detailed,Foundation,,
0459,0459,P1,Flourish: A Visionary New Understanding of Happiness and Well-being,Martin E.P. Seligman,2011,2012,2011,03-Psychology & Human Behavior,Psychology & Human Behavior,04-PERSONALITY-EMOTION,Emotion,Happiness & Positive Emotion,Flourish-Seligman,Intermediate,planned,md/03-Psychology-and-Human-Behavior/04-PERSONALITY-EMOTION/Flourish-Seligman.md,nonfiction,summary,detailed,Foundation,,
0460,0460,P1,The How of Happiness: A Scientific Approach to Getting the Life You Want,Sonja Lyubomirsky,2007,2008,2007,03-Psychology & Human Behavior,Psychology & Human Behavior,04-PERSONALITY-EMOTION,Emotion,Happiness & Positive Emotion,The-How-of-Happiness,Intermediate,planned,md/03-Psychology-and-Human-Behavior/04-PERSONALITY-EMOTION/The-How-of-Happiness.md,nonfiction,summary,detailed,Foundation,,
0461,0461,P0,The Selfish Gene,Richard Dawkins,1976,2016,1976,03-Psychology & Human Behavior,Psychology & Human Behavior,04-PERSONALITY-EMOTION,Evolutionary Psychology,Cooperation,The-Selfish-Gene,Intermediate,planned,md/03-Psychology-and-Human-Behavior/04-PERSONALITY-EMOTION/The-Selfish-Gene.md,nonfiction,summary,detailed,Foundation,,
0462,0462,P1,Unto Others: The Evolution and Psychology of Unselfish Behavior,Elliott Sober; David Sloan Wilson,1998,1999,1998,03-Psychology & Human Behavior,Psychology & Human Behavior,04-PERSONALITY-EMOTION,Evolutionary Psychology,Cooperation,Unto-Others-Sober-Wilson,Intermediate,planned,md/03-Psychology-and-Human-Behavior/04-PERSONALITY-EMOTION/Unto-Others-Sober-Wilson.md,nonfiction,summary,detailed,Foundation,,
0463,0463,P0,Darwin's Dangerous Idea: Evolution and the Meanings of Life,Daniel C. Dennett,1995,2014,1995,03-Psychology & Human Behavior,Psychology & Human Behavior,04-PERSONALITY-EMOTION,Evolutionary Psychology,Cooperation,Darwins-Dangerous-Idea-Dennett,Intermediate,planned,md/03-Psychology-and-Human-Behavior/04-PERSONALITY-EMOTION/Darwins-Dangerous-Idea-Dennett.md,nonfiction,summary,detailed,Foundation,,
0464,0464,P1,Mutual Aid: A Factor of Evolution,Peter Kropotkin,1902,2012,1902,03-Psychology & Human Behavior,Psychology & Human Behavior,04-PERSONALITY-EMOTION,Evolutionary Psychology,Cooperation,Mutual-Aid,Intermediate,planned,md/03-Psychology-and-Human-Behavior/04-PERSONALITY-EMOTION/Mutual-Aid.md,nonfiction,summary,detailed,Foundation,,
0465,0465,P1,"Moral Origins: The Evolution of Virtue, Altruism, and Shame",Christopher Boehm,2012,2012,2012,03-Psychology & Human Behavior,Psychology & Human Behavior,04-PERSONALITY-EMOTION,Evolutionary Psychology,Cooperation,Moral-Origins,Intermediate,planned,md/03-Psychology-and-Human-Behavior/04-PERSONALITY-EMOTION/Moral-Origins.md,nonfiction,summary,detailed,Foundation,,
0466,0466,P0,The Red Queen: Sex and the Evolution of Human Nature,Matt Ridley,1993,2003,1993,03-Psychology & Human Behavior,Psychology & Human Behavior,04-PERSONALITY-EMOTION,Evolutionary Psychology,Competition,The-Red-Queen,Intermediate,planned,md/03-Psychology-and-Human-Behavior/04-PERSONALITY-EMOTION/The-Red-Queen.md,nonfiction,summary,detailed,Foundation,,
0467,0467,P0,The Moral Animal: Why We Are the Way We Are: The New Science of Evolutionary Psychology,Robert Wright,1994,1995,1994,03-Psychology & Human Behavior,Psychology & Human Behavior,04-PERSONALITY-EMOTION,Evolutionary Psychology,Competition,The-Moral-Animal,Intermediate,planned,md/03-Psychology-and-Human-Behavior/04-PERSONALITY-EMOTION/The-Moral-Animal.md,nonfiction,summary,detailed,Foundation,,
0468,0468,P1,Hierarchy in the Forest: The Evolution of Egalitarian Behavior,Christopher Boehm,1999,2001,1999,03-Psychology & Human Behavior,Psychology & Human Behavior,04-PERSONALITY-EMOTION,Evolutionary Psychology,Competition,Hierarchy-in-the-Forest,Intermediate,planned,md/03-Psychology-and-Human-Behavior/04-PERSONALITY-EMOTION/Hierarchy-in-the-Forest.md,nonfiction,summary,detailed,Foundation,,
0469,0469,P1,"War, Peace, and Human Nature: The Convergence of Evolutionary and Cultural Views",Douglas P. Fry,2013,2015,2013,03-Psychology & Human Behavior,Psychology & Human Behavior,04-PERSONALITY-EMOTION,Evolutionary Psychology,Competition,War-Peace-and-Human-Nature-Fry,Intermediate,planned,md/03-Psychology-and-Human-Behavior/04-PERSONALITY-EMOTION/War-Peace-and-Human-Nature-Fry.md,nonfiction,summary,detailed,Foundation,,
0470,0470,P0,The Secret of Our Success: How Culture Is Driving Human Evolution,Joseph Henrich,2015,2017,2015,03-Psychology & Human Behavior,Psychology & Human Behavior,04-PERSONALITY-EMOTION,Evolutionary Psychology,Competition,The-Secret-of-Our-Success-Henrich,Intermediate,planned,md/03-Psychology-and-Human-Behavior/04-PERSONALITY-EMOTION/The-Secret-of-Our-Success-Henrich.md,nonfiction,summary,detailed,Foundation,,
0471,0471,P0,The Bonobo and the Atheist: In Search of Humanism Among the Primates,Frans de Waal,2013,2014,2013,03-Psychology & Human Behavior,Psychology & Human Behavior,04-PERSONALITY-EMOTION,Evolutionary Psychology,Human Evolution,The-Bonobo-and-the-Atheist-de-Waal,Intermediate,planned,md/03-Psychology-and-Human-Behavior/04-PERSONALITY-EMOTION/The-Bonobo-and-the-Atheist-de-Waal.md,nonfiction,summary,detailed,Foundation,,
0472,0472,P0,Blueprint: The Evolutionary Origins of a Good Society,Nicholas A. Christakis,2019,2020,2019,03-Psychology & Human Behavior,Psychology & Human Behavior,04-PERSONALITY-EMOTION,Evolutionary Psychology,Human Evolution,Blueprint-Evolutionary-Origins-Christakis,Intermediate,planned,md/03-Psychology-and-Human-Behavior/04-PERSONALITY-EMOTION/Blueprint-Evolutionary-Origins-Christakis.md,nonfiction,summary,detailed,Foundation,,
0473,0473,P0,Different: Gender Through the Eyes of a Primatologist,Frans de Waal,2022,2022,2022,03-Psychology & Human Behavior,Psychology & Human Behavior,04-PERSONALITY-EMOTION,Evolutionary Psychology,Human Evolution,Different-de-Waal,Intermediate,planned,md/03-Psychology-and-Human-Behavior/04-PERSONALITY-EMOTION/Different-de-Waal.md,nonfiction,summary,detailed,Foundation,,
0474,0474,P1,The Third Chimpanzee: The Evolution and Future of the Human Animal,Jared Diamond,1991,2006,1991,03-Psychology & Human Behavior,Psychology & Human Behavior,04-PERSONALITY-EMOTION,Evolutionary Psychology,Human Evolution,The-Third-Chimpanzee,Intermediate,planned,md/03-Psychology-and-Human-Behavior/04-PERSONALITY-EMOTION/The-Third-Chimpanzee.md,nonfiction,summary,detailed,Foundation,,
0475,0475,P1,"Kindred: Neanderthal Life, Love, Death and Art",Rebecca Wragg Sykes,2020,2021,2020,03-Psychology & Human Behavior,Psychology & Human Behavior,04-PERSONALITY-EMOTION,Evolutionary Psychology,Human Evolution,Kindred-Sykes,Intermediate,planned,md/03-Psychology-and-Human-Behavior/04-PERSONALITY-EMOTION/Kindred-Sykes.md,nonfiction,summary,detailed,Foundation,,
0476,0476,P1,"The Smarter Screen: What Your Business Can Learn from the Way We Think, Talk, and Buy Online",Shlomo Benartzi; Jonah Lehrer,2015,2015,2015,03-Psychology & Human Behavior,Psychology & Human Behavior,04-PERSONALITY-EMOTION,Applied Behavioral Science,Choice Architecture,The-Smarter-Screen,Intermediate,planned,md/03-Psychology-and-Human-Behavior/04-PERSONALITY-EMOTION/The-Smarter-Screen.md,nonfiction,summary,detailed,Foundation,,
0477,0477,P0,The Art of Choosing,Sheena Iyengar,2010,2011,2010,03-Psychology & Human Behavior,Psychology & Human Behavior,04-PERSONALITY-EMOTION,Applied Behavioral Science,Choice Architecture,The-Art-of-Choosing,Intermediate,planned,md/03-Psychology-and-Human-Behavior/04-PERSONALITY-EMOTION/The-Art-of-Choosing.md,nonfiction,summary,detailed,Foundation,,
0478,0478,P0,The Paradox of Choice: Why More Is Less,Barry Schwartz,2004,2016,2004,03-Psychology & Human Behavior,Psychology & Human Behavior,04-PERSONALITY-EMOTION,Applied Behavioral Science,Choice Architecture,The-Paradox-of-Choice,Intermediate,planned,md/03-Psychology-and-Human-Behavior/04-PERSONALITY-EMOTION/The-Paradox-of-Choice.md,nonfiction,summary,detailed,Foundation,,
0479,0479,P0,Nudge: The Final Edition,Richard H. Thaler; Cass R. Sunstein,2021,2021,2021,03-Psychology & Human Behavior,Psychology & Human Behavior,04-PERSONALITY-EMOTION,Applied Behavioral Science,Choice Architecture,Nudge-Final-Edition,Intermediate,planned,md/03-Psychology-and-Human-Behavior/04-PERSONALITY-EMOTION/Nudge-Final-Edition.md,nonfiction,summary,detailed,Foundation,,
0480,0480,P2,Look Both Ways: How to Bring Choice Architecture into the Real World,Ruth Schmidt,2022,2022,2022,03-Psychology & Human Behavior,Psychology & Human Behavior,04-PERSONALITY-EMOTION,Applied Behavioral Science,Choice Architecture,Look-Both-Ways,Intermediate,planned,md/03-Psychology-and-Human-Behavior/04-PERSONALITY-EMOTION/Look-Both-Ways.md,nonfiction,summary,detailed,Foundation,,
0481,0481,P1,Carrots and Sticks: Unlock the Power of Incentives to Get Things Done,Ian Ayres,2010,2011,2010,03-Psychology & Human Behavior,Psychology & Human Behavior,04-PERSONALITY-EMOTION,Applied Behavioral Science,Incentive Systems,Carrots-and-Sticks,Intermediate,planned,md/03-Psychology-and-Human-Behavior/04-PERSONALITY-EMOTION/Carrots-and-Sticks.md,nonfiction,summary,detailed,Foundation,,
0482,0482,P1,"Punished by Rewards: The Trouble with Gold Stars, Incentive Plans, A's, Praise, and Other Bribes",Alfie Kohn,1993,2018,1993,03-Psychology & Human Behavior,Psychology & Human Behavior,04-PERSONALITY-EMOTION,Applied Behavioral Science,Incentive Systems,Punished-by-Rewards,Intermediate,planned,md/03-Psychology-and-Human-Behavior/04-PERSONALITY-EMOTION/Punished-by-Rewards.md,nonfiction,summary,detailed,Foundation,,
0483,0483,P1,Payoff: The Hidden Logic That Shapes Our Motivations,Dan Ariely,2016,2016,2016,03-Psychology & Human Behavior,Psychology & Human Behavior,04-PERSONALITY-EMOTION,Applied Behavioral Science,Incentive Systems,Payoff-Ariely,Intermediate,planned,md/03-Psychology-and-Human-Behavior/04-PERSONALITY-EMOTION/Payoff-Ariely.md,nonfiction,summary,detailed,Foundation,,
0484,0484,P1,The Honest Truth About Dishonesty: How We Lie to Everyone—Especially Ourselves,Dan Ariely,2012,2013,2012,03-Psychology & Human Behavior,Psychology & Human Behavior,04-PERSONALITY-EMOTION,Applied Behavioral Science,Incentive Systems,The-Honest-Truth-About-Dishonesty,Intermediate,planned,md/03-Psychology-and-Human-Behavior/04-PERSONALITY-EMOTION/The-Honest-Truth-About-Dishonesty.md,nonfiction,summary,detailed,Foundation,,
0485,0485,P1,"Irrationally Yours: On Missing Socks, Pickup Lines, and Other Existential Puzzles",Dan Ariely,2015,2015,2015,03-Psychology & Human Behavior,Psychology & Human Behavior,04-PERSONALITY-EMOTION,Applied Behavioral Science,Incentive Systems,Irrationally-Yours-Ariely,Intermediate,planned,md/03-Psychology-and-Human-Behavior/04-PERSONALITY-EMOTION/Irrationally-Yours-Ariely.md,nonfiction,summary,detailed,Foundation,,
0486,0486,P0,Inside the Nudge Unit: How Small Changes Can Make a Big Difference,David Halpern,2015,2016,2015,03-Psychology & Human Behavior,Psychology & Human Behavior,04-PERSONALITY-EMOTION,Applied Behavioral Science,Applied Behavioral Change,Inside-the-Nudge-Unit,Intermediate,planned,md/03-Psychology-and-Human-Behavior/04-PERSONALITY-EMOTION/Inside-the-Nudge-Unit.md,nonfiction,summary,detailed,Foundation,,
0487,0487,P1,Think Small: The Surprisingly Simple Ways to Reach Big Goals,Owain Service; Rory Gallagher,2017,2018,2017,03-Psychology & Human Behavior,Psychology & Human Behavior,04-PERSONALITY-EMOTION,Applied Behavioral Science,Applied Behavioral Change,Think-Small,Intermediate,planned,md/03-Psychology-and-Human-Behavior/04-PERSONALITY-EMOTION/Think-Small.md,nonfiction,summary,detailed,Foundation,,
0488,0488,P2,Behavioral Science in Practice,Liam Delaney,2021,2021,2021,03-Psychology & Human Behavior,Psychology & Human Behavior,04-PERSONALITY-EMOTION,Applied Behavioral Science,Applied Behavioral Change,Behavioral-Science-in-Practice,Intermediate,planned,md/03-Psychology-and-Human-Behavior/04-PERSONALITY-EMOTION/Behavioral-Science-in-Practice.md,nonfiction,summary,detailed,Foundation,,
0489,0489,P1,Engaged: Designing for Behavior Change,Amy Bucher,2020,2020,2020,03-Psychology & Human Behavior,Psychology & Human Behavior,04-PERSONALITY-EMOTION,Applied Behavioral Science,Applied Behavioral Change,Engaged-Bucher,Intermediate,planned,md/03-Psychology-and-Human-Behavior/04-PERSONALITY-EMOTION/Engaged-Bucher.md,nonfiction,summary,detailed,Foundation,,
0490,0490,P1,Design for How People Think: Using Brain Science to Build Better Products,John Whalen,2019,2019,2019,03-Psychology & Human Behavior,Psychology & Human Behavior,04-PERSONALITY-EMOTION,Applied Behavioral Science,Applied Behavioral Change,Design-for-How-People-Think,Intermediate,planned,md/03-Psychology-and-Human-Behavior/04-PERSONALITY-EMOTION/Design-for-How-People-Think.md,nonfiction,summary,detailed,Foundation,,
0491,0491,P1,StrengthsFinder 2.0,Tom Rath,2007,2017,2007,04-Personal Development & Life Skills,Personal Development & Life Skills,01-SELF-DEVELOPMENT,Self-Awareness,Strengths & Weaknesses,StrengthsFinder-2-0,Intermediate,planned,md/04-Personal-Development-and-Life-Skills/01-SELF-DEVELOPMENT/StrengthsFinder-2-0.md,nonfiction,summary,detailed,Foundation,,
0492,0492,P1,"Now, Discover Your Strengths",Marcus Buckingham; Donald O. Clifton,2001,2005,2001,04-Personal Development & Life Skills,Personal Development & Life Skills,01-SELF-DEVELOPMENT,Self-Awareness,Strengths & Weaknesses,Now-Discover-Your-Strengths,Intermediate,planned,md/04-Personal-Development-and-Life-Skills/01-SELF-DEVELOPMENT/Now-Discover-Your-Strengths.md,nonfiction,summary,detailed,Foundation,,
0493,0493,P2,"StandOut 2.0: Assess Your Strengths, Find Your Edge, Win at Work",Marcus Buckingham,2015,2015,2015,04-Personal Development & Life Skills,Personal Development & Life Skills,01-SELF-DEVELOPMENT,Self-Awareness,Strengths & Weaknesses,StandOut-2-0,Intermediate,planned,md/04-Personal-Development-and-Life-Skills/01-SELF-DEVELOPMENT/StandOut-2-0.md,nonfiction,summary,detailed,Foundation,,
0494,0494,P3,What You're Good At,Richard Leider,2010,2010,2010,04-Personal Development & Life Skills,Personal Development & Life Skills,01-SELF-DEVELOPMENT,Self-Awareness,Strengths & Weaknesses,What-Youre-Good-At,Intermediate,planned,md/04-Personal-Development-and-Life-Skills/01-SELF-DEVELOPMENT/What-Youre-Good-At.md,nonfiction,summary,detailed,Foundation,,
0495,0495,P3,Know Your Strengths and Be Confident,Patrick Lencioni,2016,2016,2016,04-Personal Development & Life Skills,Personal Development & Life Skills,01-SELF-DEVELOPMENT,Self-Awareness,Strengths & Weaknesses,Know-Your-Strengths,Intermediate,planned,md/04-Personal-Development-and-Life-Skills/01-SELF-DEVELOPMENT/Know-Your-Strengths.md,nonfiction,summary,detailed,Foundation,,
0496,0496,P0,"The Daily Stoic: 366 Meditations on Wisdom, Perseverance, and the Art of Living",Ryan Holiday; Stephen Hanselman,2016,2016,2016,04-Personal Development & Life Skills,Personal Development & Life Skills,01-SELF-DEVELOPMENT,Self-Awareness,Personal Reflection,The-Daily-Stoic-Holiday,Intermediate,planned,md/04-Personal-Development-and-Life-Skills/01-SELF-DEVELOPMENT/The-Daily-Stoic-Holiday.md,nonfiction,summary,detailed,Foundation,,
0497,0497,P0,Letters from a Stoic,Seneca,65,2015,65,04-Personal Development & Life Skills,Personal Development & Life Skills,01-SELF-DEVELOPMENT,Self-Awareness,Personal Reflection,Letters-from-a-Stoic,Intermediate,planned,md/04-Personal-Development-and-Life-Skills/01-SELF-DEVELOPMENT/Letters-from-a-Stoic.md,nonfiction,summary,detailed,Foundation,,
0498,0498,P0,Essays,Michel de Montaigne,1580,2003,1580,04-Personal Development & Life Skills,Personal Development & Life Skills,01-SELF-DEVELOPMENT,Self-Awareness,Personal Reflection,Essays-Montaigne,Intermediate,planned,md/04-Personal-Development-and-Life-Skills/01-SELF-DEVELOPMENT/Essays-Montaigne.md,nonfiction,summary,detailed,Foundation,,
0499,0499,P1,Walden,Henry David Thoreau,1854,2016,1854,04-Personal Development & Life Skills,Personal Development & Life Skills,01-SELF-DEVELOPMENT,Self-Awareness,Personal Reflection,Walden,Intermediate,planned,md/04-Personal-Development-and-Life-Skills/01-SELF-DEVELOPMENT/Walden.md,nonfiction,summary,detailed,Foundation,,
0500,0500,P1,The Examined Life: Philosophical Meditations,Robert Nozick,1989,1990,1989,04-Personal Development & Life Skills,Personal Development & Life Skills,01-SELF-DEVELOPMENT,Self-Awareness,Personal Reflection,The-Examined-Life-Nozick,Intermediate,planned,md/04-Personal-Development-and-Life-Skills/01-SELF-DEVELOPMENT/The-Examined-Life-Nozick.md,nonfiction,summary,detailed,Foundation,,
0501,0501,P0,Man's Search for Meaning,Viktor E. Frankl,1946,2006,1946,04-Personal Development & Life Skills,Personal Development & Life Skills,01-SELF-DEVELOPMENT,Identity & Values,Personal Values,Mans-Search-for-Meaning,Intermediate,planned,md/04-Personal-Development-and-Life-Skills/01-SELF-DEVELOPMENT/Mans-Search-for-Meaning.md,nonfiction,summary,detailed,Foundation,,
0502,0502,P0,Principles: Life and Work,Ray Dalio,2017,2017,2017,04-Personal Development & Life Skills,Personal Development & Life Skills,01-SELF-DEVELOPMENT,Identity & Values,Personal Values,Principles-Life-and-Work,Intermediate,planned,md/04-Personal-Development-and-Life-Skills/01-SELF-DEVELOPMENT/Principles-Life-and-Work.md,nonfiction,summary,detailed,Foundation,,
0503,0503,P1,The Road to Character,David Brooks,2015,2016,2015,04-Personal Development & Life Skills,Personal Development & Life Skills,01-SELF-DEVELOPMENT,Identity & Values,Personal Values,The-Road-to-Character,Intermediate,planned,md/04-Personal-Development-and-Life-Skills/01-SELF-DEVELOPMENT/The-Road-to-Character.md,nonfiction,summary,detailed,Foundation,,
0504,0504,P1,The Second Mountain: The Quest for a Moral Life,David Brooks,2019,2020,2019,04-Personal Development & Life Skills,Personal Development & Life Skills,01-SELF-DEVELOPMENT,Identity & Values,Personal Values,The-Second-Mountain,Intermediate,planned,md/04-Personal-Development-and-Life-Skills/01-SELF-DEVELOPMENT/The-Second-Mountain.md,nonfiction,summary,detailed,Foundation,,
0505,0505,P2,Living an Examined Life: Wisdom for the Second Half of the Journey,James Hollis,2018,2018,2018,04-Personal Development & Life Skills,Personal Development & Life Skills,01-SELF-DEVELOPMENT,Identity & Values,Personal Values,Living-an-Examined-Life,Intermediate,planned,md/04-Personal-Development-and-Life-Skills/01-SELF-DEVELOPMENT/Living-an-Examined-Life.md,nonfiction,summary,detailed,Foundation,,
0506,0506,P0,Start with Why: How Great Leaders Inspire Everyone to Take Action,Simon Sinek,2009,2011,2009,04-Personal Development & Life Skills,Personal Development & Life Skills,01-SELF-DEVELOPMENT,Identity & Values,Personal Direction,Start-with-Why,Intermediate,planned,md/04-Personal-Development-and-Life-Skills/01-SELF-DEVELOPMENT/Start-with-Why.md,nonfiction,summary,detailed,Foundation,,
0507,0507,P1,Find Your Why: A Practical Guide for Discovering Purpose for You and Your Team,Simon Sinek; David Mead; Peter Docker,2017,2017,2017,04-Personal Development & Life Skills,Personal Development & Life Skills,01-SELF-DEVELOPMENT,Identity & Values,Personal Direction,Find-Your-Why,Intermediate,planned,md/04-Personal-Development-and-Life-Skills/01-SELF-DEVELOPMENT/Find-Your-Why.md,nonfiction,summary,detailed,Foundation,,
0508,0508,P2,The Crossroads of Should and Must: Find and Follow Your Passion,Elle Luna,2015,2015,2015,04-Personal Development & Life Skills,Personal Development & Life Skills,01-SELF-DEVELOPMENT,Identity & Values,Personal Direction,The-Crossroads-of-Should-and-Must,Intermediate,planned,md/04-Personal-Development-and-Life-Skills/01-SELF-DEVELOPMENT/The-Crossroads-of-Should-and-Must.md,nonfiction,summary,detailed,Foundation,,
0509,0509,P1,The Element: How Finding Your Passion Changes Everything,Ken Robinson; Lou Aronica,2009,2009,2009,04-Personal Development & Life Skills,Personal Development & Life Skills,01-SELF-DEVELOPMENT,Identity & Values,Personal Direction,The-Element,Intermediate,planned,md/04-Personal-Development-and-Life-Skills/01-SELF-DEVELOPMENT/The-Element.md,nonfiction,summary,detailed,Foundation,,
0510,0510,P1,Mastery,George Leonard,1992,1992,1992,04-Personal Development & Life Skills,Personal Development & Life Skills,01-SELF-DEVELOPMENT,Identity & Values,Personal Direction,Mastery-Leonard-Path,Intermediate,planned,md/04-Personal-Development-and-Life-Skills/01-SELF-DEVELOPMENT/Mastery-Leonard-Path.md,nonfiction,summary,detailed,Foundation,,
0511,0511,P0,Mindset: The New Psychology of Success,Carol S. Dweck,2006,2016,2006,04-Personal Development & Life Skills,Personal Development & Life Skills,01-SELF-DEVELOPMENT,Growth,Growth Mindset,Mindset-Dweck,Intermediate,planned,md/04-Personal-Development-and-Life-Skills/01-SELF-DEVELOPMENT/Mindset-Dweck.md,nonfiction,summary,detailed,Foundation,,
0512,0512,P1,"Mathematical Mindsets: Unleashing Students' Potential through Creative Math, Inspiring Messages and Innovative Teaching",Jo Boaler,2015,2022,2015,04-Personal Development & Life Skills,Personal Development & Life Skills,01-SELF-DEVELOPMENT,Growth,Growth Mindset,Mathematical-Mindsets,Intermediate,planned,md/04-Personal-Development-and-Life-Skills/01-SELF-DEVELOPMENT/Mathematical-Mindsets.md,nonfiction,summary,detailed,Foundation,,
0513,0513,P1,"Limitless Mind: Learn, Lead, and Live Without Barriers",Jo Boaler,2019,2019,2019,04-Personal Development & Life Skills,Personal Development & Life Skills,01-SELF-DEVELOPMENT,Growth,Growth Mindset,Limitless-Mind-Boaler,Intermediate,planned,md/04-Personal-Development-and-Life-Skills/01-SELF-DEVELOPMENT/Limitless-Mind-Boaler.md,nonfiction,summary,detailed,Foundation,,
0514,0514,P2,The Growth Mindset Coach,Annie Brock; Heather Hundley,2016,2016,2016,04-Personal Development & Life Skills,Personal Development & Life Skills,01-SELF-DEVELOPMENT,Growth,Growth Mindset,The-Growth-Mindset-Coach,Intermediate,planned,md/04-Personal-Development-and-Life-Skills/01-SELF-DEVELOPMENT/The-Growth-Mindset-Coach.md,nonfiction,summary,detailed,Foundation,,
0515,0515,P1,Smarter Faster Better: The Transformative Power of Real Productivity,Charles Duhigg,2016,2017,2016,04-Personal Development & Life Skills,Personal Development & Life Skills,01-SELF-DEVELOPMENT,Growth,Growth Mindset,Smarter-Faster-Better,Intermediate,planned,md/04-Personal-Development-and-Life-Skills/01-SELF-DEVELOPMENT/Smarter-Faster-Better.md,nonfiction,summary,detailed,Foundation,,
0516,0516,P0,Adapt: Why Success Always Starts with Failure,Tim Harford,2011,2012,2011,04-Personal Development & Life Skills,Personal Development & Life Skills,01-SELF-DEVELOPMENT,Growth,Adaptation & Reinvention,Adapt-Harford,Intermediate,planned,md/04-Personal-Development-and-Life-Skills/01-SELF-DEVELOPMENT/Adapt-Harford.md,nonfiction,summary,detailed,Foundation,,
0517,0517,P1,"Reinventing You: Define Your Brand, Imagine Your Future",Dorie Clark,2013,2017,2013,04-Personal Development & Life Skills,Personal Development & Life Skills,01-SELF-DEVELOPMENT,Growth,Adaptation & Reinvention,Reinventing-You,Intermediate,planned,md/04-Personal-Development-and-Life-Skills/01-SELF-DEVELOPMENT/Reinventing-You.md,nonfiction,summary,detailed,Foundation,,
0518,0518,P0,The Long Game: How to Be a Long-Term Thinker in a Short-Term World,Dorie Clark,2021,2021,2021,04-Personal Development & Life Skills,Personal Development & Life Skills,01-SELF-DEVELOPMENT,Growth,Adaptation & Reinvention,The-Long-Game-Clark,Intermediate,planned,md/04-Personal-Development-and-Life-Skills/01-SELF-DEVELOPMENT/The-Long-Game-Clark.md,nonfiction,summary,detailed,Foundation,,
0519,0519,P1,Stand Out: How to Find Your Breakthrough Idea and Build a Following Around It,Dorie Clark,2015,2015,2015,04-Personal Development & Life Skills,Personal Development & Life Skills,01-SELF-DEVELOPMENT,Growth,Adaptation & Reinvention,Stand-Out-Clark,Intermediate,planned,md/04-Personal-Development-and-Life-Skills/01-SELF-DEVELOPMENT/Stand-Out-Clark.md,nonfiction,summary,detailed,Foundation,,
0520,0520,P1,Who Moved My Cheese?: An A-Mazing Way to Deal with Change in Your Work and in Your Life,Spencer Johnson,1998,2002,1998,04-Personal Development & Life Skills,Personal Development & Life Skills,01-SELF-DEVELOPMENT,Growth,Adaptation & Reinvention,Who-Moved-My-Cheese,Intermediate,planned,md/04-Personal-Development-and-Life-Skills/01-SELF-DEVELOPMENT/Who-Moved-My-Cheese.md,nonfiction,summary,detailed,Foundation,,
0521,0521,P0,Antifragile: Things That Gain from Disorder,Nassim Nicholas Taleb,2012,2014,2012,04-Personal Development & Life Skills,Personal Development & Life Skills,02-RESILIENCE,Adversity,Resilience,Antifragile,Intermediate,planned,md/04-Personal-Development-and-Life-Skills/02-RESILIENCE/Antifragile.md,nonfiction,summary,detailed,Foundation,,
0522,0522,P0,"Option B: Facing Adversity, Building Resilience, and Finding Joy",Sheryl Sandberg; Adam Grant,2017,2019,2017,04-Personal Development & Life Skills,Personal Development & Life Skills,02-RESILIENCE,Adversity,Resilience,Option-B,Intermediate,planned,md/04-Personal-Development-and-Life-Skills/02-RESILIENCE/Option-B.md,nonfiction,summary,detailed,Foundation,,
0523,0523,P1,Resilience: Hard-Won Wisdom for Living a Better Life,Eric Greitens,2015,2016,2015,04-Personal Development & Life Skills,Personal Development & Life Skills,02-RESILIENCE,Adversity,Resilience,Resilience-Greitens,Intermediate,planned,md/04-Personal-Development-and-Life-Skills/02-RESILIENCE/Resilience-Greitens.md,nonfiction,summary,detailed,Foundation,,
0524,0524,P0,The Obstacle Is the Way: The Timeless Art of Turning Trials into Triumph,Ryan Holiday,2014,2014,2014,04-Personal Development & Life Skills,Personal Development & Life Skills,02-RESILIENCE,Adversity,Resilience,The-Obstacle-Is-the-Way,Intermediate,planned,md/04-Personal-Development-and-Life-Skills/02-RESILIENCE/The-Obstacle-Is-the-Way.md,nonfiction,summary,detailed,Foundation,,
0525,0525,P0,Ego Is the Enemy,Ryan Holiday,2016,2016,2016,04-Personal Development & Life Skills,Personal Development & Life Skills,02-RESILIENCE,Adversity,Resilience,Ego-Is-the-Enemy,Intermediate,planned,md/04-Personal-Development-and-Life-Skills/02-RESILIENCE/Ego-Is-the-Enemy.md,nonfiction,summary,detailed,Foundation,,
0526,0526,P0,Can't Hurt Me: Master Your Mind and Defy the Odds,David Goggins,2018,2018,2018,04-Personal Development & Life Skills,Personal Development & Life Skills,02-RESILIENCE,Adversity,Recovery,Cant-Hurt-Me,Intermediate,planned,md/04-Personal-Development-and-Life-Skills/02-RESILIENCE/Cant-Hurt-Me.md,nonfiction,summary,detailed,Foundation,,
0527,0527,P1,Never Finished: Unshackle Your Mind and Win the War Within,David Goggins,2022,2022,2022,04-Personal Development & Life Skills,Personal Development & Life Skills,02-RESILIENCE,Adversity,Recovery,Never-Finished,Intermediate,planned,md/04-Personal-Development-and-Life-Skills/02-RESILIENCE/Never-Finished.md,nonfiction,summary,detailed,Foundation,,
0528,0528,P0,Touching the Void: The True Story of One Man's Miraculous Survival,Joe Simpson,1988,2004,1988,04-Personal Development & Life Skills,Personal Development & Life Skills,02-RESILIENCE,Adversity,Recovery,Touching-the-Void-Simpson,Intermediate,planned,md/04-Personal-Development-and-Life-Skills/02-RESILIENCE/Touching-the-Void-Simpson.md,nonfiction,summary,detailed,Foundation,,
0529,0529,P0,"Unbroken: A World War II Story of Survival, Resilience, and Redemption",Laura Hillenbrand,2010,2014,2010,04-Personal Development & Life Skills,Personal Development & Life Skills,02-RESILIENCE,Adversity,Recovery,Unbroken,Intermediate,planned,md/04-Personal-Development-and-Life-Skills/02-RESILIENCE/Unbroken.md,nonfiction,summary,detailed,Foundation,,
0530,0530,P1,"Deep Survival: Who Lives, Who Dies, and Why",Laurence Gonzales,2003,2017,2003,04-Personal Development & Life Skills,Personal Development & Life Skills,02-RESILIENCE,Adversity,Recovery,Deep-Survival,Intermediate,planned,md/04-Personal-Development-and-Life-Skills/02-RESILIENCE/Deep-Survival.md,nonfiction,summary,detailed,Foundation,,
0531,0531,P0,Why Zebras Don't Get Ulcers,Robert M. Sapolsky,1994,2004,1994,04-Personal Development & Life Skills,Personal Development & Life Skills,02-RESILIENCE,Stress & Pressure,Stress Management,Why-Zebras-Dont-Get-Ulcers,Intermediate,planned,md/04-Personal-Development-and-Life-Skills/02-RESILIENCE/Why-Zebras-Dont-Get-Ulcers.md,nonfiction,summary,detailed,Foundation,,
0532,0532,P0,"The Upside of Stress: Why Stress Is Good for You, and How to Get Good at It",Kelly McGonigal,2015,2016,2015,04-Personal Development & Life Skills,Personal Development & Life Skills,02-RESILIENCE,Stress & Pressure,Stress Management,The-Upside-of-Stress,Intermediate,planned,md/04-Personal-Development-and-Life-Skills/02-RESILIENCE/The-Upside-of-Stress.md,nonfiction,summary,detailed,Foundation,,
0533,0533,P0,Burnout: The Secret to Unlocking the Stress Cycle,Emily Nagoski; Amelia Nagoski,2019,2020,2019,04-Personal Development & Life Skills,Personal Development & Life Skills,02-RESILIENCE,Stress & Pressure,Stress Management,Burnout-Nagoski,Intermediate,planned,md/04-Personal-Development-and-Life-Skills/02-RESILIENCE/Burnout-Nagoski.md,nonfiction,summary,detailed,Foundation,,
0534,0534,P1,The Stress-Proof Brain: Master Your Emotional Response to Stress Using Mindfulness and Neuroplasticity,Melanie Greenberg,2017,2017,2017,04-Personal Development & Life Skills,Personal Development & Life Skills,02-RESILIENCE,Stress & Pressure,Stress Management,The-Stress-Proof-Brain,Intermediate,planned,md/04-Personal-Development-and-Life-Skills/02-RESILIENCE/The-Stress-Proof-Brain.md,nonfiction,summary,detailed,Foundation,,
0535,0535,P0,"Full Catastrophe Living: Using the Wisdom of Your Body and Mind to Face Stress, Pain, and Illness",Jon Kabat-Zinn,1990,2013,1990,04-Personal Development & Life Skills,Personal Development & Life Skills,02-RESILIENCE,Stress & Pressure,Stress Management,Full-Catastrophe-Living,Intermediate,planned,md/04-Personal-Development-and-Life-Skills/02-RESILIENCE/Full-Catastrophe-Living.md,nonfiction,summary,detailed,Foundation,,
0536,0536,P1,Performing Under Pressure: The Science of Doing Your Best When It Matters Most,Hendrie Weisinger; J.P. Pawliw-Fry,2015,2015,2015,04-Personal Development & Life Skills,Personal Development & Life Skills,02-RESILIENCE,Stress & Pressure,Pressure & Performance,Performing-Under-Pressure,Intermediate,planned,md/04-Personal-Development-and-Life-Skills/02-RESILIENCE/Performing-Under-Pressure.md,nonfiction,summary,detailed,Foundation,,
0537,0537,P1,Clutch: Why Some People Excel Under Pressure and Others Don't,Paul Sullivan,2010,2011,2010,04-Personal Development & Life Skills,Personal Development & Life Skills,02-RESILIENCE,Stress & Pressure,Pressure & Performance,Clutch-Sullivan,Intermediate,planned,md/04-Personal-Development-and-Life-Skills/02-RESILIENCE/Clutch-Sullivan.md,nonfiction,summary,detailed,Foundation,,
0538,0538,P2,"The Pressure Principle: Handle Stress, Harness Energy, and Perform When It Counts",Dave Alred,2016,2016,2016,04-Personal Development & Life Skills,Personal Development & Life Skills,02-RESILIENCE,Stress & Pressure,Pressure & Performance,The-Pressure-Principle,Intermediate,planned,md/04-Personal-Development-and-Life-Skills/02-RESILIENCE/The-Pressure-Principle.md,nonfiction,summary,detailed,Foundation,,
0539,0539,P2,10-Minute Toughness: The Mental Training Program for Winning Before the Game Begins,Jason Selk,2008,2008,2008,04-Personal Development & Life Skills,Personal Development & Life Skills,02-RESILIENCE,Stress & Pressure,Pressure & Performance,10-Minute-Toughness,Intermediate,planned,md/04-Personal-Development-and-Life-Skills/02-RESILIENCE/10-Minute-Toughness.md,nonfiction,summary,detailed,Foundation,,
0540,0540,P1,Mind Gym: An Athlete's Guide to Inner Excellence,Gary Mack; David Casstevens,2001,2002,2001,04-Personal Development & Life Skills,Personal Development & Life Skills,02-RESILIENCE,Stress & Pressure,Pressure & Performance,Mind-Gym,Intermediate,planned,md/04-Personal-Development-and-Life-Skills/02-RESILIENCE/Mind-Gym.md,nonfiction,summary,detailed,Foundation,,
0541,0541,P0,The Practice of Adaptive Leadership: Tools and Tactics for Changing Your Organization and the World,Ronald A. Heifetz; Alexander Grashow; Marty Linsky,2009,2009,2009,04-Personal Development & Life Skills,Personal Development & Life Skills,02-RESILIENCE,Adaptability,Adapting to Change,The-Practice-of-Adaptive-Leadership,Intermediate,planned,md/04-Personal-Development-and-Life-Skills/02-RESILIENCE/The-Practice-of-Adaptive-Leadership.md,nonfiction,summary,detailed,Foundation,,
0542,0542,P0,Immunity to Change: How to Overcome It and Unlock the Potential in Yourself and Your Organization,Robert Kegan; Lisa Laskow Lahey,2009,2009,2009,04-Personal Development & Life Skills,Personal Development & Life Skills,02-RESILIENCE,Adaptability,Adapting to Change,Immunity-to-Change,Intermediate,planned,md/04-Personal-Development-and-Life-Skills/02-RESILIENCE/Immunity-to-Change.md,nonfiction,summary,detailed,Foundation,,
0543,0543,P1,An Everyone Culture: Becoming a Deliberately Developmental Organization,Robert Kegan; Lisa Laskow Lahey,2016,2016,2016,04-Personal Development & Life Skills,Personal Development & Life Skills,02-RESILIENCE,Adaptability,Adapting to Change,An-Everyone-Culture,Intermediate,planned,md/04-Personal-Development-and-Life-Skills/02-RESILIENCE/An-Everyone-Culture.md,nonfiction,summary,detailed,Foundation,,
0544,0544,P1,Change: How Organizations Achieve Hard-to-Imagine Results in Uncertain and Volatile Times,John P. Kotter; Vanessa Akhtar; Gaurav Gupta,2021,2021,2021,04-Personal Development & Life Skills,Personal Development & Life Skills,02-RESILIENCE,Adaptability,Adapting to Change,Change-Kotter,Intermediate,planned,md/04-Personal-Development-and-Life-Skills/02-RESILIENCE/Change-Kotter.md,nonfiction,summary,detailed,Foundation,,
0545,0545,P2,Our Iceberg Is Melting: Changing and Succeeding Under Any Conditions,John P. Kotter; Holger Rathgeber,2005,2016,2005,04-Personal Development & Life Skills,Personal Development & Life Skills,02-RESILIENCE,Adaptability,Adapting to Change,Our-Iceberg-Is-Melting,Intermediate,planned,md/04-Personal-Development-and-Life-Skills/02-RESILIENCE/Our-Iceberg-Is-Melting.md,nonfiction,summary,detailed,Foundation,,
0546,0546,P0,The Power of Meaning: Finding Fulfillment in a World Obsessed with Happiness,Emily Esfahani Smith,2017,2018,2017,04-Personal Development & Life Skills,Personal Development & Life Skills,03-MEANING-LIFE-DESIGN,Purpose,Meaning,The-Power-of-Meaning,Intermediate,planned,md/04-Personal-Development-and-Life-Skills/03-MEANING-LIFE-DESIGN/The-Power-of-Meaning.md,nonfiction,summary,detailed,Foundation,,
0547,0547,P1,Ikigai: The Japanese Secret to a Long and Happy Life,Héctor García; Francesc Miralles,2016,2017,2016,04-Personal Development & Life Skills,Personal Development & Life Skills,03-MEANING-LIFE-DESIGN,Purpose,Meaning,Ikigai,Intermediate,planned,md/04-Personal-Development-and-Life-Skills/03-MEANING-LIFE-DESIGN/Ikigai.md,nonfiction,summary,detailed,Foundation,,
0548,0548,P3,Life Is Tremendous,Charlie Tremendous Jones,1968,1998,1968,04-Personal Development & Life Skills,Personal Development & Life Skills,03-MEANING-LIFE-DESIGN,Purpose,Meaning,Life-Is-Tremendous,Intermediate,planned,md/04-Personal-Development-and-Life-Skills/03-MEANING-LIFE-DESIGN/Life-Is-Tremendous.md,nonfiction,summary,detailed,Foundation,,
0549,0549,P0,The Anatomy of Hope: How People Prevail in the Face of Illness,Jerome Groopman,2004,2005,2004,04-Personal Development & Life Skills,Personal Development & Life Skills,03-MEANING-LIFE-DESIGN,Purpose,Meaning,The-Anatomy-of-Hope-Groopman,Intermediate,planned,md/04-Personal-Development-and-Life-Skills/03-MEANING-LIFE-DESIGN/The-Anatomy-of-Hope-Groopman.md,nonfiction,summary,detailed,Foundation,,
0550,0550,P1,A Year to Live: How to Live This Year as If It Were Your Last,Stephen Levine,1997,1998,1997,04-Personal Development & Life Skills,Personal Development & Life Skills,03-MEANING-LIFE-DESIGN,Purpose,Meaning,A-Year-to-Live-Levine,Intermediate,planned,md/04-Personal-Development-and-Life-Skills/03-MEANING-LIFE-DESIGN/A-Year-to-Live-Levine.md,nonfiction,summary,detailed,Foundation,,
0551,0551,P1,The Purpose Driven Life: What on Earth Am I Here For?,Rick Warren,2002,2012,2002,04-Personal Development & Life Skills,Personal Development & Life Skills,03-MEANING-LIFE-DESIGN,Purpose,Purpose,The-Purpose-Driven-Life,Intermediate,planned,md/04-Personal-Development-and-Life-Skills/03-MEANING-LIFE-DESIGN/The-Purpose-Driven-Life.md,nonfiction,summary,detailed,Foundation,,
0552,0552,P1,The Art of Work: A Proven Path to Discovering What You Were Meant to Do,Jeff Goins,2015,2015,2015,04-Personal Development & Life Skills,Personal Development & Life Skills,03-MEANING-LIFE-DESIGN,Purpose,Purpose,The-Art-of-Work,Intermediate,planned,md/04-Personal-Development-and-Life-Skills/03-MEANING-LIFE-DESIGN/The-Art-of-Work.md,nonfiction,summary,detailed,Foundation,,
0553,0553,P1,Let Your Life Speak: Listening for the Voice of Vocation,Parker J. Palmer,1999,2000,1999,04-Personal Development & Life Skills,Personal Development & Life Skills,03-MEANING-LIFE-DESIGN,Purpose,Purpose,Let-Your-Life-Speak,Intermediate,planned,md/04-Personal-Development-and-Life-Skills/03-MEANING-LIFE-DESIGN/Let-Your-Life-Speak.md,nonfiction,summary,detailed,Foundation,,
0554,0554,P2,Callings: Finding and Following an Authentic Life,Gregg Levoy,1997,1998,1997,04-Personal Development & Life Skills,Personal Development & Life Skills,03-MEANING-LIFE-DESIGN,Purpose,Purpose,Callings-Levoy,Intermediate,planned,md/04-Personal-Development-and-Life-Skills/03-MEANING-LIFE-DESIGN/Callings-Levoy.md,nonfiction,summary,detailed,Foundation,,
0555,0555,P3,The On-Purpose Person: Making Your Life Make Sense,Kevin W. McCarthy,1992,2009,1992,04-Personal Development & Life Skills,Personal Development & Life Skills,03-MEANING-LIFE-DESIGN,Purpose,Purpose,The-On-Purpose-Person,Intermediate,planned,md/04-Personal-Development-and-Life-Skills/03-MEANING-LIFE-DESIGN/The-On-Purpose-Person.md,nonfiction,summary,detailed,Foundation,,
0556,0556,P0,The Happiness Advantage: How a Positive Brain Fuels Success in Work and Life,Shawn Achor,2010,2010,2010,04-Personal Development & Life Skills,Personal Development & Life Skills,03-MEANING-LIFE-DESIGN,Happiness & Well-Being,Well-Being,The-Happiness-Advantage,Intermediate,planned,md/04-Personal-Development-and-Life-Skills/03-MEANING-LIFE-DESIGN/The-Happiness-Advantage.md,nonfiction,summary,detailed,Foundation,,
0557,0557,P1,Before Happiness: The 5 Actionable Steps to Create a Positive Path to Success,Shawn Achor,2013,2013,2013,04-Personal Development & Life Skills,Personal Development & Life Skills,03-MEANING-LIFE-DESIGN,Happiness & Well-Being,Well-Being,Before-Happiness,Intermediate,planned,md/04-Personal-Development-and-Life-Skills/03-MEANING-LIFE-DESIGN/Before-Happiness.md,nonfiction,summary,detailed,Foundation,,
0558,0558,P1,"Hardwiring Happiness: The New Brain Science of Contentment, Calm, and Confidence",Rick Hanson,2013,2016,2013,04-Personal Development & Life Skills,Personal Development & Life Skills,03-MEANING-LIFE-DESIGN,Happiness & Well-Being,Well-Being,Hardwiring-Happiness,Intermediate,planned,md/04-Personal-Development-and-Life-Skills/03-MEANING-LIFE-DESIGN/Hardwiring-Happiness.md,nonfiction,summary,detailed,Foundation,,
0559,0559,P1,"Buddha's Brain: The Practical Neuroscience of Happiness, Love, and Wisdom",Rick Hanson; Richard Mendius,2009,2009,2009,04-Personal Development & Life Skills,Personal Development & Life Skills,03-MEANING-LIFE-DESIGN,Happiness & Well-Being,Well-Being,Buddhas-Brain,Intermediate,planned,md/04-Personal-Development-and-Life-Skills/03-MEANING-LIFE-DESIGN/Buddhas-Brain.md,nonfiction,summary,detailed,Foundation,,
0560,0560,P0,The Book of Joy: Lasting Happiness in a Changing World,Dalai Lama; Desmond Tutu; Douglas Abrams,2016,2016,2016,04-Personal Development & Life Skills,Personal Development & Life Skills,03-MEANING-LIFE-DESIGN,Happiness & Well-Being,Well-Being,The-Book-of-Joy,Intermediate,planned,md/04-Personal-Development-and-Life-Skills/03-MEANING-LIFE-DESIGN/The-Book-of-Joy.md,nonfiction,summary,detailed,Foundation,,
0561,0561,P0,Happier: Learn the Secrets to Daily Joy and Lasting Fulfillment,Tal Ben-Shahar,2007,2008,2007,04-Personal Development & Life Skills,Personal Development & Life Skills,03-MEANING-LIFE-DESIGN,Happiness & Well-Being,Flourishing,Happier-Ben-Shahar,Intermediate,planned,md/04-Personal-Development-and-Life-Skills/03-MEANING-LIFE-DESIGN/Happier-Ben-Shahar.md,nonfiction,summary,detailed,Foundation,,
0562,0562,P1,The Sweet Spot: The Pleasures of Suffering and the Search for Meaning,Paul Bloom,2021,2022,2021,04-Personal Development & Life Skills,Personal Development & Life Skills,03-MEANING-LIFE-DESIGN,Happiness & Well-Being,Flourishing,The-Sweet-Spot-Bloom,Intermediate,planned,md/04-Personal-Development-and-Life-Skills/03-MEANING-LIFE-DESIGN/The-Sweet-Spot-Bloom.md,nonfiction,summary,detailed,Foundation,,
0563,0563,P1,Positivity: Top-Notch Research Reveals the 3 to 1 Ratio That Will Change Your Life,Barbara L. Fredrickson,2009,2009,2009,04-Personal Development & Life Skills,Personal Development & Life Skills,03-MEANING-LIFE-DESIGN,Happiness & Well-Being,Flourishing,Positivity-Fredrickson,Intermediate,planned,md/04-Personal-Development-and-Life-Skills/03-MEANING-LIFE-DESIGN/Positivity-Fredrickson.md,nonfiction,summary,detailed,Foundation,,
0564,0564,P2,Love 2.0: Finding Happiness and Health in Moments of Connection,Barbara L. Fredrickson,2013,2014,2013,04-Personal Development & Life Skills,Personal Development & Life Skills,03-MEANING-LIFE-DESIGN,Happiness & Well-Being,Flourishing,Love-2-0,Intermediate,planned,md/04-Personal-Development-and-Life-Skills/03-MEANING-LIFE-DESIGN/Love-2-0.md,nonfiction,summary,detailed,Foundation,,
0565,0565,P0,Learned Optimism: How to Change Your Mind and Your Life,Martin E.P. Seligman,1990,2006,1990,04-Personal Development & Life Skills,Personal Development & Life Skills,03-MEANING-LIFE-DESIGN,Happiness & Well-Being,Flourishing,Learned-Optimism,Intermediate,planned,md/04-Personal-Development-and-Life-Skills/03-MEANING-LIFE-DESIGN/Learned-Optimism.md,nonfiction,summary,detailed,Foundation,,
0566,0566,P0,"Designing Your Life: How to Build a Well-Lived, Joyful Life",Bill Burnett; Dave Evans,2016,2016,2016,04-Personal Development & Life Skills,Personal Development & Life Skills,03-MEANING-LIFE-DESIGN,Life Design,Designing a Life,Designing-Your-Life,Intermediate,planned,md/04-Personal-Development-and-Life-Skills/03-MEANING-LIFE-DESIGN/Designing-Your-Life.md,nonfiction,summary,detailed,Foundation,,
0567,0567,P1,Designing Your Work Life: How to Thrive and Change and Find Happiness at Work,Bill Burnett; Dave Evans,2020,2021,2020,04-Personal Development & Life Skills,Personal Development & Life Skills,03-MEANING-LIFE-DESIGN,Life Design,Designing a Life,Designing-Your-Work-Life,Intermediate,planned,md/04-Personal-Development-and-Life-Skills/03-MEANING-LIFE-DESIGN/Designing-Your-Work-Life.md,nonfiction,summary,detailed,Foundation,,
0568,0568,P0,Essentialism: The Disciplined Pursuit of Less,Greg McKeown,2014,2020,2014,04-Personal Development & Life Skills,Personal Development & Life Skills,03-MEANING-LIFE-DESIGN,Life Design,Designing a Life,Essentialism,Intermediate,planned,md/04-Personal-Development-and-Life-Skills/03-MEANING-LIFE-DESIGN/Essentialism.md,nonfiction,summary,detailed,Foundation,,
0569,0569,P1,Effortless: Make It Easier to Do What Matters Most,Greg McKeown,2021,2021,2021,04-Personal Development & Life Skills,Personal Development & Life Skills,03-MEANING-LIFE-DESIGN,Life Design,Designing a Life,Effortless,Intermediate,planned,md/04-Personal-Development-and-Life-Skills/03-MEANING-LIFE-DESIGN/Effortless.md,nonfiction,summary,detailed,Foundation,,
0570,0570,P0,"The 4-Hour Workweek: Escape 9-5, Live Anywhere, and Join the New Rich",Timothy Ferriss,2007,2009,2007,04-Personal Development & Life Skills,Personal Development & Life Skills,03-MEANING-LIFE-DESIGN,Life Design,Designing a Life,The-4-Hour-Workweek,Intermediate,planned,md/04-Personal-Development-and-Life-Skills/03-MEANING-LIFE-DESIGN/The-4-Hour-Workweek.md,nonfiction,summary,detailed,Foundation,,
0571,0571,P0,What Color Is Your Parachute? 2023: Your Guide to a Lifetime of Meaningful Work and Career Success,Richard N. Bolles,1970,2022,1970,04-Personal Development & Life Skills,Personal Development & Life Skills,04-PRACTICAL-LIFE-SKILLS,Career Navigation,Career Strategy,What-Color-Is-Your-Parachute,Intermediate,planned,md/04-Personal-Development-and-Life-Skills/04-PRACTICAL-LIFE-SKILLS/What-Color-Is-Your-Parachute.md,nonfiction,summary,detailed,Foundation,,
0572,0572,P0,"The Start-up of You: Adapt to the Future, Invest in Yourself, and Transform Your Career",Reid Hoffman; Ben Casnocha,2012,2022,2012,04-Personal Development & Life Skills,Personal Development & Life Skills,04-PRACTICAL-LIFE-SKILLS,Career Navigation,Career Strategy,The-Start-up-of-You,Intermediate,planned,md/04-Personal-Development-and-Life-Skills/04-PRACTICAL-LIFE-SKILLS/The-Start-up-of-You.md,nonfiction,summary,detailed,Foundation,,
0573,0573,P1,The Alliance: Managing Talent in the Networked Age,Reid Hoffman; Casnocha; Chris Yeh,2014,2014,2014,04-Personal Development & Life Skills,Personal Development & Life Skills,04-PRACTICAL-LIFE-SKILLS,Career Navigation,Career Strategy,The-Alliance,Intermediate,planned,md/04-Personal-Development-and-Life-Skills/04-PRACTICAL-LIFE-SKILLS/The-Alliance.md,nonfiction,summary,detailed,Foundation,,
0574,0574,P1,Pivot: The Only Move That Matters Is Your Next One,Jenny Blake,2016,2016,2016,04-Personal Development & Life Skills,Personal Development & Life Skills,04-PRACTICAL-LIFE-SKILLS,Career Navigation,Career Strategy,Pivot-Blake,Intermediate,planned,md/04-Personal-Development-and-Life-Skills/04-PRACTICAL-LIFE-SKILLS/Pivot-Blake.md,nonfiction,summary,detailed,Foundation,,
0575,0575,P2,"Do Over: Rescue Monday, Reinvent Your Work, and Never Get Stuck",Jon Acuff,2015,2015,2015,04-Personal Development & Life Skills,Personal Development & Life Skills,04-PRACTICAL-LIFE-SKILLS,Career Navigation,Career Strategy,Do-Over-Acuff,Intermediate,planned,md/04-Personal-Development-and-Life-Skills/04-PRACTICAL-LIFE-SKILLS/Do-Over-Acuff.md,nonfiction,summary,detailed,Foundation,,
0576,0576,P1,How to Be a Star at Work: 9 Breakthrough Strategies You Need to Succeed,Robert E. Kelley,1998,1999,1998,04-Personal Development & Life Skills,Personal Development & Life Skills,04-PRACTICAL-LIFE-SKILLS,Career Navigation,Professional Growth,How-to-Be-a-Star-at-Work,Intermediate,planned,md/04-Personal-Development-and-Life-Skills/04-PRACTICAL-LIFE-SKILLS/How-to-Be-a-Star-at-Work.md,nonfiction,summary,detailed,Foundation,,
0577,0577,P1,The Unspoken Rules: Secrets to Starting Your Career Off Right,Gorick Ng,2021,2021,2021,04-Personal Development & Life Skills,Personal Development & Life Skills,04-PRACTICAL-LIFE-SKILLS,Career Navigation,Professional Growth,The-Unspoken-Rules,Intermediate,planned,md/04-Personal-Development-and-Life-Skills/04-PRACTICAL-LIFE-SKILLS/The-Unspoken-Rules.md,nonfiction,summary,detailed,Foundation,,
0578,0578,P0,What Got You Here Won't Get You There: How Successful People Become Even More Successful,Marshall Goldsmith; Mark Reiter,2007,2014,2007,04-Personal Development & Life Skills,Personal Development & Life Skills,04-PRACTICAL-LIFE-SKILLS,Career Navigation,Professional Growth,What-Got-You-Here-Wont-Get-You-There,Intermediate,planned,md/04-Personal-Development-and-Life-Skills/04-PRACTICAL-LIFE-SKILLS/What-Got-You-Here-Wont-Get-You-There.md,nonfiction,summary,detailed,Foundation,,
0579,0579,P0,The First 90 Days: Proven Strategies for Getting Up to Speed Faster and Smarter,Michael D. Watkins,2003,2013,2003,04-Personal Development & Life Skills,Personal Development & Life Skills,04-PRACTICAL-LIFE-SKILLS,Career Navigation,Professional Growth,The-First-90-Days,Intermediate,planned,md/04-Personal-Development-and-Life-Skills/04-PRACTICAL-LIFE-SKILLS/The-First-90-Days.md,nonfiction,summary,detailed,Foundation,,
0580,0580,P1,Your Next Five Moves: Master the Art of Business Strategy,Patrick Bet-David; Greg Dinkin,2020,2020,2020,04-Personal Development & Life Skills,Personal Development & Life Skills,04-PRACTICAL-LIFE-SKILLS,Career Navigation,Professional Growth,Your-Next-Five-Moves,Intermediate,planned,md/04-Personal-Development-and-Life-Skills/04-PRACTICAL-LIFE-SKILLS/Your-Next-Five-Moves.md,nonfiction,summary,detailed,Foundation,,
0581,0581,P0,Life Is in the Transitions: Mastering Change at Any Age,Bruce Feiler,2020,2021,2020,04-Personal Development & Life Skills,Personal Development & Life Skills,04-PRACTICAL-LIFE-SKILLS,Life Decisions,Major Life Choices,Life-Is-in-the-Transitions-Feiler,Intermediate,planned,md/04-Personal-Development-and-Life-Skills/04-PRACTICAL-LIFE-SKILLS/Life-Is-in-the-Transitions-Feiler.md,nonfiction,summary,detailed,Foundation,,
0582,0582,P0,The Defining Decade: Why Your Twenties Matter—And How to Make the Most of Them Now,Meg Jay,2012,2021,2012,04-Personal Development & Life Skills,Personal Development & Life Skills,04-PRACTICAL-LIFE-SKILLS,Life Decisions,Major Life Choices,The-Defining-Decade,Intermediate,planned,md/04-Personal-Development-and-Life-Skills/04-PRACTICAL-LIFE-SKILLS/The-Defining-Decade.md,nonfiction,summary,detailed,Foundation,,
0583,0583,P0,How Will You Measure Your Life?,Clayton M. Christensen; James Allworth; Karen Dillon,2012,2012,2012,04-Personal Development & Life Skills,Personal Development & Life Skills,04-PRACTICAL-LIFE-SKILLS,Life Decisions,Major Life Choices,How-Will-You-Measure-Your-Life,Intermediate,planned,md/04-Personal-Development-and-Life-Skills/04-PRACTICAL-LIFE-SKILLS/How-Will-You-Measure-Your-Life.md,nonfiction,summary,detailed,Foundation,,
0584,0584,P1,The Dip: A Little Book That Teaches You When to Quit (and When to Stick),Seth Godin,2007,2007,2007,04-Personal Development & Life Skills,Personal Development & Life Skills,04-PRACTICAL-LIFE-SKILLS,Life Decisions,Major Life Choices,The-Dip,Intermediate,planned,md/04-Personal-Development-and-Life-Skills/04-PRACTICAL-LIFE-SKILLS/The-Dip.md,nonfiction,summary,detailed,Foundation,,
0585,0585,P0,The Top Five Regrets of the Dying: A Life Transformed by the Dearly Departing,Bronnie Ware,2011,2019,2011,04-Personal Development & Life Skills,Personal Development & Life Skills,04-PRACTICAL-LIFE-SKILLS,Life Decisions,Major Life Choices,The-Top-Five-Regrets-of-the-Dying,Intermediate,planned,md/04-Personal-Development-and-Life-Skills/04-PRACTICAL-LIFE-SKILLS/The-Top-Five-Regrets-of-the-Dying.md,nonfiction,summary,detailed,Foundation,,
0586,0586,P0,Skin in the Game: Hidden Asymmetries in Daily Life,Nassim Nicholas Taleb,2018,2019,2018,04-Personal Development & Life Skills,Personal Development & Life Skills,04-PRACTICAL-LIFE-SKILLS,Life Decisions,Personal Risk Management,Skin-in-the-Game,Intermediate,planned,md/04-Personal-Development-and-Life-Skills/04-PRACTICAL-LIFE-SKILLS/Skin-in-the-Game.md,nonfiction,summary,detailed,Foundation,,
0587,0587,P0,Fooled by Randomness: The Hidden Role of Chance in Life and in the Markets,Nassim Nicholas Taleb,2001,2005,2001,04-Personal Development & Life Skills,Personal Development & Life Skills,04-PRACTICAL-LIFE-SKILLS,Life Decisions,Personal Risk Management,Fooled-by-Randomness,Intermediate,planned,md/04-Personal-Development-and-Life-Skills/04-PRACTICAL-LIFE-SKILLS/Fooled-by-Randomness.md,nonfiction,summary,detailed,Foundation,,
0588,0588,P0,The Black Swan: The Impact of the Highly Improbable,Nassim Nicholas Taleb,2007,2010,2007,04-Personal Development & Life Skills,Personal Development & Life Skills,04-PRACTICAL-LIFE-SKILLS,Life Decisions,Personal Risk Management,The-Black-Swan,Intermediate,planned,md/04-Personal-Development-and-Life-Skills/04-PRACTICAL-LIFE-SKILLS/The-Black-Swan.md,nonfiction,summary,detailed,Foundation,,
0589,0589,P0,The Bed of Procrustes: Philosophical and Practical Aphorisms,Nassim Nicholas Taleb,2010,2016,2010,04-Personal Development & Life Skills,Personal Development & Life Skills,04-PRACTICAL-LIFE-SKILLS,Life Decisions,Personal Risk Management,The-Bed-of-Procrustes-Taleb,Intermediate,planned,md/04-Personal-Development-and-Life-Skills/04-PRACTICAL-LIFE-SKILLS/The-Bed-of-Procrustes-Taleb.md,nonfiction,summary,detailed,Foundation,,
0590,0590,P0,Against the Gods: The Remarkable Story of Risk,Peter L. Bernstein,1996,1998,1996,04-Personal Development & Life Skills,Personal Development & Life Skills,04-PRACTICAL-LIFE-SKILLS,Life Decisions,Personal Risk Management,Against-the-Gods,Intermediate,planned,md/04-Personal-Development-and-Life-Skills/04-PRACTICAL-LIFE-SKILLS/Against-the-Gods.md,nonfiction,summary,detailed,Foundation,,
0591,0591,P1,"Organizing from the Inside Out: The Foolproof System For Organizing Your Home, Your Office and Your Life",Julie Morgenstern,1998,2004,1998,04-Personal Development & Life Skills,Personal Development & Life Skills,04-PRACTICAL-LIFE-SKILLS,Long-Term Planning,Personal Organization,Organizing-from-the-Inside-Out,Intermediate,planned,md/04-Personal-Development-and-Life-Skills/04-PRACTICAL-LIFE-SKILLS/Organizing-from-the-Inside-Out.md,nonfiction,summary,detailed,Foundation,,
0592,0592,P1,Time Management from the Inside Out: The Foolproof System for Taking Control of Your Schedule—and Your Life,Julie Morgenstern,2000,2004,2000,04-Personal Development & Life Skills,Personal Development & Life Skills,04-PRACTICAL-LIFE-SKILLS,Long-Term Planning,Personal Organization,Time-Management-from-the-Inside-Out,Intermediate,planned,md/04-Personal-Development-and-Life-Skills/04-PRACTICAL-LIFE-SKILLS/Time-Management-from-the-Inside-Out.md,nonfiction,summary,detailed,Foundation,,
0593,0593,P2,Never Check Email In the Morning: And Other Unexpected Strategies for Making Your Work Life Work,Julie Morgenstern,2004,2005,2004,04-Personal Development & Life Skills,Personal Development & Life Skills,04-PRACTICAL-LIFE-SKILLS,Long-Term Planning,Personal Organization,Never-Check-Email-In-the-Morning,Intermediate,planned,md/04-Personal-Development-and-Life-Skills/04-PRACTICAL-LIFE-SKILLS/Never-Check-Email-In-the-Morning.md,nonfiction,summary,detailed,Foundation,,
0594,0594,P2,Decluttering at the Speed of Life: Winning Your Never-Ending Battle with Stuff,Dana K. White,2018,2018,2018,04-Personal Development & Life Skills,Personal Development & Life Skills,04-PRACTICAL-LIFE-SKILLS,Long-Term Planning,Personal Organization,Decluttering-at-the-Speed-of-Life,Intermediate,planned,md/04-Personal-Development-and-Life-Skills/04-PRACTICAL-LIFE-SKILLS/Decluttering-at-the-Speed-of-Life.md,nonfiction,summary,detailed,Foundation,,
0595,0595,P2,Remodel Your Life,Bruce Feiler,2020,2020,2020,04-Personal Development & Life Skills,Personal Development & Life Skills,04-PRACTICAL-LIFE-SKILLS,Long-Term Planning,Personal Organization,Remodel-Your-Life,Intermediate,planned,md/04-Personal-Development-and-Life-Skills/04-PRACTICAL-LIFE-SKILLS/Remodel-Your-Life.md,nonfiction,summary,detailed,Foundation,,
0596,0596,P1,"The Council of Dads: My Daughters, My Illness, and the Men Who Could Be Me",Bruce Feiler,2010,2011,2010,04-Personal Development & Life Skills,Personal Development & Life Skills,04-PRACTICAL-LIFE-SKILLS,Long-Term Planning,Long-Term Planning,The-Council-of-Dads-Feiler,Intermediate,planned,md/04-Personal-Development-and-Life-Skills/04-PRACTICAL-LIFE-SKILLS/The-Council-of-Dads-Feiler.md,nonfiction,summary,detailed,Foundation,,
0597,0597,P1,"The Secrets of Happy Families: Improve Your Mornings, Rethink Family Dinner, Fight Smarter, Go Out and Play, and Much More",Bruce Feiler,2013,2013,2013,04-Personal Development & Life Skills,Personal Development & Life Skills,04-PRACTICAL-LIFE-SKILLS,Long-Term Planning,Long-Term Planning,The-Secrets-of-Happy-Families,Intermediate,planned,md/04-Personal-Development-and-Life-Skills/04-PRACTICAL-LIFE-SKILLS/The-Secrets-of-Happy-Families.md,nonfiction,summary,detailed,Foundation,,
0598,0598,P1,Living Forward: A Proven Plan to Stop Drifting and Get the Life You Want,Michael Hyatt; Daniel Harkavy,2016,2016,2016,04-Personal Development & Life Skills,Personal Development & Life Skills,04-PRACTICAL-LIFE-SKILLS,Long-Term Planning,Long-Term Planning,Living-Forward,Intermediate,planned,md/04-Personal-Development-and-Life-Skills/04-PRACTICAL-LIFE-SKILLS/Living-Forward.md,nonfiction,summary,detailed,Foundation,,
0599,0599,P1,Your Best Year Ever: A 5-Step Plan for Achieving Your Most Important Goals,Michael Hyatt,2018,2018,2018,04-Personal Development & Life Skills,Personal Development & Life Skills,04-PRACTICAL-LIFE-SKILLS,Long-Term Planning,Long-Term Planning,Your-Best-Year-Ever,Intermediate,planned,md/04-Personal-Development-and-Life-Skills/04-PRACTICAL-LIFE-SKILLS/Your-Best-Year-Ever.md,nonfiction,summary,detailed,Foundation,,
0600,0600,P1,The 12 Week Year: Get More Done in 12 Weeks than Others Do in 12 Months,Brian P. Moran; Michael Lennington,2013,2013,2013,04-Personal Development & Life Skills,Personal Development & Life Skills,04-PRACTICAL-LIFE-SKILLS,Long-Term Planning,Long-Term Planning,The-12-Week-Year,Intermediate,planned,md/04-Personal-Development-and-Life-Skills/04-PRACTICAL-LIFE-SKILLS/The-12-Week-Year.md,nonfiction,summary,detailed,Foundation,,
0601,0601,P0,Your Money or Your Life: 9 Steps to Transforming Your Relationship with Money and Achieving Financial Independence,Vicki Robin; Joe Dominguez; Vicki Robin,1992,2018,1992,"05-Finance, Investing & Wealth","Finance, Investing & Wealth",01-PERSONAL-FINANCE,Money Management,Cash Flow,Your-Money-or-Your-Life,Intermediate,planned,md/05-Finance-Investing-and-Wealth/01-PERSONAL-FINANCE/Your-Money-or-Your-Life.md,nonfiction,summary,detailed,Foundation,,
0602,0602,P0,I Will Teach You to Be Rich: No Guilt. No Excuses. Just a 6-Week Program That Works,Ramit Sethi,2009,2019,2009,"05-Finance, Investing & Wealth","Finance, Investing & Wealth",01-PERSONAL-FINANCE,Money Management,Cash Flow,I-Will-Teach-You-to-Be-Rich,Intermediate,planned,md/05-Finance-Investing-and-Wealth/01-PERSONAL-FINANCE/I-Will-Teach-You-to-Be-Rich.md,nonfiction,summary,detailed,Foundation,,
0603,0603,P0,The Total Money Makeover: A Proven Plan for Financial Fitness,Dave Ramsey,2003,2013,2003,"05-Finance, Investing & Wealth","Finance, Investing & Wealth",01-PERSONAL-FINANCE,Money Management,Cash Flow,The-Total-Money-Makeover,Intermediate,planned,md/05-Finance-Investing-and-Wealth/01-PERSONAL-FINANCE/The-Total-Money-Makeover.md,nonfiction,summary,detailed,Foundation,,
0604,0604,P1,You Need a Budget: The Proven System for Breaking the Paycheck-to-Paycheck Cycle,Jesse Mecham,2017,2017,2017,"05-Finance, Investing & Wealth","Finance, Investing & Wealth",01-PERSONAL-FINANCE,Money Management,Cash Flow,You-Need-a-Budget,Intermediate,planned,md/05-Finance-Investing-and-Wealth/01-PERSONAL-FINANCE/You-Need-a-Budget.md,nonfiction,summary,detailed,Foundation,,
0605,0605,P2,All the Money in the World: What the Happiest People Know About Getting and Spending,Laura Vanderkam,2012,2013,2012,"05-Finance, Investing & Wealth","Finance, Investing & Wealth",01-PERSONAL-FINANCE,Money Management,Cash Flow,All-the-Money-in-the-World,Intermediate,planned,md/05-Finance-Investing-and-Wealth/01-PERSONAL-FINANCE/All-the-Money-in-the-World.md,nonfiction,summary,detailed,Foundation,,
0606,0606,P0,The Richest Man in Babylon,George S. Clason,1926,2021,1926,"05-Finance, Investing & Wealth","Finance, Investing & Wealth",01-PERSONAL-FINANCE,Money Management,Saving,The-Richest-Man-in-Babylon,Intermediate,planned,md/05-Finance-Investing-and-Wealth/01-PERSONAL-FINANCE/The-Richest-Man-in-Babylon.md,nonfiction,summary,detailed,Foundation,,
0607,0607,P1,The Automatic Millionaire: A Powerful One-Step Plan to Live and Finish Rich,David Bach,2003,2016,2003,"05-Finance, Investing & Wealth","Finance, Investing & Wealth",01-PERSONAL-FINANCE,Money Management,Saving,The-Automatic-Millionaire,Intermediate,planned,md/05-Finance-Investing-and-Wealth/01-PERSONAL-FINANCE/The-Automatic-Millionaire.md,nonfiction,summary,detailed,Foundation,,
0608,0608,P1,Smart Women Finish Rich,David Bach,1998,2018,1998,"05-Finance, Investing & Wealth","Finance, Investing & Wealth",01-PERSONAL-FINANCE,Money Management,Saving,Smart-Women-Finish-Rich,Intermediate,planned,md/05-Finance-Investing-and-Wealth/01-PERSONAL-FINANCE/Smart-Women-Finish-Rich.md,nonfiction,summary,detailed,Foundation,,
0609,0609,P2,The Latte Factor: Why You Don't Have to Be Rich to Live Rich,David Bach; John David Mann,2019,2019,2019,"05-Finance, Investing & Wealth","Finance, Investing & Wealth",01-PERSONAL-FINANCE,Money Management,Saving,The-Latte-Factor,Intermediate,planned,md/05-Finance-Investing-and-Wealth/01-PERSONAL-FINANCE/The-Latte-Factor.md,nonfiction,summary,detailed,Foundation,,
0610,0610,P2,Pound Foolish: Exposing the Dark Side of the Personal Finance Industry,Helaine Olen,2012,2013,2012,"05-Finance, Investing & Wealth","Finance, Investing & Wealth",01-PERSONAL-FINANCE,Money Management,Saving,Pound-Foolish,Intermediate,planned,md/05-Finance-Investing-and-Wealth/01-PERSONAL-FINANCE/Pound-Foolish.md,nonfiction,summary,detailed,Foundation,,
0611,0611,P0,The One-Page Financial Plan: A Simple Way to Be Smart About Your Money,Carl Richards,2015,2015,2015,"05-Finance, Investing & Wealth","Finance, Investing & Wealth",01-PERSONAL-FINANCE,Money Management,Financial Planning,The-One-Page-Financial-Plan,Intermediate,planned,md/05-Finance-Investing-and-Wealth/01-PERSONAL-FINANCE/The-One-Page-Financial-Plan.md,nonfiction,summary,detailed,Foundation,,
0612,0612,P0,The Behavior Gap: Simple Ways to Stop Doing Dumb Things with Money,Carl Richards,2012,2012,2012,"05-Finance, Investing & Wealth","Finance, Investing & Wealth",01-PERSONAL-FINANCE,Money Management,Financial Planning,The-Behavior-Gap,Intermediate,planned,md/05-Finance-Investing-and-Wealth/01-PERSONAL-FINANCE/The-Behavior-Gap.md,nonfiction,summary,detailed,Foundation,,
0613,0613,P1,Personal Finance for Dummies,Eric Tyson,1994,2021,1994,"05-Finance, Investing & Wealth","Finance, Investing & Wealth",01-PERSONAL-FINANCE,Money Management,Financial Planning,Personal-Finance-for-Dummies,Intermediate,planned,md/05-Finance-Investing-and-Wealth/01-PERSONAL-FINANCE/Personal-Finance-for-Dummies.md,nonfiction,summary,detailed,Foundation,,
0614,0614,P1,Get a Financial Life: Personal Finance in Your Twenties and Thirties,Beth Kobliner,1996,2017,1996,"05-Finance, Investing & Wealth","Finance, Investing & Wealth",01-PERSONAL-FINANCE,Money Management,Financial Planning,Get-a-Financial-Life,Intermediate,planned,md/05-Finance-Investing-and-Wealth/01-PERSONAL-FINANCE/Get-a-Financial-Life.md,nonfiction,summary,detailed,Foundation,,
0615,0615,P2,The Financial Diet: A Beginner's Guide to Being Good with Money,Chelsea Fagan; Lauren Ver Hage,2018,2018,2018,"05-Finance, Investing & Wealth","Finance, Investing & Wealth",01-PERSONAL-FINANCE,Money Management,Financial Planning,The-Financial-Diet,Intermediate,planned,md/05-Finance-Investing-and-Wealth/01-PERSONAL-FINANCE/The-Financial-Diet.md,nonfiction,summary,detailed,Foundation,,
0616,0616,P0,Other People's Money: The Real Business of Finance,John Kay,2015,2016,2015,"05-Finance, Investing & Wealth","Finance, Investing & Wealth",01-PERSONAL-FINANCE,Banking & Credit,Banking Systems,Other-Peoples-Money-Kay,Intermediate,planned,md/05-Finance-Investing-and-Wealth/01-PERSONAL-FINANCE/Other-Peoples-Money-Kay.md,nonfiction,summary,detailed,Foundation,,
0617,0617,P1,The Alchemy of Banking: Making Money from Money,Perry Mehrling,2011,2011,2011,"05-Finance, Investing & Wealth","Finance, Investing & Wealth",01-PERSONAL-FINANCE,Banking & Credit,Banking Systems,The-Alchemy-of-Banking,Intermediate,planned,md/05-Finance-Investing-and-Wealth/01-PERSONAL-FINANCE/The-Alchemy-of-Banking.md,nonfiction,summary,detailed,Foundation,,
0618,0618,P0,Central Banking 101,Joseph Wang,2020,2021,2020,"05-Finance, Investing & Wealth","Finance, Investing & Wealth",01-PERSONAL-FINANCE,Banking & Credit,Banking Systems,Central-Banking-101,Intermediate,planned,md/05-Finance-Investing-and-Wealth/01-PERSONAL-FINANCE/Central-Banking-101.md,nonfiction,summary,detailed,Foundation,,
0619,0619,P1,The Bankers' New Clothes: What's Wrong with Banking and What to Do about It,Anat Admati; Martin Hellwig,2013,2014,2013,"05-Finance, Investing & Wealth","Finance, Investing & Wealth",01-PERSONAL-FINANCE,Banking & Credit,Banking Systems,The-Bankers-New-Clothes,Intermediate,planned,md/05-Finance-Investing-and-Wealth/01-PERSONAL-FINANCE/The-Bankers-New-Clothes.md,nonfiction,summary,detailed,Foundation,,
0620,0620,P0,Lombard Street: A Description of the Money Market,Walter Bagehot,1873,2011,1873,"05-Finance, Investing & Wealth","Finance, Investing & Wealth",01-PERSONAL-FINANCE,Banking & Credit,Banking Systems,Lombard-Street,Intermediate,planned,md/05-Finance-Investing-and-Wealth/01-PERSONAL-FINANCE/Lombard-Street.md,nonfiction,summary,detailed,Foundation,,
0621,0621,P2,Credit Secrets: The Blueprint to Raising Your Credit Score Fast,Scott Hilton,2019,2020,2019,"05-Finance, Investing & Wealth","Finance, Investing & Wealth",01-PERSONAL-FINANCE,Banking & Credit,Credit,Credit-Secrets,Intermediate,planned,md/05-Finance-Investing-and-Wealth/01-PERSONAL-FINANCE/Credit-Secrets.md,nonfiction,summary,detailed,Foundation,,
0622,0622,P2,Credit Repair Kit For Dummies,Steve Bucci,2005,2014,2005,"05-Finance, Investing & Wealth","Finance, Investing & Wealth",01-PERSONAL-FINANCE,Banking & Credit,Credit,Credit-Repair-Kit-For-Dummies,Intermediate,planned,md/05-Finance-Investing-and-Wealth/01-PERSONAL-FINANCE/Credit-Repair-Kit-For-Dummies.md,nonfiction,summary,detailed,Foundation,,
0623,0623,P1,"Your Score: An Insider's Secrets to Understanding, Controlling, and Protecting Your Credit Score",Anthony Davenport,2018,2018,2018,"05-Finance, Investing & Wealth","Finance, Investing & Wealth",01-PERSONAL-FINANCE,Banking & Credit,Credit,Your-Score-Davenport,Intermediate,planned,md/05-Finance-Investing-and-Wealth/01-PERSONAL-FINANCE/Your-Score-Davenport.md,nonfiction,summary,detailed,Foundation,,
0624,0624,P3,Hidden Credit Repair Secrets,Mark Clayborne,2012,2016,2012,"05-Finance, Investing & Wealth","Finance, Investing & Wealth",01-PERSONAL-FINANCE,Banking & Credit,Credit,Hidden-Credit-Repair-Secrets,Intermediate,planned,md/05-Finance-Investing-and-Wealth/01-PERSONAL-FINANCE/Hidden-Credit-Repair-Secrets.md,nonfiction,summary,detailed,Foundation,,
0625,0625,P3,Score: The Complete Guide to Credit Repair,Greg Wilson,2017,2017,2017,"05-Finance, Investing & Wealth","Finance, Investing & Wealth",01-PERSONAL-FINANCE,Banking & Credit,Credit,Score-Complete-Guide,Intermediate,planned,md/05-Finance-Investing-and-Wealth/01-PERSONAL-FINANCE/Score-Complete-Guide.md,nonfiction,summary,detailed,Foundation,,
0626,0626,P0,"Debt: The First 5,000 Years",David Graeber,2011,2014,2011,"05-Finance, Investing & Wealth","Finance, Investing & Wealth",01-PERSONAL-FINANCE,Banking & Credit,Debt,Debt-The-First-5000-Years,Intermediate,planned,md/05-Finance-Investing-and-Wealth/01-PERSONAL-FINANCE/Debt-The-First-5000-Years.md,nonfiction,summary,detailed,Foundation,,
0627,0627,P2,The Spender's Guide to Debt-Free Living: How a Spending Fast Helped Me Get from Broke to Badass in Record Time,Anna Newell Jones,2016,2016,2016,"05-Finance, Investing & Wealth","Finance, Investing & Wealth",01-PERSONAL-FINANCE,Banking & Credit,Debt,The-Spenders-Guide-to-Debt-Free-Living,Intermediate,planned,md/05-Finance-Investing-and-Wealth/01-PERSONAL-FINANCE/The-Spenders-Guide-to-Debt-Free-Living.md,nonfiction,summary,detailed,Foundation,,
0628,0628,P2,Zero Debt: The Ultimate Guide to Financial Freedom,Lynnette Khalfani-Cox,2004,2009,2004,"05-Finance, Investing & Wealth","Finance, Investing & Wealth",01-PERSONAL-FINANCE,Banking & Credit,Debt,Zero-Debt,Intermediate,planned,md/05-Finance-Investing-and-Wealth/01-PERSONAL-FINANCE/Zero-Debt.md,nonfiction,summary,detailed,Foundation,,
0629,0629,P0,"House of Debt: How They (and You) Caused the Great Recession, and How We Can Prevent It from Happening Again",Atif Mian; Amir Sufi,2014,2015,2014,"05-Finance, Investing & Wealth","Finance, Investing & Wealth",01-PERSONAL-FINANCE,Banking & Credit,Debt,House-of-Debt,Intermediate,planned,md/05-Finance-Investing-and-Wealth/01-PERSONAL-FINANCE/House-of-Debt.md,nonfiction,summary,detailed,Foundation,,
0630,0630,P1,"Between Debt and the Devil: Money, Credit, and Fixing Global Finance",Adair Turner,2015,2017,2015,"05-Finance, Investing & Wealth","Finance, Investing & Wealth",01-PERSONAL-FINANCE,Banking & Credit,Debt,Between-Debt-and-the-Devil,Intermediate,planned,md/05-Finance-Investing-and-Wealth/01-PERSONAL-FINANCE/Between-Debt-and-the-Devil.md,nonfiction,summary,detailed,Foundation,,
0631,0631,P0,The Millionaire Next Door: The Surprising Secrets of America's Wealthy,Thomas J. Stanley; William D. Danko,1996,2010,1996,"05-Finance, Investing & Wealth","Finance, Investing & Wealth",01-PERSONAL-FINANCE,Financial Independence,Wealth Building,The-Millionaire-Next-Door,Intermediate,planned,md/05-Finance-Investing-and-Wealth/01-PERSONAL-FINANCE/The-Millionaire-Next-Door.md,nonfiction,summary,detailed,Foundation,,
0632,0632,P1,The Next Millionaire Next Door: Enduring Strategies for Building Wealth,Thomas J. Stanley; Sarah Stanley Fallaw,2018,2018,2018,"05-Finance, Investing & Wealth","Finance, Investing & Wealth",01-PERSONAL-FINANCE,Financial Independence,Wealth Building,The-Next-Millionaire-Next-Door,Intermediate,planned,md/05-Finance-Investing-and-Wealth/01-PERSONAL-FINANCE/The-Next-Millionaire-Next-Door.md,nonfiction,summary,detailed,Foundation,,
0633,0633,P0,Rich Dad Poor Dad: What the Rich Teach Their Kids About Money That the Poor and Middle Class Do Not!,Robert T. Kiyosaki,1997,2017,1997,"05-Finance, Investing & Wealth","Finance, Investing & Wealth",01-PERSONAL-FINANCE,Financial Independence,Wealth Building,Rich-Dad-Poor-Dad,Intermediate,planned,md/05-Finance-Investing-and-Wealth/01-PERSONAL-FINANCE/Rich-Dad-Poor-Dad.md,nonfiction,summary,detailed,Foundation,,
0634,0634,P0,"The Simple Path to Wealth: Your Road Map to Financial Independence and a Rich, Free Life",JL Collins,2016,2016,2016,"05-Finance, Investing & Wealth","Finance, Investing & Wealth",01-PERSONAL-FINANCE,Financial Independence,Wealth Building,The-Simple-Path-to-Wealth,Intermediate,planned,md/05-Finance-Investing-and-Wealth/01-PERSONAL-FINANCE/The-Simple-Path-to-Wealth.md,nonfiction,summary,detailed,Foundation,,
0635,0635,P0,Just Keep Buying: Proven Ways to Save Money And Build Your Wealth,Nick Maggiulli,2022,2022,2022,"05-Finance, Investing & Wealth","Finance, Investing & Wealth",01-PERSONAL-FINANCE,Financial Independence,Wealth Building,Just-Keep-Buying,Intermediate,planned,md/05-Finance-Investing-and-Wealth/01-PERSONAL-FINANCE/Just-Keep-Buying.md,nonfiction,summary,detailed,Foundation,,
0636,0636,P0,Early Retirement Extreme: A Philosophical and Practical Guide to Financial Independence,Jacob Lund Fisker,2010,2010,2010,"05-Finance, Investing & Wealth","Finance, Investing & Wealth",01-PERSONAL-FINANCE,Financial Independence,FIRE,Early-Retirement-Extreme,Intermediate,planned,md/05-Finance-Investing-and-Wealth/01-PERSONAL-FINANCE/Early-Retirement-Extreme.md,nonfiction,summary,detailed,Foundation,,
0637,0637,P1,"Quit Like a Millionaire: No Gimmicks, Luck, or Trust Fund Required",Kristy Shen; Bryce Leung,2019,2019,2019,"05-Finance, Investing & Wealth","Finance, Investing & Wealth",01-PERSONAL-FINANCE,Financial Independence,FIRE,Quit-Like-a-Millionaire,Intermediate,planned,md/05-Finance-Investing-and-Wealth/01-PERSONAL-FINANCE/Quit-Like-a-Millionaire.md,nonfiction,summary,detailed,Foundation,,
0638,0638,P1,Choose FI: Your Blueprint to Financial Independence,Chris Mamula; Brad Barrett; Jonathan Mendonsa,2019,2019,2019,"05-Finance, Investing & Wealth","Finance, Investing & Wealth",01-PERSONAL-FINANCE,Financial Independence,FIRE,Choose-FI,Intermediate,planned,md/05-Finance-Investing-and-Wealth/01-PERSONAL-FINANCE/Choose-FI.md,nonfiction,summary,detailed,Foundation,,
0639,0639,P1,Playing with FIRE (Financial Independence Retire Early): How Far Would You Go for Financial Freedom?,Scott Rieckens,2019,2019,2019,"05-Finance, Investing & Wealth","Finance, Investing & Wealth",01-PERSONAL-FINANCE,Financial Independence,FIRE,Playing-with-FIRE,Intermediate,planned,md/05-Finance-Investing-and-Wealth/01-PERSONAL-FINANCE/Playing-with-FIRE.md,nonfiction,summary,detailed,Foundation,,
0640,0640,P1,Work Optional: Retire Early the Non-Penny-Pinching Way,Tanja Hester,2019,2019,2019,"05-Finance, Investing & Wealth","Finance, Investing & Wealth",01-PERSONAL-FINANCE,Financial Independence,FIRE,Work-Optional,Intermediate,planned,md/05-Finance-Investing-and-Wealth/01-PERSONAL-FINANCE/Work-Optional.md,nonfiction,summary,detailed,Foundation,,
0641,0641,P0,Die with Zero: Getting All You Can from Your Money and Your Life,Bill Perkins,2020,2020,2020,"05-Finance, Investing & Wealth","Finance, Investing & Wealth",01-PERSONAL-FINANCE,Financial Independence,Retirement,Die-with-Zero,Intermediate,planned,md/05-Finance-Investing-and-Wealth/01-PERSONAL-FINANCE/Die-with-Zero.md,nonfiction,summary,detailed,Foundation,,
0642,0642,P1,How Much Money Do I Need to Retire?: Uncommon Financial Planning Wisdom for a Stress Free Retirement,Todd Tresidder,2014,2020,2014,"05-Finance, Investing & Wealth","Finance, Investing & Wealth",01-PERSONAL-FINANCE,Financial Independence,Retirement,How-Much-Money-Do-I-Need-to-Retire,Intermediate,planned,md/05-Finance-Investing-and-Wealth/01-PERSONAL-FINANCE/How-Much-Money-Do-I-Need-to-Retire.md,nonfiction,summary,detailed,Foundation,,
0643,0643,P1,The Bogleheads' Guide to Retirement Planning,Taylor Larimore; Mel Lindauer; Richard A. Ferri,2009,2011,2009,"05-Finance, Investing & Wealth","Finance, Investing & Wealth",01-PERSONAL-FINANCE,Financial Independence,Retirement,The-Bogleheads-Guide-to-Retirement-Planning,Intermediate,planned,md/05-Finance-Investing-and-Wealth/01-PERSONAL-FINANCE/The-Bogleheads-Guide-to-Retirement-Planning.md,nonfiction,summary,detailed,Foundation,,
0644,0644,P2,Can I Retire Yet?: How to Make the Biggest Financial Decision of the Rest of Your Life,Darrow Kirkpatrick,2012,2016,2012,"05-Finance, Investing & Wealth","Finance, Investing & Wealth",01-PERSONAL-FINANCE,Financial Independence,Retirement,Can-I-Retire-Yet,Intermediate,planned,md/05-Finance-Investing-and-Wealth/01-PERSONAL-FINANCE/Can-I-Retire-Yet.md,nonfiction,summary,detailed,Foundation,,
0645,0645,P1,Retirement Planning Guidebook: Navigating the Important Decisions for Retirement Success,Wade Pfau,2021,2023,2021,"05-Finance, Investing & Wealth","Finance, Investing & Wealth",01-PERSONAL-FINANCE,Financial Independence,Retirement,Retirement-Planning-Guidebook,Intermediate,planned,md/05-Finance-Investing-and-Wealth/01-PERSONAL-FINANCE/Retirement-Planning-Guidebook.md,nonfiction,summary,detailed,Foundation,,
0646,0646,P1,Fixed: Why Personal Finance Is Broken and How to Make It Work for Everyone,John Y. Campbell; Tarun Ramadorai,2025,2025,2025,"05-Finance, Investing & Wealth","Finance, Investing & Wealth",01-PERSONAL-FINANCE,Financial Independence,Financial Risk,Fixed-Campbell-Ramadorai,Intermediate,planned,md/05-Finance-Investing-and-Wealth/01-PERSONAL-FINANCE/Fixed-Campbell-Ramadorai.md,nonfiction,summary,detailed,Foundation,,
0647,0647,P2,Living with Risk: A Guide to Financial Security,Christian Gilles,2015,2015,2015,"05-Finance, Investing & Wealth","Finance, Investing & Wealth",01-PERSONAL-FINANCE,Financial Independence,Financial Risk,Living-with-Risk,Intermediate,planned,md/05-Finance-Investing-and-Wealth/01-PERSONAL-FINANCE/Living-with-Risk.md,nonfiction,summary,detailed,Foundation,,
0648,0648,P1,The Only Guide to a Winning Investment Strategy You'll Ever Need,Larry E. Swedroe,1998,2005,1998,"05-Finance, Investing & Wealth","Finance, Investing & Wealth",01-PERSONAL-FINANCE,Financial Independence,Financial Risk,The-Only-Guide-to-a-Winning-Investment-Strategy,Intermediate,planned,md/05-Finance-Investing-and-Wealth/01-PERSONAL-FINANCE/The-Only-Guide-to-a-Winning-Investment-Strategy.md,nonfiction,summary,detailed,Foundation,,
0649,0649,P2,Risk and Asset Allocation,Attilio Meucci,2005,2009,2005,"05-Finance, Investing & Wealth","Finance, Investing & Wealth",01-PERSONAL-FINANCE,Financial Independence,Financial Risk,Risk-and-Asset-Allocation,Intermediate,planned,md/05-Finance-Investing-and-Wealth/01-PERSONAL-FINANCE/Risk-and-Asset-Allocation.md,nonfiction,summary,detailed,Foundation,,
0650,0650,P1,The Flaw of Averages: Why We Underestimate Risk in the Face of Uncertainty,Sam L. Savage,2009,2012,2009,"05-Finance, Investing & Wealth","Finance, Investing & Wealth",01-PERSONAL-FINANCE,Financial Independence,Financial Risk,The-Flaw-of-Averages,Intermediate,planned,md/05-Finance-Investing-and-Wealth/01-PERSONAL-FINANCE/The-Flaw-of-Averages.md,nonfiction,summary,detailed,Foundation,,
0651,0651,P0,The Most Important Thing: Uncommon Sense for the Thoughtful Investor,Howard Marks,2011,2013,2011,"05-Finance, Investing & Wealth","Finance, Investing & Wealth",02-INVESTING-FOUNDATIONS,Risk & Return,Investment Risk,The-Most-Important-Thing,Intermediate,planned,md/05-Finance-Investing-and-Wealth/02-INVESTING-FOUNDATIONS/The-Most-Important-Thing.md,nonfiction,summary,detailed,Foundation,,
0652,0652,P1,The Most Important Thing Illuminated: Uncommon Sense for the Thoughtful Investor,Howard Marks; Paul Johnson; Seth A. Klarman,2013,2013,2013,"05-Finance, Investing & Wealth","Finance, Investing & Wealth",02-INVESTING-FOUNDATIONS,Risk & Return,Investment Risk,The-Most-Important-Thing-Illuminated,Intermediate,planned,md/05-Finance-Investing-and-Wealth/02-INVESTING-FOUNDATIONS/The-Most-Important-Thing-Illuminated.md,nonfiction,summary,detailed,Foundation,,
0653,0653,P0,Mastering the Market Cycle: Getting the Odds on Your Side,Howard Marks,2018,2018,2018,"05-Finance, Investing & Wealth","Finance, Investing & Wealth",02-INVESTING-FOUNDATIONS,Risk & Return,Investment Risk,Mastering-the-Market-Cycle,Intermediate,planned,md/05-Finance-Investing-and-Wealth/02-INVESTING-FOUNDATIONS/Mastering-the-Market-Cycle.md,nonfiction,summary,detailed,Foundation,,
0654,0654,P0,Capital Ideas: The Improbable Origins of Modern Wall Street,Peter L. Bernstein,1992,2005,1992,"05-Finance, Investing & Wealth","Finance, Investing & Wealth",02-INVESTING-FOUNDATIONS,Risk & Return,Investment Risk,Capital-Ideas,Intermediate,planned,md/05-Finance-Investing-and-Wealth/02-INVESTING-FOUNDATIONS/Capital-Ideas.md,nonfiction,summary,detailed,Foundation,,
0655,0655,P1,Capital Ideas Evolving,Peter L. Bernstein,2007,2009,2007,"05-Finance, Investing & Wealth","Finance, Investing & Wealth",02-INVESTING-FOUNDATIONS,Risk & Return,Investment Risk,Capital-Ideas-Evolving,Intermediate,planned,md/05-Finance-Investing-and-Wealth/02-INVESTING-FOUNDATIONS/Capital-Ideas-Evolving.md,nonfiction,summary,detailed,Foundation,,
0656,0656,P0,Stocks for the Long Run: The Definitive Guide to Financial Market Returns & Long-Term Investment Strategies,Jeremy J. Siegel,1994,2022,1994,"05-Finance, Investing & Wealth","Finance, Investing & Wealth",02-INVESTING-FOUNDATIONS,Risk & Return,Return,Stocks-for-the-Long-Run,Intermediate,planned,md/05-Finance-Investing-and-Wealth/02-INVESTING-FOUNDATIONS/Stocks-for-the-Long-Run.md,nonfiction,summary,detailed,Foundation,,
0657,0657,P1,The Future for Investors: Why the Tried and the True Triumph Over the Bold and the New,Jeremy J. Siegel,2005,2005,2005,"05-Finance, Investing & Wealth","Finance, Investing & Wealth",02-INVESTING-FOUNDATIONS,Risk & Return,Return,The-Future-for-Investors,Intermediate,planned,md/05-Finance-Investing-and-Wealth/02-INVESTING-FOUNDATIONS/The-Future-for-Investors.md,nonfiction,summary,detailed,Foundation,,
0658,0658,P0,Triumph of the Optimists: 101 Years of Global Investment Returns,Elroy Dimson; Paul Marsh; Mike Staunton,2002,2002,2002,"05-Finance, Investing & Wealth","Finance, Investing & Wealth",02-INVESTING-FOUNDATIONS,Risk & Return,Return,Triumph-of-the-Optimists,Intermediate,planned,md/05-Finance-Investing-and-Wealth/02-INVESTING-FOUNDATIONS/Triumph-of-the-Optimists.md,nonfiction,summary,detailed,Foundation,,
0659,0659,P0,Expected Returns: An Investor's Guide to Harvesting Market Rewards,Antti Ilmanen,2011,2011,2011,"05-Finance, Investing & Wealth","Finance, Investing & Wealth",02-INVESTING-FOUNDATIONS,Risk & Return,Return,Expected-Returns,Intermediate,planned,md/05-Finance-Investing-and-Wealth/02-INVESTING-FOUNDATIONS/Expected-Returns.md,nonfiction,summary,detailed,Foundation,,
0660,0660,P1,Investing Amid Low Expected Returns: Making the Most When Markets Offer the Least,Antti Ilmanen,2022,2022,2022,"05-Finance, Investing & Wealth","Finance, Investing & Wealth",02-INVESTING-FOUNDATIONS,Risk & Return,Return,Investing-Amid-Low-Expected-Returns,Intermediate,planned,md/05-Finance-Investing-and-Wealth/02-INVESTING-FOUNDATIONS/Investing-Amid-Low-Expected-Returns.md,nonfiction,summary,detailed,Foundation,,
0661,0661,P0,A Random Walk Down Wall Street: The Time-Tested Strategy for Successful Investing,Burton G. Malkiel,1973,2023,1973,"05-Finance, Investing & Wealth","Finance, Investing & Wealth",02-INVESTING-FOUNDATIONS,Risk & Return,Diversification,A-Random-Walk-Down-Wall-Street,Intermediate,planned,md/05-Finance-Investing-and-Wealth/02-INVESTING-FOUNDATIONS/A-Random-Walk-Down-Wall-Street.md,nonfiction,summary,detailed,Foundation,,
0662,0662,P0,Common Sense on Mutual Funds: Fully Updated 10th Anniversary Edition,John C. Bogle,1999,2010,1999,"05-Finance, Investing & Wealth","Finance, Investing & Wealth",02-INVESTING-FOUNDATIONS,Risk & Return,Diversification,Common-Sense-on-Mutual-Funds,Intermediate,planned,md/05-Finance-Investing-and-Wealth/02-INVESTING-FOUNDATIONS/Common-Sense-on-Mutual-Funds.md,nonfiction,summary,detailed,Foundation,,
0663,0663,P0,The Little Book of Common Sense Investing: The Only Way to Guarantee Your Fair Share of Stock Market Returns,John C. Bogle,2007,2017,2007,"05-Finance, Investing & Wealth","Finance, Investing & Wealth",02-INVESTING-FOUNDATIONS,Risk & Return,Diversification,The-Little-Book-of-Common-Sense-Investing,Intermediate,planned,md/05-Finance-Investing-and-Wealth/02-INVESTING-FOUNDATIONS/The-Little-Book-of-Common-Sense-Investing.md,nonfiction,summary,detailed,Foundation,,
0664,0664,P0,The Bogleheads' Guide to Investing,Taylor Larimore; Mel Lindauer; Michael LeBoeuf,2006,2014,2006,"05-Finance, Investing & Wealth","Finance, Investing & Wealth",02-INVESTING-FOUNDATIONS,Risk & Return,Diversification,The-Bogleheads-Guide-to-Investing,Intermediate,planned,md/05-Finance-Investing-and-Wealth/02-INVESTING-FOUNDATIONS/The-Bogleheads-Guide-to-Investing.md,nonfiction,summary,detailed,Foundation,,
0665,0665,P0,The Four Pillars of Investing: Lessons for Building a Winning Portfolio,William J. Bernstein,2002,2023,2002,"05-Finance, Investing & Wealth","Finance, Investing & Wealth",02-INVESTING-FOUNDATIONS,Risk & Return,Diversification,The-Four-Pillars-of-Investing,Intermediate,planned,md/05-Finance-Investing-and-Wealth/02-INVESTING-FOUNDATIONS/The-Four-Pillars-of-Investing.md,nonfiction,summary,detailed,Foundation,,
0666,0666,P0,The Intelligent Asset Allocator: How to Build Your Portfolio to Maximize Returns and Minimize Risk,William J. Bernstein,2000,2017,2000,"05-Finance, Investing & Wealth","Finance, Investing & Wealth",02-INVESTING-FOUNDATIONS,Asset Allocation,Portfolio Construction,The-Intelligent-Asset-Allocator,Intermediate,planned,md/05-Finance-Investing-and-Wealth/02-INVESTING-FOUNDATIONS/The-Intelligent-Asset-Allocator.md,nonfiction,summary,detailed,Foundation,,
0667,0667,P1,All About Asset Allocation,Richard A. Ferri,2006,2010,2006,"05-Finance, Investing & Wealth","Finance, Investing & Wealth",02-INVESTING-FOUNDATIONS,Asset Allocation,Portfolio Construction,All-About-Asset-Allocation,Intermediate,planned,md/05-Finance-Investing-and-Wealth/02-INVESTING-FOUNDATIONS/All-About-Asset-Allocation.md,nonfiction,summary,detailed,Foundation,,
0668,0668,P1,Asset Allocation: Balancing Financial Risk,Roger C. Gibson,1989,2013,1989,"05-Finance, Investing & Wealth","Finance, Investing & Wealth",02-INVESTING-FOUNDATIONS,Asset Allocation,Portfolio Construction,Asset-Allocation-Gibson,Intermediate,planned,md/05-Finance-Investing-and-Wealth/02-INVESTING-FOUNDATIONS/Asset-Allocation-Gibson.md,nonfiction,summary,detailed,Foundation,,
0669,0669,P0,Pioneering Portfolio Management: An Unconventional Approach to Institutional Investment,David F. Swensen,2000,2009,2000,"05-Finance, Investing & Wealth","Finance, Investing & Wealth",02-INVESTING-FOUNDATIONS,Asset Allocation,Portfolio Construction,Pioneering-Portfolio-Management,Intermediate,planned,md/05-Finance-Investing-and-Wealth/02-INVESTING-FOUNDATIONS/Pioneering-Portfolio-Management.md,nonfiction,summary,detailed,Foundation,,
0670,0670,P0,Unconventional Success: A Fundamental Approach to Personal Investment,David F. Swensen,2005,2005,2005,"05-Finance, Investing & Wealth","Finance, Investing & Wealth",02-INVESTING-FOUNDATIONS,Asset Allocation,Portfolio Construction,Unconventional-Success,Intermediate,planned,md/05-Finance-Investing-and-Wealth/02-INVESTING-FOUNDATIONS/Unconventional-Success.md,nonfiction,summary,detailed,Foundation,,
0671,0671,P1,Rebalance: The Modern Portfolio Theory Guide,William J. Bernstein,2014,2014,2014,"05-Finance, Investing & Wealth","Finance, Investing & Wealth",02-INVESTING-FOUNDATIONS,Asset Allocation,Rebalancing,Rebalance-Bernstein,Intermediate,planned,md/05-Finance-Investing-and-Wealth/02-INVESTING-FOUNDATIONS/Rebalance-Bernstein.md,nonfiction,summary,detailed,Foundation,,
0672,0672,P2,Dynamic Global Portfolio Management,Tony Bell,2015,2015,2015,"05-Finance, Investing & Wealth","Finance, Investing & Wealth",02-INVESTING-FOUNDATIONS,Asset Allocation,Rebalancing,Dynamic-Global-Portfolio-Management,Intermediate,planned,md/05-Finance-Investing-and-Wealth/02-INVESTING-FOUNDATIONS/Dynamic-Global-Portfolio-Management.md,nonfiction,summary,detailed,Foundation,,
0673,0673,P2,Portfolio Rebalancing,Edward E. Qian,2007,2007,2007,"05-Finance, Investing & Wealth","Finance, Investing & Wealth",02-INVESTING-FOUNDATIONS,Asset Allocation,Rebalancing,Portfolio-Rebalancing-Qian,Intermediate,planned,md/05-Finance-Investing-and-Wealth/02-INVESTING-FOUNDATIONS/Portfolio-Rebalancing-Qian.md,nonfiction,summary,detailed,Foundation,,
0674,0674,P1,Global Asset Allocation: A Survey of the World's Top Asset Allocation Strategies,Mebane Faber,2015,2015,2015,"05-Finance, Investing & Wealth","Finance, Investing & Wealth",02-INVESTING-FOUNDATIONS,Asset Allocation,Rebalancing,Global-Asset-Allocation-Faber,Intermediate,planned,md/05-Finance-Investing-and-Wealth/02-INVESTING-FOUNDATIONS/Global-Asset-Allocation-Faber.md,nonfiction,summary,detailed,Foundation,,
0675,0675,P1,The Ivy Portfolio: How to Invest Like the Top Endowments and Avoid Bear Markets,Mebane Faber; Eric W. Richardson,2009,2011,2009,"05-Finance, Investing & Wealth","Finance, Investing & Wealth",02-INVESTING-FOUNDATIONS,Asset Allocation,Rebalancing,The-Ivy-Portfolio,Intermediate,planned,md/05-Finance-Investing-and-Wealth/02-INVESTING-FOUNDATIONS/The-Ivy-Portfolio.md,nonfiction,summary,detailed,Foundation,,
0676,0676,P1,The Allocator's Edge: A Guide to Alternative Investments and the Future of Diversification,Phil Huber,2021,2021,2021,"05-Finance, Investing & Wealth","Finance, Investing & Wealth",02-INVESTING-FOUNDATIONS,Asset Allocation,Long-Term Allocation,The-Allocators-Edge,Intermediate,planned,md/05-Finance-Investing-and-Wealth/02-INVESTING-FOUNDATIONS/The-Allocators-Edge.md,nonfiction,summary,detailed,Foundation,,
0677,0677,P0,Adaptive Markets: Financial Evolution at the Speed of Thought,Andrew W. Lo,2017,2019,2017,"05-Finance, Investing & Wealth","Finance, Investing & Wealth",02-INVESTING-FOUNDATIONS,Asset Allocation,Long-Term Allocation,Adaptive-Markets,Intermediate,planned,md/05-Finance-Investing-and-Wealth/02-INVESTING-FOUNDATIONS/Adaptive-Markets.md,nonfiction,summary,detailed,Foundation,,
0678,0678,P0,"In Pursuit of the Perfect Portfolio: The Stories, Voices, and Key Insights of the Pioneers Who Shaped the Way We Invest",Andrew W. Lo; Stephen R. Foerster,2021,2021,2021,"05-Finance, Investing & Wealth","Finance, Investing & Wealth",02-INVESTING-FOUNDATIONS,Asset Allocation,Long-Term Allocation,In-Pursuit-of-the-Perfect-Portfolio,Intermediate,planned,md/05-Finance-Investing-and-Wealth/02-INVESTING-FOUNDATIONS/In-Pursuit-of-the-Perfect-Portfolio.md,nonfiction,summary,detailed,Foundation,,
0679,0679,P2,Efficient Asset Management: A Practical Guide to Stock Portfolio Optimization and Asset Allocation,Richard O. Michaud; Robert O. Michaud,1998,2008,1998,"05-Finance, Investing & Wealth","Finance, Investing & Wealth",02-INVESTING-FOUNDATIONS,Asset Allocation,Long-Term Allocation,Efficient-Asset-Management,Intermediate,planned,md/05-Finance-Investing-and-Wealth/02-INVESTING-FOUNDATIONS/Efficient-Asset-Management.md,nonfiction,summary,detailed,Foundation,,
0680,0680,P2,Quantitative Risk and Portfolio Management,Attilio Meucci,2011,2011,2011,"05-Finance, Investing & Wealth","Finance, Investing & Wealth",02-INVESTING-FOUNDATIONS,Asset Allocation,Long-Term Allocation,Quantitative-Risk-Meucci,Intermediate,planned,md/05-Finance-Investing-and-Wealth/02-INVESTING-FOUNDATIONS/Quantitative-Risk-Meucci.md,nonfiction,summary,detailed,Foundation,,
0681,0681,P0,"The Psychology of Money: Timeless Lessons on Wealth, Greed, and Happiness",Morgan Housel,2020,2020,2020,"05-Finance, Investing & Wealth","Finance, Investing & Wealth",02-INVESTING-FOUNDATIONS,Investor Psychology,Behavioral Finance,The-Psychology-of-Money,Intermediate,planned,md/05-Finance-Investing-and-Wealth/02-INVESTING-FOUNDATIONS/The-Psychology-of-Money.md,nonfiction,summary,detailed,Foundation,,
0682,0682,P0,Same as Ever: A Guide to What Never Changes,Morgan Housel,2023,2023,2023,"05-Finance, Investing & Wealth","Finance, Investing & Wealth",02-INVESTING-FOUNDATIONS,Investor Psychology,Behavioral Finance,Same-as-Ever,Intermediate,planned,md/05-Finance-Investing-and-Wealth/02-INVESTING-FOUNDATIONS/Same-as-Ever.md,nonfiction,summary,detailed,Foundation,,
0683,0683,P0,Beyond Greed and Fear: Understanding Behavioral Finance and the Psychology of Investing,Hersh Shefrin,2000,2007,2000,"05-Finance, Investing & Wealth","Finance, Investing & Wealth",02-INVESTING-FOUNDATIONS,Investor Psychology,Behavioral Finance,Beyond-Greed-and-Fear-Shefrin,Intermediate,planned,md/05-Finance-Investing-and-Wealth/02-INVESTING-FOUNDATIONS/Beyond-Greed-and-Fear-Shefrin.md,nonfiction,summary,detailed,Foundation,,
0684,0684,P1,"Behavioral Finance: Understanding the Social, Cognitive, and Economic Debates",Burton G. Malkiel,2013,2013,2013,"05-Finance, Investing & Wealth","Finance, Investing & Wealth",02-INVESTING-FOUNDATIONS,Investor Psychology,Behavioral Finance,Behavioral-Finance-Malkiel,Intermediate,planned,md/05-Finance-Investing-and-Wealth/02-INVESTING-FOUNDATIONS/Behavioral-Finance-Malkiel.md,nonfiction,summary,detailed,Foundation,,
0685,0685,P1,Advances in Behavioral Finance,Richard H. Thaler,1993,2005,1993,"05-Finance, Investing & Wealth","Finance, Investing & Wealth",02-INVESTING-FOUNDATIONS,Investor Psychology,Behavioral Finance,Advances-in-Behavioral-Finance,Intermediate,planned,md/05-Finance-Investing-and-Wealth/02-INVESTING-FOUNDATIONS/Advances-in-Behavioral-Finance.md,nonfiction,summary,detailed,Foundation,,
0686,0686,P0,Irrational Exuberance,Robert J. Shiller,2000,2015,2000,"05-Finance, Investing & Wealth","Finance, Investing & Wealth",02-INVESTING-FOUNDATIONS,Investor Psychology,Market Psychology,Irrational-Exuberance,Intermediate,planned,md/05-Finance-Investing-and-Wealth/02-INVESTING-FOUNDATIONS/Irrational-Exuberance.md,nonfiction,summary,detailed,Foundation,,
0687,0687,P0,"Animal Spirits: How Human Psychology Drives the Economy, and Why It Matters for Global Capitalism",George A. Akerlof; Robert J. Shiller,2009,2010,2009,"05-Finance, Investing & Wealth","Finance, Investing & Wealth",02-INVESTING-FOUNDATIONS,Investor Psychology,Market Psychology,Animal-Spirits,Intermediate,planned,md/05-Finance-Investing-and-Wealth/02-INVESTING-FOUNDATIONS/Animal-Spirits.md,nonfiction,summary,detailed,Foundation,,
0688,0688,P0,Narrative Economics: How Stories Go Viral and Drive Major Economic Events,Robert J. Shiller,2019,2020,2019,"05-Finance, Investing & Wealth","Finance, Investing & Wealth",02-INVESTING-FOUNDATIONS,Investor Psychology,Market Psychology,Narrative-Economics,Intermediate,planned,md/05-Finance-Investing-and-Wealth/02-INVESTING-FOUNDATIONS/Narrative-Economics.md,nonfiction,summary,detailed,Foundation,,
0689,0689,P1,Phishing for Phools: The Economics of Manipulation and Deception,George A. Akerlof; Robert J. Shiller,2015,2016,2015,"05-Finance, Investing & Wealth","Finance, Investing & Wealth",02-INVESTING-FOUNDATIONS,Investor Psychology,Market Psychology,Phishing-for-Phools,Intermediate,planned,md/05-Finance-Investing-and-Wealth/02-INVESTING-FOUNDATIONS/Phishing-for-Phools.md,nonfiction,summary,detailed,Foundation,,
0690,0690,P1,"How I Invest My Money: Finance Professionals Reveal How They Save, Spend, and Invest",Joshua Brown; Brian Portnoy,2020,2020,2020,"05-Finance, Investing & Wealth","Finance, Investing & Wealth",02-INVESTING-FOUNDATIONS,Investor Psychology,Market Psychology,How-I-Invest-My-Money,Intermediate,planned,md/05-Finance-Investing-and-Wealth/02-INVESTING-FOUNDATIONS/How-I-Invest-My-Money.md,nonfiction,summary,detailed,Foundation,,
0691,0691,P0,"Manias, Panics, and Crashes: A History of Financial Crises",Charles P. Kindleberger; Robert Z. Aliber,1978,2015,1978,"05-Finance, Investing & Wealth","Finance, Investing & Wealth",02-INVESTING-FOUNDATIONS,Investor Psychology,Bubbles & Crashes,Manias-Panics-and-Crashes,Intermediate,planned,md/05-Finance-Investing-and-Wealth/02-INVESTING-FOUNDATIONS/Manias-Panics-and-Crashes.md,nonfiction,summary,detailed,Foundation,,
0692,0692,P0,This Time Is Different: Eight Centuries of Financial Folly,Carmen M. Reinhart; Kenneth S. Rogoff,2009,2011,2009,"05-Finance, Investing & Wealth","Finance, Investing & Wealth",02-INVESTING-FOUNDATIONS,Investor Psychology,Bubbles & Crashes,This-Time-Is-Different,Intermediate,planned,md/05-Finance-Investing-and-Wealth/02-INVESTING-FOUNDATIONS/This-Time-Is-Different.md,nonfiction,summary,detailed,Foundation,,
0693,0693,P0,Devil Take the Hindmost: A History of Financial Speculation,Edward Chancellor,1999,2000,1999,"05-Finance, Investing & Wealth","Finance, Investing & Wealth",02-INVESTING-FOUNDATIONS,Investor Psychology,Bubbles & Crashes,Devil-Take-the-Hindmost,Intermediate,planned,md/05-Finance-Investing-and-Wealth/02-INVESTING-FOUNDATIONS/Devil-Take-the-Hindmost.md,nonfiction,summary,detailed,Foundation,,
0694,0694,P0,The Price of Time: The Real Story of Interest,Edward Chancellor,2022,2022,2022,"05-Finance, Investing & Wealth","Finance, Investing & Wealth",02-INVESTING-FOUNDATIONS,Investor Psychology,Bubbles & Crashes,The-Price-of-Time,Intermediate,planned,md/05-Finance-Investing-and-Wealth/02-INVESTING-FOUNDATIONS/The-Price-of-Time.md,nonfiction,summary,detailed,Foundation,,
0695,0695,P0,When Genius Failed: The Rise and Fall of Long-Term Capital Management,Roger Lowenstein,2000,2001,2000,"05-Finance, Investing & Wealth","Finance, Investing & Wealth",02-INVESTING-FOUNDATIONS,Investor Psychology,Bubbles & Crashes,When-Genius-Failed,Intermediate,planned,md/05-Finance-Investing-and-Wealth/02-INVESTING-FOUNDATIONS/When-Genius-Failed.md,nonfiction,summary,detailed,Foundation,,
0696,0696,P1,Why Smart People Make Big Money Mistakes and How to Correct Them,Gary Belsky; Thomas Gilovich,1999,2010,1999,"05-Finance, Investing & Wealth","Finance, Investing & Wealth",02-INVESTING-FOUNDATIONS,Investor Psychology,Investment Decision Errors,Why-Smart-People-Make-Big-Money-Mistakes,Intermediate,planned,md/05-Finance-Investing-and-Wealth/02-INVESTING-FOUNDATIONS/Why-Smart-People-Make-Big-Money-Mistakes.md,nonfiction,summary,detailed,Foundation,,
0697,0697,P0,Your Money and Your Brain: How the New Science of Neuroeconomics Can Help Make You Rich,Jason Zweig,2007,2008,2007,"05-Finance, Investing & Wealth","Finance, Investing & Wealth",02-INVESTING-FOUNDATIONS,Investor Psychology,Investment Decision Errors,Your-Money-and-Your-Brain,Intermediate,planned,md/05-Finance-Investing-and-Wealth/02-INVESTING-FOUNDATIONS/Your-Money-and-Your-Brain.md,nonfiction,summary,detailed,Foundation,,
0698,0698,P0,The Little Book of Behavioral Investing: How Not to Be Your Own Worst Enemy,James Montier,2010,2010,2010,"05-Finance, Investing & Wealth","Finance, Investing & Wealth",02-INVESTING-FOUNDATIONS,Investor Psychology,Investment Decision Errors,The-Little-Book-of-Behavioral-Investing,Intermediate,planned,md/05-Finance-Investing-and-Wealth/02-INVESTING-FOUNDATIONS/The-Little-Book-of-Behavioral-Investing.md,nonfiction,summary,detailed,Foundation,,
0699,0699,P1,Behavioural Investing: A Practitioner's Guide to Applying Behavioural Finance,James Montier,2007,2007,2007,"05-Finance, Investing & Wealth","Finance, Investing & Wealth",02-INVESTING-FOUNDATIONS,Investor Psychology,Investment Decision Errors,Behavioural-Investing-Montier,Intermediate,planned,md/05-Finance-Investing-and-Wealth/02-INVESTING-FOUNDATIONS/Behavioural-Investing-Montier.md,nonfiction,summary,detailed,Foundation,,
0700,0700,P1,What Investors Really Want: Discover What Drives Investor Behavior and Make Smarter Financial Decisions,Meir Statman,2010,2011,2010,"05-Finance, Investing & Wealth","Finance, Investing & Wealth",02-INVESTING-FOUNDATIONS,Investor Psychology,Investment Decision Errors,What-Investors-Really-Want,Intermediate,planned,md/05-Finance-Investing-and-Wealth/02-INVESTING-FOUNDATIONS/What-Investors-Really-Want.md,nonfiction,summary,detailed,Foundation,,
0701,0701,P0,The Intelligent Investor: The Definitive Book on Value Investing,Benjamin Graham,1949,2006,1949,"05-Finance, Investing & Wealth","Finance, Investing & Wealth",03-EQUITY-BUSINESS-INVESTING,Value Investing,Value Principles,The-Intelligent-Investor,Intermediate,planned,md/05-Finance-Investing-and-Wealth/03-EQUITY-BUSINESS-INVESTING/The-Intelligent-Investor.md,nonfiction,summary,detailed,Foundation,,
0702,0702,P0,Security Analysis: Principles and Technique,Benjamin Graham; David L. Dodd,1934,2008,1934,"05-Finance, Investing & Wealth","Finance, Investing & Wealth",03-EQUITY-BUSINESS-INVESTING,Value Investing,Value Principles,Security-Analysis,Intermediate,planned,md/05-Finance-Investing-and-Wealth/03-EQUITY-BUSINESS-INVESTING/Security-Analysis.md,nonfiction,summary,detailed,Foundation,,
0703,0703,P0,The Essays of Warren Buffett: Lessons for Corporate America,Warren E. Buffett; Lawrence A. Cunningham,1997,2019,1997,"05-Finance, Investing & Wealth","Finance, Investing & Wealth",03-EQUITY-BUSINESS-INVESTING,Value Investing,Value Principles,The-Essays-of-Warren-Buffett,Intermediate,planned,md/05-Finance-Investing-and-Wealth/03-EQUITY-BUSINESS-INVESTING/The-Essays-of-Warren-Buffett.md,nonfiction,summary,detailed,Foundation,,
0704,0704,P0,Value Investing: From Graham to Buffett and Beyond,Bruce C.N. Greenwald; Judd Kahn; Paul D. Sonkin,2001,2020,2001,"05-Finance, Investing & Wealth","Finance, Investing & Wealth",03-EQUITY-BUSINESS-INVESTING,Value Investing,Value Principles,Value-Investing-Greenwald,Intermediate,planned,md/05-Finance-Investing-and-Wealth/03-EQUITY-BUSINESS-INVESTING/Value-Investing-Greenwald.md,nonfiction,summary,detailed,Foundation,,
0705,0705,P0,The Dhandho Investor: The Low-Risk Value Method to High Returns,Mohnish Pabrai,2007,2007,2007,"05-Finance, Investing & Wealth","Finance, Investing & Wealth",03-EQUITY-BUSINESS-INVESTING,Value Investing,Value Principles,The-Dhandho-Investor,Intermediate,planned,md/05-Finance-Investing-and-Wealth/03-EQUITY-BUSINESS-INVESTING/The-Dhandho-Investor.md,nonfiction,summary,detailed,Foundation,,
0706,0706,P0,Common Stocks and Uncommon Profits and Other Writings,Philip A. Fisher,1958,2003,1958,"05-Finance, Investing & Wealth","Finance, Investing & Wealth",03-EQUITY-BUSINESS-INVESTING,Value Investing,Business Analysis,Common-Stocks-and-Uncommon-Profits,Intermediate,planned,md/05-Finance-Investing-and-Wealth/03-EQUITY-BUSINESS-INVESTING/Common-Stocks-and-Uncommon-Profits.md,nonfiction,summary,detailed,Foundation,,
0707,0707,P0,One Up On Wall Street: How to Use What You Already Know to Make Money in the Market,Peter Lynch; John Rothchild,1989,2000,1989,"05-Finance, Investing & Wealth","Finance, Investing & Wealth",03-EQUITY-BUSINESS-INVESTING,Value Investing,Business Analysis,One-Up-On-Wall-Street,Intermediate,planned,md/05-Finance-Investing-and-Wealth/03-EQUITY-BUSINESS-INVESTING/One-Up-On-Wall-Street.md,nonfiction,summary,detailed,Foundation,,
0708,0708,P1,Beating the Street,Peter Lynch; John Rothchild,1993,1994,1993,"05-Finance, Investing & Wealth","Finance, Investing & Wealth",03-EQUITY-BUSINESS-INVESTING,Value Investing,Business Analysis,Beating-the-Street,Intermediate,planned,md/05-Finance-Investing-and-Wealth/03-EQUITY-BUSINESS-INVESTING/Beating-the-Street.md,nonfiction,summary,detailed,Foundation,,
0709,0709,P1,Learn to Earn: A Beginner's Guide to the Basics of Investing and Business,Peter Lynch; John Rothchild,1995,2012,1995,"05-Finance, Investing & Wealth","Finance, Investing & Wealth",03-EQUITY-BUSINESS-INVESTING,Value Investing,Business Analysis,Learn-to-Earn,Intermediate,planned,md/05-Finance-Investing-and-Wealth/03-EQUITY-BUSINESS-INVESTING/Learn-to-Earn.md,nonfiction,summary,detailed,Foundation,,
0710,0710,P0,Quality Investing: Owning the Best Companies for the Long Term,Lawrence A. Cunningham; Torkell T. Eide; Patrick Hargreaves,2016,2016,2016,"05-Finance, Investing & Wealth","Finance, Investing & Wealth",03-EQUITY-BUSINESS-INVESTING,Value Investing,Business Analysis,Quality-Investing,Intermediate,planned,md/05-Finance-Investing-and-Wealth/03-EQUITY-BUSINESS-INVESTING/Quality-Investing.md,nonfiction,summary,detailed,Foundation,,
0711,0711,P0,Margin of Safety: Risk-Averse Value Investing Strategies for the Thoughtful Investor,Seth A. Klarman,1991,1991,1991,"05-Finance, Investing & Wealth","Finance, Investing & Wealth",03-EQUITY-BUSINESS-INVESTING,Value Investing,Margin of Safety,Margin-of-Safety,Intermediate,planned,md/05-Finance-Investing-and-Wealth/03-EQUITY-BUSINESS-INVESTING/Margin-of-Safety.md,nonfiction,summary,detailed,Foundation,,
0712,0712,P0,The Little Book That Beats the Market,Joel Greenblatt,2005,2010,2005,"05-Finance, Investing & Wealth","Finance, Investing & Wealth",03-EQUITY-BUSINESS-INVESTING,Value Investing,Margin of Safety,The-Little-Book-That-Beats-the-Market,Intermediate,planned,md/05-Finance-Investing-and-Wealth/03-EQUITY-BUSINESS-INVESTING/The-Little-Book-That-Beats-the-Market.md,nonfiction,summary,detailed,Foundation,,
0713,0713,P0,You Can Be a Stock Market Genius: Uncover the Secret Hiding Places of Stock Market Profits,Joel Greenblatt,1997,1999,1997,"05-Finance, Investing & Wealth","Finance, Investing & Wealth",03-EQUITY-BUSINESS-INVESTING,Value Investing,Margin of Safety,You-Can-Be-a-Stock-Market-Genius,Intermediate,planned,md/05-Finance-Investing-and-Wealth/03-EQUITY-BUSINESS-INVESTING/You-Can-Be-a-Stock-Market-Genius.md,nonfiction,summary,detailed,Foundation,,
0714,0714,P1,The Big Secret for the Small Investor: A New Route to Long-Term Investment Success,Joel Greenblatt,2011,2011,2011,"05-Finance, Investing & Wealth","Finance, Investing & Wealth",03-EQUITY-BUSINESS-INVESTING,Value Investing,Margin of Safety,The-Big-Secret-for-the-Small-Investor,Intermediate,planned,md/05-Finance-Investing-and-Wealth/03-EQUITY-BUSINESS-INVESTING/The-Big-Secret-for-the-Small-Investor.md,nonfiction,summary,detailed,Foundation,,
0715,0715,P1,Deep Value: Why Activist Investors and Other Contrarians Battle for Control of Losing Corporations,Tobias E. Carlisle,2014,2014,2014,"05-Finance, Investing & Wealth","Finance, Investing & Wealth",03-EQUITY-BUSINESS-INVESTING,Value Investing,Margin of Safety,Deep-Value,Intermediate,planned,md/05-Finance-Investing-and-Wealth/03-EQUITY-BUSINESS-INVESTING/Deep-Value.md,nonfiction,summary,detailed,Foundation,,
0716,0716,P0,Financial Intelligence: A Manager's Guide to Knowing What the Numbers Really Mean,Karen Berman; Joe Knight; John Case,2006,2013,2006,"05-Finance, Investing & Wealth","Finance, Investing & Wealth",03-EQUITY-BUSINESS-INVESTING,Company Analysis,Financial Statements,Financial-Intelligence,Intermediate,planned,md/05-Finance-Investing-and-Wealth/03-EQUITY-BUSINESS-INVESTING/Financial-Intelligence.md,nonfiction,summary,detailed,Foundation,,
0717,0717,P0,Warren Buffett and the Interpretation of Financial Statements,Mary Buffett; David Clark,2008,2011,2008,"05-Finance, Investing & Wealth","Finance, Investing & Wealth",03-EQUITY-BUSINESS-INVESTING,Company Analysis,Financial Statements,Warren-Buffett-and-the-Interpretation-of-Financial-Statements,Intermediate,planned,md/05-Finance-Investing-and-Wealth/03-EQUITY-BUSINESS-INVESTING/Warren-Buffett-and-the-Interpretation-of-Financial-Statements.md,nonfiction,summary,detailed,Foundation,,
0718,0718,P0,Financial Shenanigans: How to Detect Accounting Gimmicks & Fraud in Financial Reports,Howard M. Schilit; Jeremy Perler; Yoni Engelhart,1993,2018,1993,"05-Finance, Investing & Wealth","Finance, Investing & Wealth",03-EQUITY-BUSINESS-INVESTING,Company Analysis,Financial Statements,Financial-Shenanigans,Intermediate,planned,md/05-Finance-Investing-and-Wealth/03-EQUITY-BUSINESS-INVESTING/Financial-Shenanigans.md,nonfiction,summary,detailed,Foundation,,
0719,0719,P1,How to Read a Financial Report: Wringing Vital Signs Out of the Numbers,John A. Tracy; Tage C. Tracy,1979,2020,1979,"05-Finance, Investing & Wealth","Finance, Investing & Wealth",03-EQUITY-BUSINESS-INVESTING,Company Analysis,Financial Statements,How-to-Read-a-Financial-Report,Intermediate,planned,md/05-Finance-Investing-and-Wealth/03-EQUITY-BUSINESS-INVESTING/How-to-Read-a-Financial-Report.md,nonfiction,summary,detailed,Foundation,,
0720,0720,P1,The Interpretation of Financial Statements,Benjamin Graham; Spencer B. Meredith,1937,1998,1937,"05-Finance, Investing & Wealth","Finance, Investing & Wealth",03-EQUITY-BUSINESS-INVESTING,Company Analysis,Financial Statements,The-Interpretation-of-Financial-Statements,Intermediate,planned,md/05-Finance-Investing-and-Wealth/03-EQUITY-BUSINESS-INVESTING/The-Interpretation-of-Financial-Statements.md,nonfiction,summary,detailed,Foundation,,
0721,0721,P0,Competitive Advantage: Creating and Sustaining Superior Performance,Michael E. Porter,1985,1998,1985,"05-Finance, Investing & Wealth","Finance, Investing & Wealth",03-EQUITY-BUSINESS-INVESTING,Company Analysis,Competitive Advantage,Competitive-Advantage,Intermediate,planned,md/05-Finance-Investing-and-Wealth/03-EQUITY-BUSINESS-INVESTING/Competitive-Advantage.md,nonfiction,summary,detailed,Foundation,,
0722,0722,P0,Competitive Strategy: Techniques for Analyzing Industries and Competitors,Michael E. Porter,1980,1998,1980,"05-Finance, Investing & Wealth","Finance, Investing & Wealth",03-EQUITY-BUSINESS-INVESTING,Company Analysis,Competitive Advantage,Competitive-Strategy,Intermediate,planned,md/05-Finance-Investing-and-Wealth/03-EQUITY-BUSINESS-INVESTING/Competitive-Strategy.md,nonfiction,summary,detailed,Foundation,,
0723,0723,P0,The Little Book That Builds Wealth: The Knockout Formula for Finding Great Investments,Pat Dorsey,2008,2008,2008,"05-Finance, Investing & Wealth","Finance, Investing & Wealth",03-EQUITY-BUSINESS-INVESTING,Company Analysis,Competitive Advantage,The-Little-Book-That-Builds-Wealth,Intermediate,planned,md/05-Finance-Investing-and-Wealth/03-EQUITY-BUSINESS-INVESTING/The-Little-Book-That-Builds-Wealth.md,nonfiction,summary,detailed,Foundation,,
0724,0724,P0,7 Powers: The Foundations of Business Strategy,Hamilton Helmer,2016,2016,2016,"05-Finance, Investing & Wealth","Finance, Investing & Wealth",03-EQUITY-BUSINESS-INVESTING,Company Analysis,Competitive Advantage,7-Powers,Intermediate,planned,md/05-Finance-Investing-and-Wealth/03-EQUITY-BUSINESS-INVESTING/7-Powers.md,nonfiction,summary,detailed,Foundation,,
0725,0725,P1,Understanding Michael Porter: The Essential Guide to Competition and Strategy,Joan Magretta,2011,2011,2011,"05-Finance, Investing & Wealth","Finance, Investing & Wealth",03-EQUITY-BUSINESS-INVESTING,Company Analysis,Competitive Advantage,Understanding-Michael-Porter,Intermediate,planned,md/05-Finance-Investing-and-Wealth/03-EQUITY-BUSINESS-INVESTING/Understanding-Michael-Porter.md,nonfiction,summary,detailed,Foundation,,
0726,0726,P0,The Outsiders: Eight Unconventional CEOs and Their Radically Rational Blueprint for Success,William N. Thorndike Jr.,2012,2012,2012,"05-Finance, Investing & Wealth","Finance, Investing & Wealth",03-EQUITY-BUSINESS-INVESTING,Company Analysis,Management & Capital Allocation,The-Outsiders-Thorndike,Intermediate,planned,md/05-Finance-Investing-and-Wealth/03-EQUITY-BUSINESS-INVESTING/The-Outsiders-Thorndike.md,nonfiction,summary,detailed,Foundation,,
0727,0727,P1,Dear Chairman: Boardroom Battles and the Rise of Shareholder Activism,Jeff Gramm,2016,2016,2016,"05-Finance, Investing & Wealth","Finance, Investing & Wealth",03-EQUITY-BUSINESS-INVESTING,Company Analysis,Management & Capital Allocation,Dear-Chairman,Intermediate,planned,md/05-Finance-Investing-and-Wealth/03-EQUITY-BUSINESS-INVESTING/Dear-Chairman.md,nonfiction,summary,detailed,Foundation,,
0728,0728,P1,"Capital Allocation: Principles, Strategies, and Processes for Creating Long-Term Shareholder Value",David Giroux,2021,2021,2021,"05-Finance, Investing & Wealth","Finance, Investing & Wealth",03-EQUITY-BUSINESS-INVESTING,Company Analysis,Management & Capital Allocation,Capital-Allocation-Giroux,Intermediate,planned,md/05-Finance-Investing-and-Wealth/03-EQUITY-BUSINESS-INVESTING/Capital-Allocation-Giroux.md,nonfiction,summary,detailed,Foundation,,
0729,0729,P1,Excess Returns: A Comparative Study of the Methods of the World's Greatest Investors,Frederik Vanhaverbeke,2014,2014,2014,"05-Finance, Investing & Wealth","Finance, Investing & Wealth",03-EQUITY-BUSINESS-INVESTING,Company Analysis,Management & Capital Allocation,Excess-Returns,Intermediate,planned,md/05-Finance-Investing-and-Wealth/03-EQUITY-BUSINESS-INVESTING/Excess-Returns.md,nonfiction,summary,detailed,Foundation,,
0730,0730,P0,"Richer, Wiser, Happier: How the World's Greatest Investors Win in Markets and Life",William Green,2021,2021,2021,"05-Finance, Investing & Wealth","Finance, Investing & Wealth",03-EQUITY-BUSINESS-INVESTING,Company Analysis,Management & Capital Allocation,Richer-Wiser-Happier,Intermediate,planned,md/05-Finance-Investing-and-Wealth/03-EQUITY-BUSINESS-INVESTING/Richer-Wiser-Happier.md,nonfiction,summary,detailed,Foundation,,
0731,0731,P0,Efficient Capital Markets: A Review of Theory and Empirical Work,Eugene F. Fama,1970,1991,1970,"05-Finance, Investing & Wealth","Finance, Investing & Wealth",03-EQUITY-BUSINESS-INVESTING,Market Thinking,Market Efficiency,Efficient-Capital-Markets-Fama,Intermediate,planned,md/05-Finance-Investing-and-Wealth/03-EQUITY-BUSINESS-INVESTING/Efficient-Capital-Markets-Fama.md,nonfiction,summary,detailed,Foundation,,
0732,0732,P0,Inefficient Markets: An Introduction to Behavioral Finance,Andrei Shleifer,2000,2000,2000,"05-Finance, Investing & Wealth","Finance, Investing & Wealth",03-EQUITY-BUSINESS-INVESTING,Market Thinking,Market Efficiency,Inefficient-Markets-Shleifer,Intermediate,planned,md/05-Finance-Investing-and-Wealth/03-EQUITY-BUSINESS-INVESTING/Inefficient-Markets-Shleifer.md,nonfiction,summary,detailed,Foundation,,
0733,0733,P0,"The Myth of the Rational Market: A History of Risk, Reward, and Delusion on Wall Street",Justin Fox,2009,2011,2009,"05-Finance, Investing & Wealth","Finance, Investing & Wealth",03-EQUITY-BUSINESS-INVESTING,Market Thinking,Market Efficiency,The-Myth-of-the-Rational-Market,Intermediate,planned,md/05-Finance-Investing-and-Wealth/03-EQUITY-BUSINESS-INVESTING/The-Myth-of-the-Rational-Market.md,nonfiction,summary,detailed,Foundation,,
0734,0734,P0,Market Wizards: Interviews with Top Traders,Jack D. Schwager,1989,2012,1989,"05-Finance, Investing & Wealth","Finance, Investing & Wealth",03-EQUITY-BUSINESS-INVESTING,Market Thinking,Market Efficiency,Market-Wizards,Intermediate,planned,md/05-Finance-Investing-and-Wealth/03-EQUITY-BUSINESS-INVESTING/Market-Wizards.md,nonfiction,summary,detailed,Foundation,,
0735,0735,P1,The New Market Wizards: Conversations with America's Top Traders,Jack D. Schwager,1992,2008,1992,"05-Finance, Investing & Wealth","Finance, Investing & Wealth",03-EQUITY-BUSINESS-INVESTING,Market Thinking,Market Efficiency,The-New-Market-Wizards,Intermediate,planned,md/05-Finance-Investing-and-Wealth/03-EQUITY-BUSINESS-INVESTING/The-New-Market-Wizards.md,nonfiction,summary,detailed,Foundation,,
0736,0736,P0,Principles for Navigating Big Debt Crises,Ray Dalio,2018,2018,2018,"05-Finance, Investing & Wealth","Finance, Investing & Wealth",03-EQUITY-BUSINESS-INVESTING,Market Thinking,Market Cycles,Principles-for-Navigating-Big-Debt-Crises,Intermediate,planned,md/05-Finance-Investing-and-Wealth/03-EQUITY-BUSINESS-INVESTING/Principles-for-Navigating-Big-Debt-Crises.md,nonfiction,summary,detailed,Foundation,,
0737,0737,P0,Principles for Dealing with the Changing World Order: Why Nations Succeed and Fail,Ray Dalio,2021,2021,2021,"05-Finance, Investing & Wealth","Finance, Investing & Wealth",03-EQUITY-BUSINESS-INVESTING,Market Thinking,Market Cycles,Principles-for-Dealing-with-the-Changing-World-Order,Intermediate,planned,md/05-Finance-Investing-and-Wealth/03-EQUITY-BUSINESS-INVESTING/Principles-for-Dealing-with-the-Changing-World-Order.md,nonfiction,summary,detailed,Foundation,,
0738,0738,P0,The Alchemy of Finance,George Soros,1987,2003,1987,"05-Finance, Investing & Wealth","Finance, Investing & Wealth",03-EQUITY-BUSINESS-INVESTING,Market Thinking,Market Cycles,The-Alchemy-of-Finance,Intermediate,planned,md/05-Finance-Investing-and-Wealth/03-EQUITY-BUSINESS-INVESTING/The-Alchemy-of-Finance.md,nonfiction,summary,detailed,Foundation,,
0739,0739,P1,Soros on Soros: Staying Ahead of the Curve,George Soros; Byron Wien; Krisztina Koenen,1995,1995,1995,"05-Finance, Investing & Wealth","Finance, Investing & Wealth",03-EQUITY-BUSINESS-INVESTING,Market Thinking,Market Cycles,Soros-on-Soros,Intermediate,planned,md/05-Finance-Investing-and-Wealth/03-EQUITY-BUSINESS-INVESTING/Soros-on-Soros.md,nonfiction,summary,detailed,Foundation,,
0740,0740,P1,My Investment Technique: Who Does the Market Smile Upon?,Tatsuro Kiyohara,2024,2024,2024,"05-Finance, Investing & Wealth","Finance, Investing & Wealth",03-EQUITY-BUSINESS-INVESTING,Market Thinking,Market Cycles,My-Investment-Technique-Kiyohara,Intermediate,planned,md/05-Finance-Investing-and-Wealth/03-EQUITY-BUSINESS-INVESTING/My-Investment-Technique-Kiyohara.md,nonfiction,summary,detailed,Foundation,,
0741,0741,P0,100 Baggers: Stocks That Return 100-to-1 and How to Find Them,Christopher Mayer,2015,2015,2015,"05-Finance, Investing & Wealth","Finance, Investing & Wealth",03-EQUITY-BUSINESS-INVESTING,Market Thinking,Long-Term Compounding,100-Baggers,Intermediate,planned,md/05-Finance-Investing-and-Wealth/03-EQUITY-BUSINESS-INVESTING/100-Baggers.md,nonfiction,summary,detailed,Foundation,,
0742,0742,P1,100 to 1 in the Stock Market: A Distinguished Security Analyst Tells How to Make More of Your Investment Opportunities,Thomas William Phelps,1972,2015,1972,"05-Finance, Investing & Wealth","Finance, Investing & Wealth",03-EQUITY-BUSINESS-INVESTING,Market Thinking,Long-Term Compounding,100-to-1-in-the-Stock-Market,Intermediate,planned,md/05-Finance-Investing-and-Wealth/03-EQUITY-BUSINESS-INVESTING/100-to-1-in-the-Stock-Market.md,nonfiction,summary,detailed,Foundation,,
0743,0743,P1,"Invested: How Warren Buffett and Charlie Munger Taught Me to Master My Mind, My Emotions, and My Money",Danielle Town; Phil Town,2018,2018,2018,"05-Finance, Investing & Wealth","Finance, Investing & Wealth",03-EQUITY-BUSINESS-INVESTING,Market Thinking,Long-Term Compounding,Invested-Town,Intermediate,planned,md/05-Finance-Investing-and-Wealth/03-EQUITY-BUSINESS-INVESTING/Invested-Town.md,nonfiction,summary,detailed,Foundation,,
0744,0744,P1,Rule #1: The Simple Strategy for Successful Investing in Only 15 Minutes a Week,Phil Town,2006,2007,2006,"05-Finance, Investing & Wealth","Finance, Investing & Wealth",03-EQUITY-BUSINESS-INVESTING,Market Thinking,Long-Term Compounding,Rule-1-Phil-Town,Intermediate,planned,md/05-Finance-Investing-and-Wealth/03-EQUITY-BUSINESS-INVESTING/Rule-1-Phil-Town.md,nonfiction,summary,detailed,Foundation,,
0745,0745,P2,Payback Time: Making Big Money Is the Best Revenge!,Phil Town,2010,2010,2010,"05-Finance, Investing & Wealth","Finance, Investing & Wealth",03-EQUITY-BUSINESS-INVESTING,Market Thinking,Long-Term Compounding,Payback-Time-Phil-Town,Intermediate,planned,md/05-Finance-Investing-and-Wealth/03-EQUITY-BUSINESS-INVESTING/Payback-Time-Phil-Town.md,nonfiction,summary,detailed,Foundation,,
0746,0746,P0,"The Bond Book: Everything Investors Need to Know About Treasuries, Municipals, GNMAs, Corporates, Zeros, Bond Funds, and More",Annette Thau,1992,2010,1992,"05-Finance, Investing & Wealth","Finance, Investing & Wealth",04-FINANCIAL-MARKETS-ASSETS,Fixed Income,Bonds & Interest Rates,The-Bond-Book,Intermediate,planned,md/05-Finance-Investing-and-Wealth/04-FINANCIAL-MARKETS-ASSETS/The-Bond-Book.md,nonfiction,summary,detailed,Foundation,,
0747,0747,P0,Handbook of Fixed Income Securities,Frank J. Fabozzi,1983,2021,1983,"05-Finance, Investing & Wealth","Finance, Investing & Wealth",04-FINANCIAL-MARKETS-ASSETS,Fixed Income,Bonds & Interest Rates,Handbook-of-Fixed-Income-Securities,Intermediate,planned,md/05-Finance-Investing-and-Wealth/04-FINANCIAL-MARKETS-ASSETS/Handbook-of-Fixed-Income-Securities.md,nonfiction,summary,detailed,Foundation,,
0748,0748,P1,Fixed Income Analysis,Barbara S. Petitt; Jerald E. Pinto; Wendy L. Pirie,2000,2019,2000,"05-Finance, Investing & Wealth","Finance, Investing & Wealth",04-FINANCIAL-MARKETS-ASSETS,Fixed Income,Bonds & Interest Rates,Fixed-Income-Analysis-CFA,Intermediate,planned,md/05-Finance-Investing-and-Wealth/04-FINANCIAL-MARKETS-ASSETS/Fixed-Income-Analysis-CFA.md,nonfiction,summary,detailed,Foundation,,
0749,0749,P2,Interest Rate Markets: A Practical Approach to Fixed Income,Siddhartha Jha,2011,2011,2011,"05-Finance, Investing & Wealth","Finance, Investing & Wealth",04-FINANCIAL-MARKETS-ASSETS,Fixed Income,Bonds & Interest Rates,Interest-Rate-Markets-Jha,Intermediate,planned,md/05-Finance-Investing-and-Wealth/04-FINANCIAL-MARKETS-ASSETS/Interest-Rate-Markets-Jha.md,nonfiction,summary,detailed,Foundation,,
0750,0750,P1,Inside the Yield Book: The Classic Foundation of Runaway Fixed Income Portfolio Returns,Sidney Homer; Martin L. Leibowitz,1972,2013,1972,"05-Finance, Investing & Wealth","Finance, Investing & Wealth",04-FINANCIAL-MARKETS-ASSETS,Fixed Income,Bonds & Interest Rates,Inside-the-Yield-Book,Intermediate,planned,md/05-Finance-Investing-and-Wealth/04-FINANCIAL-MARKETS-ASSETS/Inside-the-Yield-Book.md,nonfiction,summary,detailed,Foundation,,
0751,0751,P2,Corporate Credit Analysis,Brian Coyle,2000,2004,2000,"05-Finance, Investing & Wealth","Finance, Investing & Wealth",04-FINANCIAL-MARKETS-ASSETS,Fixed Income,Credit Markets,Corporate-Credit-Analysis,Intermediate,planned,md/05-Finance-Investing-and-Wealth/04-FINANCIAL-MARKETS-ASSETS/Corporate-Credit-Analysis.md,nonfiction,summary,detailed,Foundation,,
0752,0752,P2,Credit Risk Management: Basic Concepts,Tony Van Gestel; Bart Baesens,2008,2009,2008,"05-Finance, Investing & Wealth","Finance, Investing & Wealth",04-FINANCIAL-MARKETS-ASSETS,Fixed Income,Credit Markets,Credit-Risk-Management,Intermediate,planned,md/05-Finance-Investing-and-Wealth/04-FINANCIAL-MARKETS-ASSETS/Credit-Risk-Management.md,nonfiction,summary,detailed,Foundation,,
0753,0753,P1,Distressed Debt Analysis: Strategies for Speculative Investors,Stephen G. Moyer,2004,2005,2004,"05-Finance, Investing & Wealth","Finance, Investing & Wealth",04-FINANCIAL-MARKETS-ASSETS,Fixed Income,Credit Markets,Distressed-Debt-Analysis,Intermediate,planned,md/05-Finance-Investing-and-Wealth/04-FINANCIAL-MARKETS-ASSETS/Distressed-Debt-Analysis.md,nonfiction,summary,detailed,Foundation,,
0754,0754,P1,"Creating Value Through Corporate Restructuring: Case Studies in Bankruptcies, Buyouts, and Breakups",Stuart C. Gilson,2001,2010,2001,"05-Finance, Investing & Wealth","Finance, Investing & Wealth",04-FINANCIAL-MARKETS-ASSETS,Fixed Income,Credit Markets,Creating-Value-Through-Corporate-Restructuring,Intermediate,planned,md/05-Finance-Investing-and-Wealth/04-FINANCIAL-MARKETS-ASSETS/Creating-Value-Through-Corporate-Restructuring.md,nonfiction,summary,detailed,Foundation,,
0755,0755,P1,"Corporate Financial Distress, Restructuring, and Bankruptcy",Edward I. Altman; Edith Hotchkiss; Wei Wang,1983,2019,1983,"05-Finance, Investing & Wealth","Finance, Investing & Wealth",04-FINANCIAL-MARKETS-ASSETS,Fixed Income,Credit Markets,Corporate-Financial-Distress-Altman,Intermediate,planned,md/05-Finance-Investing-and-Wealth/04-FINANCIAL-MARKETS-ASSETS/Corporate-Financial-Distress-Altman.md,nonfiction,summary,detailed,Foundation,,
0756,0756,P0,The Book on Rental Property Investing: How to Create Wealth and Passive Income Through Smart Buy & Hold Real Estate Investing,Brandon Turner,2015,2015,2015,"05-Finance, Investing & Wealth","Finance, Investing & Wealth",04-FINANCIAL-MARKETS-ASSETS,Real Assets,Real Estate,The-Book-on-Rental-Property-Investing,Intermediate,planned,md/05-Finance-Investing-and-Wealth/04-FINANCIAL-MARKETS-ASSETS/The-Book-on-Rental-Property-Investing.md,nonfiction,summary,detailed,Foundation,,
0757,0757,P0,The Millionaire Real Estate Investor,Gary Keller; Dave Jenks; Jay Papasan,2005,2005,2005,"05-Finance, Investing & Wealth","Finance, Investing & Wealth",04-FINANCIAL-MARKETS-ASSETS,Real Assets,Real Estate,The-Millionaire-Real-Estate-Investor,Intermediate,planned,md/05-Finance-Investing-and-Wealth/04-FINANCIAL-MARKETS-ASSETS/The-Millionaire-Real-Estate-Investor.md,nonfiction,summary,detailed,Foundation,,
0758,0758,P1,What Every Real Estate Investor Needs to Know About Cash Flow... And 36 Other Key Financial Measures,Frank Gallinelli,2004,2015,2004,"05-Finance, Investing & Wealth","Finance, Investing & Wealth",04-FINANCIAL-MARKETS-ASSETS,Real Assets,Real Estate,What-Every-Real-Estate-Investor-Needs-to-Know,Intermediate,planned,md/05-Finance-Investing-and-Wealth/04-FINANCIAL-MARKETS-ASSETS/What-Every-Real-Estate-Investor-Needs-to-Know.md,nonfiction,summary,detailed,Foundation,,
0759,0759,P1,Real Estate Finance and Investments,William B. Brueggeman; Jeffrey D. Fisher,1970,2018,1970,"05-Finance, Investing & Wealth","Finance, Investing & Wealth",04-FINANCIAL-MARKETS-ASSETS,Real Assets,Real Estate,Real-Estate-Finance-and-Investments,Intermediate,planned,md/05-Finance-Investing-and-Wealth/04-FINANCIAL-MARKETS-ASSETS/Real-Estate-Finance-and-Investments.md,nonfiction,summary,detailed,Foundation,,
0760,0760,P2,"Long-Distance Real Estate Investing: How to Buy, Rehab, and Manage Out-of-State Rental Properties",David Greene,2017,2017,2017,"05-Finance, Investing & Wealth","Finance, Investing & Wealth",04-FINANCIAL-MARKETS-ASSETS,Real Assets,Real Estate,Long-Distance-Real-Estate-Investing,Intermediate,planned,md/05-Finance-Investing-and-Wealth/04-FINANCIAL-MARKETS-ASSETS/Long-Distance-Real-Estate-Investing.md,nonfiction,summary,detailed,Foundation,,
0761,0761,P0,"The World for Sale: Money, Power, and the Traders Who Barter the Earth's Resources",Javier Blas; Jack Farchy,2021,2022,2021,"05-Finance, Investing & Wealth","Finance, Investing & Wealth",04-FINANCIAL-MARKETS-ASSETS,Real Assets,Commodities & Gold,The-World-for-Sale,Intermediate,planned,md/05-Finance-Investing-and-Wealth/04-FINANCIAL-MARKETS-ASSETS/The-World-for-Sale.md,nonfiction,summary,detailed,Foundation,,
0762,0762,P1,Hot Commodities: How Anyone Can Invest Profitably in the World's Best Market,Jim Rogers,2004,2007,2004,"05-Finance, Investing & Wealth","Finance, Investing & Wealth",04-FINANCIAL-MARKETS-ASSETS,Real Assets,Commodities & Gold,Hot-Commodities,Intermediate,planned,md/05-Finance-Investing-and-Wealth/04-FINANCIAL-MARKETS-ASSETS/Hot-Commodities.md,nonfiction,summary,detailed,Foundation,,
0763,0763,P1,The King of Oil: The Secret Lives of Marc Rich,Daniel Ammann,2009,2010,2009,"05-Finance, Investing & Wealth","Finance, Investing & Wealth",04-FINANCIAL-MARKETS-ASSETS,Real Assets,Commodities & Gold,The-King-of-Oil,Intermediate,planned,md/05-Finance-Investing-and-Wealth/04-FINANCIAL-MARKETS-ASSETS/The-King-of-Oil.md,nonfiction,summary,detailed,Foundation,,
0764,0764,P0,The Power of Gold: The History of an Obsession,Peter L. Bernstein,2000,2012,2000,"05-Finance, Investing & Wealth","Finance, Investing & Wealth",04-FINANCIAL-MARKETS-ASSETS,Real Assets,Commodities & Gold,The-Power-of-Gold,Intermediate,planned,md/05-Finance-Investing-and-Wealth/04-FINANCIAL-MARKETS-ASSETS/The-Power-of-Gold.md,nonfiction,summary,detailed,Foundation,,
0765,0765,P0,"The Prize: The Epic Quest for Oil, Money, and Power",Daniel Yergin,1991,2008,1991,"05-Finance, Investing & Wealth","Finance, Investing & Wealth",04-FINANCIAL-MARKETS-ASSETS,Real Assets,Commodities & Gold,The-Prize,Intermediate,planned,md/05-Finance-Investing-and-Wealth/04-FINANCIAL-MARKETS-ASSETS/The-Prize.md,nonfiction,summary,detailed,Foundation,,
0766,0766,P0,The Power Law: Venture Capital and the Art of Disruption,Sebastian Mallaby,2022,2023,2022,"05-Finance, Investing & Wealth","Finance, Investing & Wealth",04-FINANCIAL-MARKETS-ASSETS,Alternative Finance,Private Markets,The-Power-Law-Mallaby,Intermediate,planned,md/05-Finance-Investing-and-Wealth/04-FINANCIAL-MARKETS-ASSETS/The-Power-Law-Mallaby.md,nonfiction,summary,detailed,Foundation,,
0767,0767,P0,Secrets of Sand Hill Road: Venture Capital and How to Get It,Scott Kupor,2019,2019,2019,"05-Finance, Investing & Wealth","Finance, Investing & Wealth",04-FINANCIAL-MARKETS-ASSETS,Alternative Finance,Private Markets,Secrets-of-Sand-Hill-Road,Intermediate,planned,md/05-Finance-Investing-and-Wealth/04-FINANCIAL-MARKETS-ASSETS/Secrets-of-Sand-Hill-Road.md,nonfiction,summary,detailed,Foundation,,
0768,0768,P0,Venture Deals: Be Smarter Than Your Lawyer and Venture Capitalist,Brad Feld; Jason Mendelson,2011,2019,2011,"05-Finance, Investing & Wealth","Finance, Investing & Wealth",04-FINANCIAL-MARKETS-ASSETS,Alternative Finance,Private Markets,Venture-Deals,Intermediate,planned,md/05-Finance-Investing-and-Wealth/04-FINANCIAL-MARKETS-ASSETS/Venture-Deals.md,nonfiction,summary,detailed,Foundation,,
0769,0769,P0,"King of Capital: The Remarkable Rise, Fall, and Rise Again of Steve Schwarzman and Blackstone",David Carey; John E. Morris,2010,2012,2010,"05-Finance, Investing & Wealth","Finance, Investing & Wealth",04-FINANCIAL-MARKETS-ASSETS,Alternative Finance,Private Markets,King-of-Capital,Intermediate,planned,md/05-Finance-Investing-and-Wealth/04-FINANCIAL-MARKETS-ASSETS/King-of-Capital.md,nonfiction,summary,detailed,Foundation,,
0770,0770,P0,Barbarians at the Gate: The Fall of RJR Nabisco,Bryan Burrough; John Helyar,1989,2009,1989,"05-Finance, Investing & Wealth","Finance, Investing & Wealth",04-FINANCIAL-MARKETS-ASSETS,Alternative Finance,Private Markets,Barbarians-at-the-Gate,Intermediate,planned,md/05-Finance-Investing-and-Wealth/04-FINANCIAL-MARKETS-ASSETS/Barbarians-at-the-Gate.md,nonfiction,summary,detailed,Foundation,,
0771,0771,P0,More Money Than God: Hedge Funds and the Making of a New Elite,Sebastian Mallaby,2010,2011,2010,"05-Finance, Investing & Wealth","Finance, Investing & Wealth",04-FINANCIAL-MARKETS-ASSETS,Alternative Finance,Alternative Investments,More-Money-Than-God,Intermediate,planned,md/05-Finance-Investing-and-Wealth/04-FINANCIAL-MARKETS-ASSETS/More-Money-Than-God.md,nonfiction,summary,detailed,Foundation,,
0772,0772,P0,The Man Who Solved the Market: How Jim Simons Launched the Quant Revolution,Gregory Zuckerman,2019,2020,2019,"05-Finance, Investing & Wealth","Finance, Investing & Wealth",04-FINANCIAL-MARKETS-ASSETS,Alternative Finance,Alternative Investments,The-Man-Who-Solved-the-Market,Intermediate,planned,md/05-Finance-Investing-and-Wealth/04-FINANCIAL-MARKETS-ASSETS/The-Man-Who-Solved-the-Market.md,nonfiction,summary,detailed,Foundation,,
0773,0773,P1,The Quants: How a New Breed of Math Whizzes Conquered Wall Street and Nearly Destroyed It,Scott Patterson,2010,2011,2010,"05-Finance, Investing & Wealth","Finance, Investing & Wealth",04-FINANCIAL-MARKETS-ASSETS,Alternative Finance,Alternative Investments,The-Quants,Intermediate,planned,md/05-Finance-Investing-and-Wealth/04-FINANCIAL-MARKETS-ASSETS/The-Quants.md,nonfiction,summary,detailed,Foundation,,
0774,0774,P1,"Dark Pools: High-Speed Traders, A.I. Bandits, and the Threat to the Global Financial System",Scott Patterson,2012,2013,2012,"05-Finance, Investing & Wealth","Finance, Investing & Wealth",04-FINANCIAL-MARKETS-ASSETS,Alternative Finance,Alternative Investments,Dark-Pools,Intermediate,planned,md/05-Finance-Investing-and-Wealth/04-FINANCIAL-MARKETS-ASSETS/Dark-Pools.md,nonfiction,summary,detailed,Foundation,,
0775,0775,P0,Flash Boys: A Wall Street Revolt,Michael Lewis,2014,2015,2014,"05-Finance, Investing & Wealth","Finance, Investing & Wealth",04-FINANCIAL-MARKETS-ASSETS,Alternative Finance,Alternative Investments,Flash-Boys,Intermediate,planned,md/05-Finance-Investing-and-Wealth/04-FINANCIAL-MARKETS-ASSETS/Flash-Boys.md,nonfiction,summary,detailed,Foundation,,
0776,0776,P0,Too Big to Fail: The Inside Story of How Wall Street and Washington Fought to Save the Financial System—and Themselves,Andrew Ross Sorkin,2009,2010,2009,"05-Finance, Investing & Wealth","Finance, Investing & Wealth",04-FINANCIAL-MARKETS-ASSETS,Market History,Financial Crises,Too-Big-to-Fail,Intermediate,planned,md/05-Finance-Investing-and-Wealth/04-FINANCIAL-MARKETS-ASSETS/Too-Big-to-Fail.md,nonfiction,summary,detailed,Foundation,,
0777,0777,P0,The Big Short: Inside the Doomsday Machine,Michael Lewis,2010,2011,2010,"05-Finance, Investing & Wealth","Finance, Investing & Wealth",04-FINANCIAL-MARKETS-ASSETS,Market History,Financial Crises,The-Big-Short,Intermediate,planned,md/05-Finance-Investing-and-Wealth/04-FINANCIAL-MARKETS-ASSETS/The-Big-Short.md,nonfiction,summary,detailed,Foundation,,
0778,0778,P0,Liar's Poker: Rising Through the Wreckage on Wall Street,Michael Lewis,1989,2014,1989,"05-Finance, Investing & Wealth","Finance, Investing & Wealth",04-FINANCIAL-MARKETS-ASSETS,Market History,Financial Crises,Liars-Poker,Intermediate,planned,md/05-Finance-Investing-and-Wealth/04-FINANCIAL-MARKETS-ASSETS/Liars-Poker.md,nonfiction,summary,detailed,Foundation,,
0779,0779,P0,Crashed: How a Decade of Financial Crises Changed the World,Adam Tooze,2018,2019,2018,"05-Finance, Investing & Wealth","Finance, Investing & Wealth",04-FINANCIAL-MARKETS-ASSETS,Market History,Financial Crises,Crashed-Tooze,Intermediate,planned,md/05-Finance-Investing-and-Wealth/04-FINANCIAL-MARKETS-ASSETS/Crashed-Tooze.md,nonfiction,summary,detailed,Foundation,,
0780,0780,P0,The Great Crash 1929,John Kenneth Galbraith,1954,2009,1954,"05-Finance, Investing & Wealth","Finance, Investing & Wealth",04-FINANCIAL-MARKETS-ASSETS,Market History,Financial Crises,The-Great-Crash-1929,Intermediate,planned,md/05-Finance-Investing-and-Wealth/04-FINANCIAL-MARKETS-ASSETS/The-Great-Crash-1929.md,nonfiction,summary,detailed,Foundation,,
0781,0781,P0,The Ascent of Money: A Financial History of the World,Niall Ferguson,2008,2018,2008,"05-Finance, Investing & Wealth","Finance, Investing & Wealth",04-FINANCIAL-MARKETS-ASSETS,Market History,History of Markets,The-Ascent-of-Money,Intermediate,planned,md/05-Finance-Investing-and-Wealth/04-FINANCIAL-MARKETS-ASSETS/The-Ascent-of-Money.md,nonfiction,summary,detailed,Foundation,,
0782,0782,P0,The House of Morgan: An American Banking Dynasty and the Rise of Modern Finance,Ron Chernow,1990,2010,1990,"05-Finance, Investing & Wealth","Finance, Investing & Wealth",04-FINANCIAL-MARKETS-ASSETS,Market History,History of Markets,The-House-of-Morgan,Intermediate,planned,md/05-Finance-Investing-and-Wealth/04-FINANCIAL-MARKETS-ASSETS/The-House-of-Morgan.md,nonfiction,summary,detailed,Foundation,,
0783,0783,P1,The House of Rothschild: Money's Prophets 1798-1848,Niall Ferguson,1998,1999,1998,"05-Finance, Investing & Wealth","Finance, Investing & Wealth",04-FINANCIAL-MARKETS-ASSETS,Market History,History of Markets,The-House-of-Rothschild,Intermediate,planned,md/05-Finance-Investing-and-Wealth/04-FINANCIAL-MARKETS-ASSETS/The-House-of-Rothschild.md,nonfiction,summary,detailed,Foundation,,
0784,0784,P0,Lords of Finance: The Bankers Who Broke the World,Liaquat Ahamed,2009,2009,2009,"05-Finance, Investing & Wealth","Finance, Investing & Wealth",04-FINANCIAL-MARKETS-ASSETS,Market History,History of Markets,Lords-of-Finance,Intermediate,planned,md/05-Finance-Investing-and-Wealth/04-FINANCIAL-MARKETS-ASSETS/Lords-of-Finance.md,nonfiction,summary,detailed,Foundation,,
0785,0785,P1,A History of Interest Rates,Sidney Homer; Richard Sylla,1963,2005,1963,"05-Finance, Investing & Wealth","Finance, Investing & Wealth",04-FINANCIAL-MARKETS-ASSETS,Market History,History of Markets,A-History-of-Interest-Rates,Intermediate,planned,md/05-Finance-Investing-and-Wealth/04-FINANCIAL-MARKETS-ASSETS/A-History-of-Interest-Rates.md,nonfiction,summary,detailed,Foundation,,
0786,0786,P0,The Millionaire Fastlane: Crack the Code to Wealth and Live Rich for a Lifetime,M.J. DeMarco,2011,2011,2011,"05-Finance, Investing & Wealth","Finance, Investing & Wealth",05-WEALTH-CREATION,Income,Career Income,The-Millionaire-Fastlane,Intermediate,planned,md/05-Finance-Investing-and-Wealth/05-WEALTH-CREATION/The-Millionaire-Fastlane.md,nonfiction,summary,detailed,Foundation,,
0787,0787,P1,"UNSCRIPTED: Life, Liberty, and the Pursuit of Entrepreneurship",M.J. DeMarco,2017,2017,2017,"05-Finance, Investing & Wealth","Finance, Investing & Wealth",05-WEALTH-CREATION,Income,Career Income,UNSCRIPTED-DeMarco,Intermediate,planned,md/05-Finance-Investing-and-Wealth/05-WEALTH-CREATION/UNSCRIPTED-DeMarco.md,nonfiction,summary,detailed,Foundation,,
0788,0788,P1,The Great Rat Race Escape: From Wage Slavery to Wealth,M.J. DeMarco,2021,2021,2021,"05-Finance, Investing & Wealth","Finance, Investing & Wealth",05-WEALTH-CREATION,Income,Career Income,The-Great-Rat-Race-Escape,Intermediate,planned,md/05-Finance-Investing-and-Wealth/05-WEALTH-CREATION/The-Great-Rat-Race-Escape.md,nonfiction,summary,detailed,Foundation,,
0789,0789,P0,The Almanack of Naval Ravikant: A Guide to Wealth and Happiness,Eric Jorgenson; Naval Ravikant,2020,2020,2020,"05-Finance, Investing & Wealth","Finance, Investing & Wealth",05-WEALTH-CREATION,Income,Career Income,The-Almanack-of-Naval-Ravikant,Intermediate,planned,md/05-Finance-Investing-and-Wealth/05-WEALTH-CREATION/The-Almanack-of-Naval-Ravikant.md,nonfiction,summary,detailed,Foundation,,
0790,0790,P0,The Personal MBA: Master the Art of Business,Josh Kaufman,2010,2020,2010,"05-Finance, Investing & Wealth","Finance, Investing & Wealth",05-WEALTH-CREATION,Income,Career Income,The-Personal-MBA,Intermediate,planned,md/05-Finance-Investing-and-Wealth/05-WEALTH-CREATION/The-Personal-MBA.md,nonfiction,summary,detailed,Foundation,,
0791,0791,P1,Multiple Streams of Income: How to Generate a Lifetime of Unlimited Wealth,Robert G. Allen,2000,2005,2000,"05-Finance, Investing & Wealth","Finance, Investing & Wealth",05-WEALTH-CREATION,Income,Multiple Income Streams,Multiple-Streams-of-Income,Intermediate,planned,md/05-Finance-Investing-and-Wealth/05-WEALTH-CREATION/Multiple-Streams-of-Income.md,nonfiction,summary,detailed,Foundation,,
0792,0792,P1,Side Hustle: From Idea to Income in 27 Days,Chris Guillebeau,2017,2017,2017,"05-Finance, Investing & Wealth","Finance, Investing & Wealth",05-WEALTH-CREATION,Income,Multiple Income Streams,Side-Hustle-Guillebeau,Intermediate,planned,md/05-Finance-Investing-and-Wealth/05-WEALTH-CREATION/Side-Hustle-Guillebeau.md,nonfiction,summary,detailed,Foundation,,
0793,0793,P0,"The $100 Startup: Reinvent the Way You Make a Living, Do What You Love, and Create a New Future",Chris Guillebeau,2012,2012,2012,"05-Finance, Investing & Wealth","Finance, Investing & Wealth",05-WEALTH-CREATION,Income,Multiple Income Streams,The-100-Startup,Intermediate,planned,md/05-Finance-Investing-and-Wealth/05-WEALTH-CREATION/The-100-Startup.md,nonfiction,summary,detailed,Foundation,,
0794,0794,P1,Company of One: Why Staying Small Is the Next Big Thing for Business,Paul Jarvis,2019,2020,2019,"05-Finance, Investing & Wealth","Finance, Investing & Wealth",05-WEALTH-CREATION,Income,Multiple Income Streams,Company-of-One,Intermediate,planned,md/05-Finance-Investing-and-Wealth/05-WEALTH-CREATION/Company-of-One.md,nonfiction,summary,detailed,Foundation,,
0795,0795,P1,The Minimalist Entrepreneur: How Great Founders Do More with Less,Sahil Lavingia,2021,2021,2021,"05-Finance, Investing & Wealth","Finance, Investing & Wealth",05-WEALTH-CREATION,Income,Multiple Income Streams,The-Minimalist-Entrepreneur,Intermediate,planned,md/05-Finance-Investing-and-Wealth/05-WEALTH-CREATION/The-Minimalist-Entrepreneur.md,nonfiction,summary,detailed,Foundation,,
0796,0796,P0,"Zero to One: Notes on Startups, or How to Build the Future",Peter Thiel; Blake Masters,2014,2014,2014,"05-Finance, Investing & Wealth","Finance, Investing & Wealth",05-WEALTH-CREATION,Ownership,Equity & Ownership,Zero-to-One,Intermediate,planned,md/05-Finance-Investing-and-Wealth/05-WEALTH-CREATION/Zero-to-One.md,nonfiction,summary,detailed,Foundation,,
0797,0797,P0,The Hard Thing About Hard Things: Building a Business When There Are No Easy Answers,Ben Horowitz,2014,2014,2014,"05-Finance, Investing & Wealth","Finance, Investing & Wealth",05-WEALTH-CREATION,Ownership,Equity & Ownership,The-Hard-Thing-About-Hard-Things,Intermediate,planned,md/05-Finance-Investing-and-Wealth/05-WEALTH-CREATION/The-Hard-Thing-About-Hard-Things.md,nonfiction,summary,detailed,Foundation,,
0798,0798,P0,What It Takes: Lessons in the Pursuit of Excellence,Stephen A. Schwarzman,2019,2019,2019,"05-Finance, Investing & Wealth","Finance, Investing & Wealth",05-WEALTH-CREATION,Ownership,Equity & Ownership,What-It-Takes-Schwarzman,Intermediate,planned,md/05-Finance-Investing-and-Wealth/05-WEALTH-CREATION/What-It-Takes-Schwarzman.md,nonfiction,summary,detailed,Foundation,,
0799,0799,P0,Shoe Dog: A Memoir by the Creator of Nike,Phil Knight,2016,2018,2016,"05-Finance, Investing & Wealth","Finance, Investing & Wealth",05-WEALTH-CREATION,Ownership,Equity & Ownership,Shoe-Dog,Intermediate,planned,md/05-Finance-Investing-and-Wealth/05-WEALTH-CREATION/Shoe-Dog.md,nonfiction,summary,detailed,Foundation,,
0800,0800,P0,The Snowball: Warren Buffett and the Business of Life,Alice Schroeder,2008,2009,2008,"05-Finance, Investing & Wealth","Finance, Investing & Wealth",05-WEALTH-CREATION,Ownership,Equity & Ownership,The-Snowball,Intermediate,planned,md/05-Finance-Investing-and-Wealth/05-WEALTH-CREATION/The-Snowball.md,nonfiction,summary,detailed,Foundation,,
0801,0801,P0,Buy Then Build: How Acquisition Entrepreneurs Outsmart the Startup Game,Walker Deibel,2018,2018,2018,"05-Finance, Investing & Wealth","Finance, Investing & Wealth",05-WEALTH-CREATION,Ownership,Building Assets,Buy-Then-Build,Intermediate,planned,md/05-Finance-Investing-and-Wealth/05-WEALTH-CREATION/Buy-Then-Build.md,nonfiction,summary,detailed,Foundation,,
0802,0802,P0,"HBR Guide to Buying a Small Business: Think Big, Buy Small, Own Your Own Company",Richard S. Ruback; Royce Yudkoff,2017,2017,2017,"05-Finance, Investing & Wealth","Finance, Investing & Wealth",05-WEALTH-CREATION,Ownership,Building Assets,HBR-Guide-to-Buying-a-Small-Business,Intermediate,planned,md/05-Finance-Investing-and-Wealth/05-WEALTH-CREATION/HBR-Guide-to-Buying-a-Small-Business.md,nonfiction,summary,detailed,Foundation,,
0803,0803,P0,Built to Sell: Creating a Business That Can Thrive Without You,John Warrillow,2010,2012,2010,"05-Finance, Investing & Wealth","Finance, Investing & Wealth",05-WEALTH-CREATION,Ownership,Building Assets,Built-to-Sell,Intermediate,planned,md/05-Finance-Investing-and-Wealth/05-WEALTH-CREATION/Built-to-Sell.md,nonfiction,summary,detailed,Foundation,,
0804,0804,P1,The Automatic Customer: Creating a Subscription Business in Any Industry,John Warrillow,2015,2015,2015,"05-Finance, Investing & Wealth","Finance, Investing & Wealth",05-WEALTH-CREATION,Ownership,Building Assets,The-Automatic-Customer,Intermediate,planned,md/05-Finance-Investing-and-Wealth/05-WEALTH-CREATION/The-Automatic-Customer.md,nonfiction,summary,detailed,Foundation,,
0805,0805,P1,The Art of Selling Your Business: Winning Strategies & Secret Hacks for Exiting on Top,John Warrillow,2021,2021,2021,"05-Finance, Investing & Wealth","Finance, Investing & Wealth",05-WEALTH-CREATION,Ownership,Building Assets,The-Art-of-Selling-Your-Business,Intermediate,planned,md/05-Finance-Investing-and-Wealth/05-WEALTH-CREATION/The-Art-of-Selling-Your-Business.md,nonfiction,summary,detailed,Foundation,,
0806,0806,P1,The Art of Invisibility: The World's Most Famous Hacker Teaches You How to Be Safe in the Age of Big Brother and Big Data,Kevin Mitnick; Robert Vamosi,2017,2019,2017,"05-Finance, Investing & Wealth","Finance, Investing & Wealth",05-WEALTH-CREATION,Long-Term Wealth,Compounding,The-Art-of-Invisibility,Intermediate,planned,md/05-Finance-Investing-and-Wealth/05-WEALTH-CREATION/The-Art-of-Invisibility.md,nonfiction,summary,detailed,Foundation,,
0807,0807,P0,"The Joys of Compounding: The Passionate Pursuit of Lifelong Learning, Investing, and Living",Gautam Baid,2019,2020,2019,"05-Finance, Investing & Wealth","Finance, Investing & Wealth",05-WEALTH-CREATION,Long-Term Wealth,Compounding,The-Joys-of-Compounding,Intermediate,planned,md/05-Finance-Investing-and-Wealth/05-WEALTH-CREATION/The-Joys-of-Compounding.md,nonfiction,summary,detailed,Foundation,,
0808,0808,P0,"The Education of a Value Investor: My Transformative Quest for Wealth, Wisdom, and Enlightenment",Guy Spier,2014,2014,2014,"05-Finance, Investing & Wealth","Finance, Investing & Wealth",05-WEALTH-CREATION,Long-Term Wealth,Compounding,The-Education-of-a-Value-Investor,Intermediate,planned,md/05-Finance-Investing-and-Wealth/05-WEALTH-CREATION/The-Education-of-a-Value-Investor.md,nonfiction,summary,detailed,Foundation,,
0809,0809,P0,Investing for Growth: How to Make Money by Investing in Only the Best Companies,Terry Smith,2020,2020,2020,"05-Finance, Investing & Wealth","Finance, Investing & Wealth",05-WEALTH-CREATION,Long-Term Wealth,Compounding,Investing-for-Growth-Terry-Smith,Intermediate,planned,md/05-Finance-Investing-and-Wealth/05-WEALTH-CREATION/Investing-for-Growth-Terry-Smith.md,nonfiction,summary,detailed,Foundation,,
0810,0810,P1,The Sacred Truths of Investing: Finding Stocks That Will Make You Rich,Louis Navellier,2025,2025,2025,"05-Finance, Investing & Wealth","Finance, Investing & Wealth",05-WEALTH-CREATION,Long-Term Wealth,Compounding,The-Sacred-Truths-of-Investing,Intermediate,planned,md/05-Finance-Investing-and-Wealth/05-WEALTH-CREATION/The-Sacred-Truths-of-Investing.md,nonfiction,summary,detailed,Foundation,,
0811,0811,P0,Family Wealth: Keeping It in the Family—How Family Systems and Family Governance Ensure Multigenerational Success,James E. Hughes Jr.,1997,2004,1997,"05-Finance, Investing & Wealth","Finance, Investing & Wealth",05-WEALTH-CREATION,Long-Term Wealth,Intergenerational Wealth,Family-Wealth-Hughes,Intermediate,planned,md/05-Finance-Investing-and-Wealth/05-WEALTH-CREATION/Family-Wealth-Hughes.md,nonfiction,summary,detailed,Foundation,,
0812,0812,P1,Complete Family Wealth: Wealth as Well-Being,James E. Hughes Jr.; Susan E. Massenzio; Keith Whitaker,2017,2021,2017,"05-Finance, Investing & Wealth","Finance, Investing & Wealth",05-WEALTH-CREATION,Long-Term Wealth,Intergenerational Wealth,Complete-Family-Wealth,Intermediate,planned,md/05-Finance-Investing-and-Wealth/05-WEALTH-CREATION/Complete-Family-Wealth.md,nonfiction,summary,detailed,Foundation,,
0813,0813,P1,Wealth in Families,Charles W. Collier,2003,2006,2003,"05-Finance, Investing & Wealth","Finance, Investing & Wealth",05-WEALTH-CREATION,Long-Term Wealth,Intergenerational Wealth,Wealth-in-Families,Intermediate,planned,md/05-Finance-Investing-and-Wealth/05-WEALTH-CREATION/Wealth-in-Families.md,nonfiction,summary,detailed,Foundation,,
0814,0814,P2,Borrowed Intellect: Strategic Philanthropy and Dynasty,Peter Karoff,2012,2012,2012,"05-Finance, Investing & Wealth","Finance, Investing & Wealth",05-WEALTH-CREATION,Long-Term Wealth,Intergenerational Wealth,Borrowed-Intellect,Intermediate,planned,md/05-Finance-Investing-and-Wealth/05-WEALTH-CREATION/Borrowed-Intellect.md,nonfiction,summary,detailed,Foundation,,
0815,0815,P1,Family Business: Governance and Succession,Ernesto J. Poza,2003,2017,2003,"05-Finance, Investing & Wealth","Finance, Investing & Wealth",05-WEALTH-CREATION,Long-Term Wealth,Intergenerational Wealth,Family-Business-Poza,Intermediate,planned,md/05-Finance-Investing-and-Wealth/05-WEALTH-CREATION/Family-Business-Poza.md,nonfiction,summary,detailed,Foundation,,
0816,0816,P0,Safe Haven: Investing for Financial Storms,Mark Spitznagel,2021,2021,2021,"05-Finance, Investing & Wealth","Finance, Investing & Wealth",05-WEALTH-CREATION,Long-Term Wealth,Capital Preservation,Safe-Haven-Spitznagel,Intermediate,planned,md/05-Finance-Investing-and-Wealth/05-WEALTH-CREATION/Safe-Haven-Spitznagel.md,nonfiction,summary,detailed,Foundation,,
0817,0817,P0,The Dao of Capital: Austrian Investing in a Distorted World,Mark Spitznagel,2013,2013,2013,"05-Finance, Investing & Wealth","Finance, Investing & Wealth",05-WEALTH-CREATION,Long-Term Wealth,Capital Preservation,The-Dao-of-Capital,Intermediate,planned,md/05-Finance-Investing-and-Wealth/05-WEALTH-CREATION/The-Dao-of-Capital.md,nonfiction,summary,detailed,Foundation,,
0818,0818,P0,The Permanent Portfolio: Harry Browne's Long-Term Investment Strategy,Craig Rowland; J. M. Lawson,2012,2012,2012,"05-Finance, Investing & Wealth","Finance, Investing & Wealth",05-WEALTH-CREATION,Long-Term Wealth,Capital Preservation,The-Permanent-Portfolio,Intermediate,planned,md/05-Finance-Investing-and-Wealth/05-WEALTH-CREATION/The-Permanent-Portfolio.md,nonfiction,summary,detailed,Foundation,,
0819,0819,P1,Fail-Safe Investing: Lifelong Financial Security in 30 Minutes,Harry Browne,1999,1999,1999,"05-Finance, Investing & Wealth","Finance, Investing & Wealth",05-WEALTH-CREATION,Long-Term Wealth,Capital Preservation,Fail-Safe-Investing,Intermediate,planned,md/05-Finance-Investing-and-Wealth/05-WEALTH-CREATION/Fail-Safe-Investing.md,nonfiction,summary,detailed,Foundation,,
0820,0820,P1,In This Economy? How Money and Markets Really Work,Kyla Scanlon,2024,2025,2024,"05-Finance, Investing & Wealth","Finance, Investing & Wealth",05-WEALTH-CREATION,Long-Term Wealth,Capital Preservation,In-This-Economy-Scanlon,Intermediate,planned,md/05-Finance-Investing-and-Wealth/05-WEALTH-CREATION/In-This-Economy-Scanlon.md,nonfiction,summary,detailed,Foundation,,
0821,0821,P0,Basic Economics: A Common Sense Guide to the Economy,Thomas Sowell,2000,2014,2000,"06-Economics, Business & Entrepreneurship","Economics, Business & Entrepreneurship",01-ECONOMICS,Microeconomics,Incentives,Basic-Economics-Sowell,Intermediate,planned,md/06-Economics-Business-and-Entrepreneurship/01-ECONOMICS/Basic-Economics-Sowell.md,nonfiction,summary,detailed,Foundation,,
0822,0822,P0,Economics in One Lesson,Henry Hazlitt,1946,2010,1946,"06-Economics, Business & Entrepreneurship","Economics, Business & Entrepreneurship",01-ECONOMICS,Microeconomics,Incentives,Economics-in-One-Lesson,Intermediate,planned,md/06-Economics-Business-and-Entrepreneurship/01-ECONOMICS/Economics-in-One-Lesson.md,nonfiction,summary,detailed,Foundation,,
0823,0823,P0,The Armchair Economist: Economics and Everyday Life,Steven E. Landsburg,1993,2012,1993,"06-Economics, Business & Entrepreneurship","Economics, Business & Entrepreneurship",01-ECONOMICS,Microeconomics,Incentives,The-Armchair-Economist,Intermediate,planned,md/06-Economics-Business-and-Entrepreneurship/01-ECONOMICS/The-Armchair-Economist.md,nonfiction,summary,detailed,Foundation,,
0824,0824,P0,The Undercover Economist,Tim Harford,2005,2012,2005,"06-Economics, Business & Entrepreneurship","Economics, Business & Entrepreneurship",01-ECONOMICS,Microeconomics,Incentives,The-Undercover-Economist,Intermediate,planned,md/06-Economics-Business-and-Entrepreneurship/01-ECONOMICS/The-Undercover-Economist.md,nonfiction,summary,detailed,Foundation,,
0825,0825,P1,The Logic of Life: The Rational Economics of an Irrational World,Tim Harford,2008,2009,2008,"06-Economics, Business & Entrepreneurship","Economics, Business & Entrepreneurship",01-ECONOMICS,Microeconomics,Incentives,The-Logic-of-Life,Intermediate,planned,md/06-Economics-Business-and-Entrepreneurship/01-ECONOMICS/The-Logic-of-Life.md,nonfiction,summary,detailed,Foundation,,
0826,0826,P0,The Wealth of Nations,Adam Smith,1776,2008,1776,"06-Economics, Business & Entrepreneurship","Economics, Business & Entrepreneurship",01-ECONOMICS,Microeconomics,Markets,The-Wealth-of-Nations,Intermediate,planned,md/06-Economics-Business-and-Entrepreneurship/01-ECONOMICS/The-Wealth-of-Nations.md,nonfiction,summary,detailed,Foundation,,
0827,0827,P0,Reinventing the Bazaar: A Natural History of Markets,John McMillan,2002,2003,2002,"06-Economics, Business & Entrepreneurship","Economics, Business & Entrepreneurship",01-ECONOMICS,Microeconomics,Markets,Reinventing-the-Bazaar,Intermediate,planned,md/06-Economics-Business-and-Entrepreneurship/01-ECONOMICS/Reinventing-the-Bazaar.md,nonfiction,summary,detailed,Foundation,,
0828,0828,P0,Who Gets What — and Why: The New Economics of Matchmaking and Market Design,Alvin E. Roth,2015,2016,2015,"06-Economics, Business & Entrepreneurship","Economics, Business & Entrepreneurship",01-ECONOMICS,Microeconomics,Markets,Who-Gets-What-and-Why,Intermediate,planned,md/06-Economics-Business-and-Entrepreneurship/01-ECONOMICS/Who-Gets-What-and-Why.md,nonfiction,summary,detailed,Foundation,,
0829,0829,P0,Free to Choose: A Personal Statement,Milton Friedman; Rose Friedman,1980,1990,1980,"06-Economics, Business & Entrepreneurship","Economics, Business & Entrepreneurship",01-ECONOMICS,Microeconomics,Markets,Free-to-Choose,Intermediate,planned,md/06-Economics-Business-and-Entrepreneurship/01-ECONOMICS/Free-to-Choose.md,nonfiction,summary,detailed,Foundation,,
0830,0830,P0,Capitalism and Freedom,Milton Friedman,1962,2020,1962,"06-Economics, Business & Entrepreneurship","Economics, Business & Entrepreneurship",01-ECONOMICS,Microeconomics,Markets,Capitalism-and-Freedom,Intermediate,planned,md/06-Economics-Business-and-Entrepreneurship/01-ECONOMICS/Capitalism-and-Freedom.md,nonfiction,summary,detailed,Foundation,,
0831,0831,P0,The Road to Serfdom,Friedrich A. Hayek,1944,2007,1944,"06-Economics, Business & Entrepreneurship","Economics, Business & Entrepreneurship",01-ECONOMICS,Microeconomics,Competition,The-Road-to-Serfdom,Intermediate,planned,md/06-Economics-Business-and-Entrepreneurship/01-ECONOMICS/The-Road-to-Serfdom.md,nonfiction,summary,detailed,Foundation,,
0832,0832,P1,Individualism and Economic Order,Friedrich A. Hayek,1948,1980,1948,"06-Economics, Business & Entrepreneurship","Economics, Business & Entrepreneurship",01-ECONOMICS,Microeconomics,Competition,Individualism-and-Economic-Order,Intermediate,planned,md/06-Economics-Business-and-Entrepreneurship/01-ECONOMICS/Individualism-and-Economic-Order.md,nonfiction,summary,detailed,Foundation,,
0833,0833,P0,Human Action: A Treatise on Economics,Ludwig von Mises,1949,1998,1949,"06-Economics, Business & Entrepreneurship","Economics, Business & Entrepreneurship",01-ECONOMICS,Microeconomics,Competition,Human-Action,Intermediate,planned,md/06-Economics-Business-and-Entrepreneurship/01-ECONOMICS/Human-Action.md,nonfiction,summary,detailed,Foundation,,
0834,0834,P0,The Use of Knowledge in Society,Friedrich A. Hayek,1945,1945,1945,"06-Economics, Business & Entrepreneurship","Economics, Business & Entrepreneurship",01-ECONOMICS,Microeconomics,Competition,The-Use-of-Knowledge-in-Society,Intermediate,planned,md/06-Economics-Business-and-Entrepreneurship/01-ECONOMICS/The-Use-of-Knowledge-in-Society.md,nonfiction,summary,detailed,Foundation,,
0835,0835,P1,The Anti-Capitalistic Mentality,Ludwig von Mises,1956,2008,1956,"06-Economics, Business & Entrepreneurship","Economics, Business & Entrepreneurship",01-ECONOMICS,Microeconomics,Competition,The-Anti-Capitalistic-Mentality,Intermediate,planned,md/06-Economics-Business-and-Entrepreneurship/01-ECONOMICS/The-Anti-Capitalistic-Mentality.md,nonfiction,summary,detailed,Foundation,,
0836,0836,P0,Confessions of the Pricing Man: How Price Affects Everything,Hermann Simon,2015,2015,2015,"06-Economics, Business & Entrepreneurship","Economics, Business & Entrepreneurship",01-ECONOMICS,Microeconomics,Pricing,Confessions-of-the-Pricing-Man,Intermediate,planned,md/06-Economics-Business-and-Entrepreneurship/01-ECONOMICS/Confessions-of-the-Pricing-Man.md,nonfiction,summary,detailed,Foundation,,
0837,0837,P0,Priceless: The Myth of Fair Value (and How to Take Advantage of It),William Poundstone,2010,2011,2010,"06-Economics, Business & Entrepreneurship","Economics, Business & Entrepreneurship",01-ECONOMICS,Microeconomics,Pricing,Priceless-Poundstone,Intermediate,planned,md/06-Economics-Business-and-Entrepreneurship/01-ECONOMICS/Priceless-Poundstone.md,nonfiction,summary,detailed,Foundation,,
0838,0838,P0,The Strategy and Tactics of Pricing: A Guide to Growing More Profitably,Thomas T. Nagle; Georg Müller,1987,2017,1987,"06-Economics, Business & Entrepreneurship","Economics, Business & Entrepreneurship",01-ECONOMICS,Microeconomics,Pricing,The-Strategy-and-Tactics-of-Pricing,Intermediate,planned,md/06-Economics-Business-and-Entrepreneurship/01-ECONOMICS/The-Strategy-and-Tactics-of-Pricing.md,nonfiction,summary,detailed,Foundation,,
0839,0839,P1,"Smart Pricing: How Google, Priceline, and Leading Businesses Use Pricing Innovation for Profitablity",Jagmohan Raju; Z. John Zhang,2010,2010,2010,"06-Economics, Business & Entrepreneurship","Economics, Business & Entrepreneurship",01-ECONOMICS,Microeconomics,Pricing,Smart-Pricing,Intermediate,planned,md/06-Economics-Business-and-Entrepreneurship/01-ECONOMICS/Smart-Pricing.md,nonfiction,summary,detailed,Foundation,,
0840,0840,P1,The Truth About Pricing: How to Apply Behavioral Economics So Customers Buy,Melina Palmer,2024,2024,2024,"06-Economics, Business & Entrepreneurship","Economics, Business & Entrepreneurship",01-ECONOMICS,Microeconomics,Pricing,The-Truth-About-Pricing-Palmer,Intermediate,planned,md/06-Economics-Business-and-Entrepreneurship/01-ECONOMICS/The-Truth-About-Pricing-Palmer.md,nonfiction,summary,detailed,Foundation,,
0841,0841,P0,"The General Theory of Employment, Interest, and Money",John Maynard Keynes,1936,2018,1936,"06-Economics, Business & Entrepreneurship","Economics, Business & Entrepreneurship",01-ECONOMICS,Macroeconomics,Money & Banking,The-General-Theory-of-Employment-Interest-and-Money,Intermediate,planned,md/06-Economics-Business-and-Entrepreneurship/01-ECONOMICS/The-General-Theory-of-Employment-Interest-and-Money.md,nonfiction,summary,detailed,Foundation,,
0842,0842,P0,"A Monetary History of the United States, 1867-1960",Milton Friedman; Anna Jacobson Schwartz,1963,2008,1963,"06-Economics, Business & Entrepreneurship","Economics, Business & Entrepreneurship",01-ECONOMICS,Macroeconomics,Money & Banking,A-Monetary-History-of-the-United-States,Intermediate,planned,md/06-Economics-Business-and-Entrepreneurship/01-ECONOMICS/A-Monetary-History-of-the-United-States.md,nonfiction,summary,detailed,Foundation,,
0843,0843,P0,The Courage to Act: A Memoir of a Crisis and Its Aftermath,Ben S. Bernanke,2015,2017,2015,"06-Economics, Business & Entrepreneurship","Economics, Business & Entrepreneurship",01-ECONOMICS,Macroeconomics,Money & Banking,The-Courage-to-Act,Intermediate,planned,md/06-Economics-Business-and-Entrepreneurship/01-ECONOMICS/The-Courage-to-Act.md,nonfiction,summary,detailed,Foundation,,
0844,0844,P0,21st Century Monetary Policy: The Federal Reserve from the Great Inflation to COVID-19,Ben S. Bernanke,2022,2023,2022,"06-Economics, Business & Entrepreneurship","Economics, Business & Entrepreneurship",01-ECONOMICS,Macroeconomics,Money & Banking,21st-Century-Monetary-Policy,Intermediate,planned,md/06-Economics-Business-and-Entrepreneurship/01-ECONOMICS/21st-Century-Monetary-Policy.md,nonfiction,summary,detailed,Foundation,,
0845,0845,P1,The Money Machine: How the City Really Works,Philip Coggan,1986,2022,1986,"06-Economics, Business & Entrepreneurship","Economics, Business & Entrepreneurship",01-ECONOMICS,Macroeconomics,Money & Banking,The-Money-Machine-Coggan,Intermediate,planned,md/06-Economics-Business-and-Entrepreneurship/01-ECONOMICS/The-Money-Machine-Coggan.md,nonfiction,summary,detailed,Foundation,,
0846,0846,P0,When Money Dies: The Nightmare of the Weimar Hyper-inflation,Adam Fergusson,1975,2010,1975,"06-Economics, Business & Entrepreneurship","Economics, Business & Entrepreneurship",01-ECONOMICS,Macroeconomics,Inflation,When-Money-Dies,Intermediate,planned,md/06-Economics-Business-and-Entrepreneurship/01-ECONOMICS/When-Money-Dies.md,nonfiction,summary,detailed,Foundation,,
0847,0847,P1,Dying of Money: Lessons of the Great German and American Inflations,Jens O. Parsson,1974,2011,1974,"06-Economics, Business & Entrepreneurship","Economics, Business & Entrepreneurship",01-ECONOMICS,Macroeconomics,Inflation,Dying-of-Money,Intermediate,planned,md/06-Economics-Business-and-Entrepreneurship/01-ECONOMICS/Dying-of-Money.md,nonfiction,summary,detailed,Foundation,,
0848,0848,P1,The Great Inflation: The Rebirth of Modern Central Banking,Michael D. Bordo; Athanasios Orphanides,2013,2013,2013,"06-Economics, Business & Entrepreneurship","Economics, Business & Entrepreneurship",01-ECONOMICS,Macroeconomics,Inflation,The-Great-Inflation,Intermediate,planned,md/06-Economics-Business-and-Entrepreneurship/01-ECONOMICS/The-Great-Inflation.md,nonfiction,summary,detailed,Foundation,,
0849,0849,P2,Paper Money,George J.W. Goodman (Adam Smith),1981,1982,1981,"06-Economics, Business & Entrepreneurship","Economics, Business & Entrepreneurship",01-ECONOMICS,Macroeconomics,Inflation,Paper-Money-Adam-Smith,Intermediate,planned,md/06-Economics-Business-and-Entrepreneurship/01-ECONOMICS/Paper-Money-Adam-Smith.md,nonfiction,summary,detailed,Foundation,,
0850,0850,P1,"Inflation: What It Is, Why It's Bad, and How to Fix It",Steve Forbes; Nathan Lewis; Elizabeth Ames,2022,2022,2022,"06-Economics, Business & Entrepreneurship","Economics, Business & Entrepreneurship",01-ECONOMICS,Macroeconomics,Inflation,Inflation-Forbes,Intermediate,planned,md/06-Economics-Business-and-Entrepreneurship/01-ECONOMICS/Inflation-Forbes.md,nonfiction,summary,detailed,Foundation,,
0851,0851,P0,Stabilizing an Unstable Economy,Hyman P. Minsky,1986,2008,1986,"06-Economics, Business & Entrepreneurship","Economics, Business & Entrepreneurship",01-ECONOMICS,Macroeconomics,Business Cycles,Stabilizing-an-Unstable-Economy,Intermediate,planned,md/06-Economics-Business-and-Entrepreneurship/01-ECONOMICS/Stabilizing-an-Unstable-Economy.md,nonfiction,summary,detailed,Foundation,,
0852,0852,P1,"Can ""It"" Happen Again?: Essays on Instability and Finance",Hyman P. Minsky,1982,2016,1982,"06-Economics, Business & Entrepreneurship","Economics, Business & Entrepreneurship",01-ECONOMICS,Macroeconomics,Business Cycles,Can-It-Happen-Again,Intermediate,planned,md/06-Economics-Business-and-Entrepreneurship/01-ECONOMICS/Can-It-Happen-Again.md,nonfiction,summary,detailed,Foundation,,
0853,0853,P0,"Business Cycles: A Theoretical, Historical, and Statistical Analysis of the Capitalist Process",Joseph A. Schumpeter,1939,2006,1939,"06-Economics, Business & Entrepreneurship","Economics, Business & Entrepreneurship",01-ECONOMICS,Macroeconomics,Business Cycles,Business-Cycles-Schumpeter,Intermediate,planned,md/06-Economics-Business-and-Entrepreneurship/01-ECONOMICS/Business-Cycles-Schumpeter.md,nonfiction,summary,detailed,Foundation,,
0854,0854,P0,Good Economics for Hard Times,Abhijit V. Banerjee; Esther Duflo,2019,2019,2019,"06-Economics, Business & Entrepreneurship","Economics, Business & Entrepreneurship",01-ECONOMICS,Macroeconomics,Business Cycles,Good-Economics-for-Hard-Times,Intermediate,planned,md/06-Economics-Business-and-Entrepreneurship/01-ECONOMICS/Good-Economics-for-Hard-Times.md,nonfiction,summary,detailed,Foundation,,
0855,0855,P0,Economics for the Common Good,Jean Tirole,2016,2017,2016,"06-Economics, Business & Entrepreneurship","Economics, Business & Entrepreneurship",01-ECONOMICS,Macroeconomics,Business Cycles,Economics-for-the-Common-Good,Intermediate,planned,md/06-Economics-Business-and-Entrepreneurship/01-ECONOMICS/Economics-for-the-Common-Good.md,nonfiction,summary,detailed,Foundation,,
0856,0856,P0,The Deficit Myth: Modern Monetary Theory and the Birth of the People's Economy,Stephanie Kelton,2020,2021,2020,"06-Economics, Business & Entrepreneurship","Economics, Business & Entrepreneurship",01-ECONOMICS,Macroeconomics,Government & Fiscal Policy,The-Deficit-Myth,Intermediate,planned,md/06-Economics-Business-and-Entrepreneurship/01-ECONOMICS/The-Deficit-Myth.md,nonfiction,summary,detailed,Foundation,,
0857,0857,P1,The Public Wealth of Nations: How Management of Public Assets Can Boost or Bust Economic Growth,Dag Detter; Stefan Fölster,2015,2015,2015,"06-Economics, Business & Entrepreneurship","Economics, Business & Entrepreneurship",01-ECONOMICS,Macroeconomics,Government & Fiscal Policy,The-Public-Wealth-of-Nations,Intermediate,planned,md/06-Economics-Business-and-Entrepreneurship/01-ECONOMICS/The-Public-Wealth-of-Nations.md,nonfiction,summary,detailed,Foundation,,
0858,0858,P0,The Entrepreneurial State: Debunking Public vs. Private Sector Myths,Mariana Mazzucato,2013,2015,2013,"06-Economics, Business & Entrepreneurship","Economics, Business & Entrepreneurship",01-ECONOMICS,Macroeconomics,Government & Fiscal Policy,The-Entrepreneurial-State,Intermediate,planned,md/06-Economics-Business-and-Entrepreneurship/01-ECONOMICS/The-Entrepreneurial-State.md,nonfiction,summary,detailed,Foundation,,
0859,0859,P1,The Value of Everything: Making and Taking in the Global Economy,Mariana Mazzucato,2018,2018,2018,"06-Economics, Business & Entrepreneurship","Economics, Business & Entrepreneurship",01-ECONOMICS,Macroeconomics,Government & Fiscal Policy,The-Value-of-Everything,Intermediate,planned,md/06-Economics-Business-and-Entrepreneurship/01-ECONOMICS/The-Value-of-Everything.md,nonfiction,summary,detailed,Foundation,,
0860,0860,P1,Mission Economy: A Moonshot Guide to Changing Capitalism,Mariana Mazzucato,2021,2022,2021,"06-Economics, Business & Entrepreneurship","Economics, Business & Entrepreneurship",01-ECONOMICS,Macroeconomics,Government & Fiscal Policy,Mission-Economy,Intermediate,planned,md/06-Economics-Business-and-Entrepreneurship/01-ECONOMICS/Mission-Economy.md,nonfiction,summary,detailed,Foundation,,
0861,0861,P0,The Globalization Paradox: Democracy and the Future of the World Economy,Dani Rodrik,2011,2012,2011,"06-Economics, Business & Entrepreneurship","Economics, Business & Entrepreneurship",01-ECONOMICS,Macroeconomics,International Economics,The-Globalization-Paradox,Intermediate,planned,md/06-Economics-Business-and-Entrepreneurship/01-ECONOMICS/The-Globalization-Paradox.md,nonfiction,summary,detailed,Foundation,,
0862,0862,P1,Straight Talk on Trade: Ideas for a Sane World Economy,Dani Rodrik,2017,2018,2017,"06-Economics, Business & Entrepreneurship","Economics, Business & Entrepreneurship",01-ECONOMICS,Macroeconomics,International Economics,Straight-Talk-on-Trade,Intermediate,planned,md/06-Economics-Business-and-Entrepreneurship/01-ECONOMICS/Straight-Talk-on-Trade.md,nonfiction,summary,detailed,Foundation,,
0863,0863,P0,Globalization and Its Discontents,Joseph E. Stiglitz,2002,2018,2002,"06-Economics, Business & Entrepreneurship","Economics, Business & Entrepreneurship",01-ECONOMICS,Macroeconomics,International Economics,Globalization-and-Its-Discontents,Intermediate,planned,md/06-Economics-Business-and-Entrepreneurship/01-ECONOMICS/Globalization-and-Its-Discontents.md,nonfiction,summary,detailed,Foundation,,
0864,0864,P1,The Great Convergence: Information Technology and the New Globalization,Richard Baldwin,2016,2019,2016,"06-Economics, Business & Entrepreneurship","Economics, Business & Entrepreneurship",01-ECONOMICS,Macroeconomics,International Economics,The-Great-Convergence,Intermediate,planned,md/06-Economics-Business-and-Entrepreneurship/01-ECONOMICS/The-Great-Convergence.md,nonfiction,summary,detailed,Foundation,,
0865,0865,P1,"The Globotics Upheaval: Globalization, Robotics, and the Future of Work",Richard Baldwin,2019,2019,2019,"06-Economics, Business & Entrepreneurship","Economics, Business & Entrepreneurship",01-ECONOMICS,Macroeconomics,International Economics,The-Globotics-Upheaval,Intermediate,planned,md/06-Economics-Business-and-Entrepreneurship/01-ECONOMICS/The-Globotics-Upheaval.md,nonfiction,summary,detailed,Foundation,,
0866,0866,P0,Misbehaving: The Making of Behavioral Economics,Richard H. Thaler,2015,2016,2015,"06-Economics, Business & Entrepreneurship","Economics, Business & Entrepreneurship",01-ECONOMICS,Behavioral Economics,Economic Decision-Making,Misbehaving-Thaler-Econ,Intermediate,planned,md/06-Economics-Business-and-Entrepreneurship/01-ECONOMICS/Misbehaving-Thaler-Econ.md,nonfiction,summary,detailed,Foundation,,
0867,0867,P0,The Winner's Curse: Paradoxes and Anomalies of Economic Life,Richard H. Thaler,1992,1994,1992,"06-Economics, Business & Entrepreneurship","Economics, Business & Entrepreneurship",01-ECONOMICS,Behavioral Economics,Economic Decision-Making,The-Winners-Curse,Intermediate,planned,md/06-Economics-Business-and-Entrepreneurship/01-ECONOMICS/The-Winners-Curse.md,nonfiction,summary,detailed,Foundation,,
0868,0868,P1,Quasi Rational Economics,Richard H. Thaler,1991,1994,1991,"06-Economics, Business & Entrepreneurship","Economics, Business & Entrepreneurship",01-ECONOMICS,Behavioral Economics,Economic Decision-Making,Quasi-Rational-Economics,Intermediate,planned,md/06-Economics-Business-and-Entrepreneurship/01-ECONOMICS/Quasi-Rational-Economics.md,nonfiction,summary,detailed,Foundation,,
0869,0869,P2,Behavioral Economics,Edward Cartwright,2011,2018,2011,"06-Economics, Business & Entrepreneurship","Economics, Business & Entrepreneurship",01-ECONOMICS,Behavioral Economics,Economic Decision-Making,Behavioral-Economics-Cartwright,Intermediate,planned,md/06-Economics-Business-and-Entrepreneurship/01-ECONOMICS/Behavioral-Economics-Cartwright.md,nonfiction,summary,detailed,Foundation,,
0870,0870,P2,An Introduction to Behavioral Economics,Nick Wilkinson; Matthias Klaes,2007,2018,2007,"06-Economics, Business & Entrepreneurship","Economics, Business & Entrepreneurship",01-ECONOMICS,Behavioral Economics,Economic Decision-Making,Introduction-to-Behavioral-Economics,Intermediate,planned,md/06-Economics-Business-and-Entrepreneurship/01-ECONOMICS/Introduction-to-Behavioral-Economics.md,nonfiction,summary,detailed,Foundation,,
0871,0871,P0,Scarcity: Why Having Too Little Means So Much,Sendhil Mullainathan; Eldar Shafir,2013,2014,2013,"06-Economics, Business & Entrepreneurship","Economics, Business & Entrepreneurship",01-ECONOMICS,Behavioral Economics,Incentives & Choice,Scarcity-Mullainathan,Intermediate,planned,md/06-Economics-Business-and-Entrepreneurship/01-ECONOMICS/Scarcity-Mullainathan.md,nonfiction,summary,detailed,Foundation,,
0872,0872,P0,Dollars and Sense: How We Misthink Money and How to Spend Smarter,Dan Ariely; Jeff Kreisler,2017,2018,2017,"06-Economics, Business & Entrepreneurship","Economics, Business & Entrepreneurship",01-ECONOMICS,Behavioral Economics,Incentives & Choice,Dollars-and-Sense,Intermediate,planned,md/06-Economics-Business-and-Entrepreneurship/01-ECONOMICS/Dollars-and-Sense.md,nonfiction,summary,detailed,Foundation,,
0873,0873,P0,"Alchemy: The Dark Art and Curious Science of Creating Magic in Brands, Business, and Life",Rory Sutherland,2019,2021,2019,"06-Economics, Business & Entrepreneurship","Economics, Business & Entrepreneurship",01-ECONOMICS,Behavioral Economics,Incentives & Choice,Alchemy-Sutherland,Intermediate,planned,md/06-Economics-Business-and-Entrepreneurship/01-ECONOMICS/Alchemy-Sutherland.md,nonfiction,summary,detailed,Foundation,,
0874,0874,P1,Choice Factory: 25 Behavioural Biases That Influence What We Buy,Richard Shotton,2018,2018,2018,"06-Economics, Business & Entrepreneurship","Economics, Business & Entrepreneurship",01-ECONOMICS,Behavioral Economics,Incentives & Choice,Choice-Factory,Intermediate,planned,md/06-Economics-Business-and-Entrepreneurship/01-ECONOMICS/Choice-Factory.md,nonfiction,summary,detailed,Foundation,,
0875,0875,P1,The Illusion of Choice: 16½ Psychological Biases That Influence What We Buy,Richard Shotton,2023,2023,2023,"06-Economics, Business & Entrepreneurship","Economics, Business & Entrepreneurship",01-ECONOMICS,Behavioral Economics,Incentives & Choice,The-Illusion-of-Choice,Intermediate,planned,md/06-Economics-Business-and-Entrepreneurship/01-ECONOMICS/The-Illusion-of-Choice.md,nonfiction,summary,detailed,Foundation,,
0876,0876,P1,Finance and the Good Society,Robert J. Shiller,2012,2013,2012,"06-Economics, Business & Entrepreneurship","Economics, Business & Entrepreneurship",01-ECONOMICS,Behavioral Economics,Behavioral Markets,Finance-and-the-Good-Society,Intermediate,planned,md/06-Economics-Business-and-Entrepreneurship/01-ECONOMICS/Finance-and-the-Good-Society.md,nonfiction,summary,detailed,Foundation,,
0877,0877,P1,"The Subprime Solution: How Today's Global Financial Crisis Happened, and What to Do about It",Robert J. Shiller,2008,2008,2008,"06-Economics, Business & Entrepreneurship","Economics, Business & Entrepreneurship",01-ECONOMICS,Behavioral Economics,Behavioral Markets,The-Subprime-Solution,Intermediate,planned,md/06-Economics-Business-and-Entrepreneurship/01-ECONOMICS/The-Subprime-Solution.md,nonfiction,summary,detailed,Foundation,,
0878,0878,P1,The New Financial Order: Risk in the 21st Century,Robert J. Shiller,2003,2004,2003,"06-Economics, Business & Entrepreneurship","Economics, Business & Entrepreneurship",01-ECONOMICS,Behavioral Economics,Behavioral Markets,The-New-Financial-Order,Intermediate,planned,md/06-Economics-Business-and-Entrepreneurship/01-ECONOMICS/The-New-Financial-Order.md,nonfiction,summary,detailed,Foundation,,
0879,0879,P1,Market Sense and Nonsense: How the Markets Really Work (and How They Don't),Jack D. Schwager,2012,2012,2012,"06-Economics, Business & Entrepreneurship","Economics, Business & Entrepreneurship",01-ECONOMICS,Behavioral Economics,Behavioral Markets,Market-Sense-and-Nonsense,Intermediate,planned,md/06-Economics-Business-and-Entrepreneurship/01-ECONOMICS/Market-Sense-and-Nonsense.md,nonfiction,summary,detailed,Foundation,,
0880,0880,P2,Hedge Hogs: The Cowboy Traders Behind Wall Street's Largest Hedge Fund Disaster,Barbara T. Dreyfuss,2013,2013,2013,"06-Economics, Business & Entrepreneurship","Economics, Business & Entrepreneurship",01-ECONOMICS,Behavioral Economics,Behavioral Markets,Hedge-Hogs,Intermediate,planned,md/06-Economics-Business-and-Entrepreneurship/01-ECONOMICS/Hedge-Hogs.md,nonfiction,summary,detailed,Foundation,,
0881,0881,P0,Poor Economics: A Radical Rethinking of the Way to Fight Global Poverty,Abhijit V. Banerjee; Esther Duflo,2011,2012,2011,"06-Economics, Business & Entrepreneurship","Economics, Business & Entrepreneurship",01-ECONOMICS,Development Economics,Poverty & Development,Poor-Economics,Intermediate,planned,md/06-Economics-Business-and-Entrepreneurship/01-ECONOMICS/Poor-Economics.md,nonfiction,summary,detailed,Foundation,,
0882,0882,P0,Development as Freedom,Amartya Sen,1999,2000,1999,"06-Economics, Business & Entrepreneurship","Economics, Business & Entrepreneurship",01-ECONOMICS,Development Economics,Poverty & Development,Development-as-Freedom,Intermediate,planned,md/06-Economics-Business-and-Entrepreneurship/01-ECONOMICS/Development-as-Freedom.md,nonfiction,summary,detailed,Foundation,,
0883,0883,P0,The Bottom Billion: Why the Poorest Countries are Failing and What Can Be Done About It,Paul Collier,2007,2008,2007,"06-Economics, Business & Entrepreneurship","Economics, Business & Entrepreneurship",01-ECONOMICS,Development Economics,Poverty & Development,The-Bottom-Billion,Intermediate,planned,md/06-Economics-Business-and-Entrepreneurship/01-ECONOMICS/The-Bottom-Billion.md,nonfiction,summary,detailed,Foundation,,
0884,0884,P0,The End of Poverty: Economic Possibilities for Our Time,Jeffrey D. Sachs,2005,2006,2005,"06-Economics, Business & Entrepreneurship","Economics, Business & Entrepreneurship",01-ECONOMICS,Development Economics,Poverty & Development,The-End-of-Poverty,Intermediate,planned,md/06-Economics-Business-and-Entrepreneurship/01-ECONOMICS/The-End-of-Poverty.md,nonfiction,summary,detailed,Foundation,,
0885,0885,P0,The White Man's Burden: Why the West's Efforts to Aid the Rest Have Done So Much Ill and So Little Good,William Easterly,2006,2007,2006,"06-Economics, Business & Entrepreneurship","Economics, Business & Entrepreneurship",01-ECONOMICS,Development Economics,Poverty & Development,The-White-Mans-Burden,Intermediate,planned,md/06-Economics-Business-and-Entrepreneurship/01-ECONOMICS/The-White-Mans-Burden.md,nonfiction,summary,detailed,Foundation,,
0886,0886,P0,"Why Nations Fail: The Origins of Power, Prosperity, and Poverty",Daron Acemoglu; James A. Robinson,2012,2013,2012,"06-Economics, Business & Entrepreneurship","Economics, Business & Entrepreneurship",01-ECONOMICS,Development Economics,Institutions & Growth,Why-Nations-Fail,Intermediate,planned,md/06-Economics-Business-and-Entrepreneurship/01-ECONOMICS/Why-Nations-Fail.md,nonfiction,summary,detailed,Foundation,,
0887,0887,P0,"The Narrow Corridor: States, Societies, and the Fate of Liberty",Daron Acemoglu; James A. Robinson,2019,2020,2019,"06-Economics, Business & Entrepreneurship","Economics, Business & Entrepreneurship",01-ECONOMICS,Development Economics,Institutions & Growth,The-Narrow-Corridor,Intermediate,planned,md/06-Economics-Business-and-Entrepreneurship/01-ECONOMICS/The-Narrow-Corridor.md,nonfiction,summary,detailed,Foundation,,
0888,0888,P0,Power and Progress: Our Thousand-Year Struggle Over Technology and Prosperity,Daron Acemoglu; Simon Johnson,2023,2023,2023,"06-Economics, Business & Entrepreneurship","Economics, Business & Entrepreneurship",01-ECONOMICS,Development Economics,Institutions & Growth,Power-and-Progress,Intermediate,planned,md/06-Economics-Business-and-Entrepreneurship/01-ECONOMICS/Power-and-Progress.md,nonfiction,summary,detailed,Foundation,,
0889,0889,P0,"Institutions, Institutional Change and Economic Performance",Douglass C. North,1990,1990,1990,"06-Economics, Business & Entrepreneurship","Economics, Business & Entrepreneurship",01-ECONOMICS,Development Economics,Institutions & Growth,Institutions-Institutional-Change-North,Intermediate,planned,md/06-Economics-Business-and-Entrepreneurship/01-ECONOMICS/Institutions-Institutional-Change-North.md,nonfiction,summary,detailed,Foundation,,
0890,0890,P0,The Mystery of Capital: Why Capitalism Triumphs in the West and Fails Everywhere Else,Hernando de Soto,2000,2003,2000,"06-Economics, Business & Entrepreneurship","Economics, Business & Entrepreneurship",01-ECONOMICS,Development Economics,Institutions & Growth,The-Mystery-of-Capital,Intermediate,planned,md/06-Economics-Business-and-Entrepreneurship/01-ECONOMICS/The-Mystery-of-Capital.md,nonfiction,summary,detailed,Foundation,,
0891,0891,P0,Good Strategy Bad Strategy: The Difference and Why It Matters,Richard P. Rumelt,2011,2011,2011,"06-Economics, Business & Entrepreneurship","Economics, Business & Entrepreneurship",02-BUSINESS,Business Strategy,Competitive Strategy,Good-Strategy-Bad-Strategy,Intermediate,planned,md/06-Economics-Business-and-Entrepreneurship/02-BUSINESS/Good-Strategy-Bad-Strategy.md,nonfiction,summary,detailed,Foundation,,
0892,0892,P0,The Crux: How Leaders Become Strategists,Richard P. Rumelt,2022,2022,2022,"06-Economics, Business & Entrepreneurship","Economics, Business & Entrepreneurship",02-BUSINESS,Business Strategy,Competitive Strategy,The-Crux-Rumelt,Intermediate,planned,md/06-Economics-Business-and-Entrepreneurship/02-BUSINESS/The-Crux-Rumelt.md,nonfiction,summary,detailed,Foundation,,
0893,0893,P0,Playing to Win: How Strategy Really Works,A.G. Lafley; Roger L. Martin,2013,2013,2013,"06-Economics, Business & Entrepreneurship","Economics, Business & Entrepreneurship",02-BUSINESS,Business Strategy,Competitive Strategy,Playing-to-Win,Intermediate,planned,md/06-Economics-Business-and-Entrepreneurship/02-BUSINESS/Playing-to-Win.md,nonfiction,summary,detailed,Foundation,,
0894,0894,P0,Blue Ocean Strategy: How to Create Uncontested Market Space and Make the Competition Irrelevant,W. Chan Kim; Renée Mauborgne,2005,2015,2005,"06-Economics, Business & Entrepreneurship","Economics, Business & Entrepreneurship",02-BUSINESS,Business Strategy,Competitive Strategy,Blue-Ocean-Strategy,Intermediate,planned,md/06-Economics-Business-and-Entrepreneurship/02-BUSINESS/Blue-Ocean-Strategy.md,nonfiction,summary,detailed,Foundation,,
0895,0895,P1,Blue Ocean Shift: Beyond Competing - Proven Steps to Inspire Confidence and Seize New Growth,W. Chan Kim; Renée Mauborgne,2017,2017,2017,"06-Economics, Business & Entrepreneurship","Economics, Business & Entrepreneurship",02-BUSINESS,Business Strategy,Competitive Strategy,Blue-Ocean-Shift,Intermediate,planned,md/06-Economics-Business-and-Entrepreneurship/02-BUSINESS/Blue-Ocean-Shift.md,nonfiction,summary,detailed,Foundation,,
0896,0896,P0,"Business Model Generation: A Handbook for Visionaries, Game Changers, and Challengers",Alexander Osterwalder; Yves Pigneur,2010,2010,2010,"06-Economics, Business & Entrepreneurship","Economics, Business & Entrepreneurship",02-BUSINESS,Business Strategy,Business Models,Business-Model-Generation,Intermediate,planned,md/06-Economics-Business-and-Entrepreneurship/02-BUSINESS/Business-Model-Generation.md,nonfiction,summary,detailed,Foundation,,
0897,0897,P0,Value Proposition Design: How to Create Products and Services Customers Want,Alexander Osterwalder; Yves Pigneur; Gregory Bernarda; Alan Smith,2014,2014,2014,"06-Economics, Business & Entrepreneurship","Economics, Business & Entrepreneurship",02-BUSINESS,Business Strategy,Business Models,Value-Proposition-Design,Intermediate,planned,md/06-Economics-Business-and-Entrepreneurship/02-BUSINESS/Value-Proposition-Design.md,nonfiction,summary,detailed,Foundation,,
0898,0898,P1,Testing Business Ideas: A Field Guide for Rapid Experimentation,David J. Bland; Alexander Osterwalder,2019,2019,2019,"06-Economics, Business & Entrepreneurship","Economics, Business & Entrepreneurship",02-BUSINESS,Business Strategy,Business Models,Testing-Business-Ideas,Intermediate,planned,md/06-Economics-Business-and-Entrepreneurship/02-BUSINESS/Testing-Business-Ideas.md,nonfiction,summary,detailed,Foundation,,
0899,0899,P1,The Invincible Company: How to Constantly Reinvent Your Organization with Inspiration From the World's Best Business Models,Alexander Osterwalder; Yves Pigneur; Fred Etiemble; Alan Smith,2020,2020,2020,"06-Economics, Business & Entrepreneurship","Economics, Business & Entrepreneurship",02-BUSINESS,Business Strategy,Business Models,The-Invincible-Company,Intermediate,planned,md/06-Economics-Business-and-Entrepreneurship/02-BUSINESS/The-Invincible-Company.md,nonfiction,summary,detailed,Foundation,,
0900,0900,P1,Reinventing Your Business Model: How to Seize the White Space for Transformative Growth,Mark W. Johnson,2018,2018,2018,"06-Economics, Business & Entrepreneurship","Economics, Business & Entrepreneurship",02-BUSINESS,Business Strategy,Business Models,Reinventing-Your-Business-Model,Intermediate,planned,md/06-Economics-Business-and-Entrepreneurship/02-BUSINESS/Reinventing-Your-Business-Model.md,nonfiction,summary,detailed,Foundation,,
0901,0901,P0,The Innovator's Dilemma: When New Technologies Cause Great Firms to Fail,Clayton M. Christensen,1997,2016,1997,"06-Economics, Business & Entrepreneurship","Economics, Business & Entrepreneurship",02-BUSINESS,Business Strategy,Strategic Advantage,The-Innovators-Dilemma,Intermediate,planned,md/06-Economics-Business-and-Entrepreneurship/02-BUSINESS/The-Innovators-Dilemma.md,nonfiction,summary,detailed,Foundation,,
0902,0902,P0,The Innovator's Solution: Creating and Sustaining Successful Growth,Clayton M. Christensen; Michael E. Raynor,2003,2013,2003,"06-Economics, Business & Entrepreneurship","Economics, Business & Entrepreneurship",02-BUSINESS,Business Strategy,Strategic Advantage,The-Innovators-Solution,Intermediate,planned,md/06-Economics-Business-and-Entrepreneurship/02-BUSINESS/The-Innovators-Solution.md,nonfiction,summary,detailed,Foundation,,
0903,0903,P0,Competing Against Luck: The Story of Innovation and Customer Choice,Clayton M. Christensen; Taddy Hall; Karen Dillon; David S. Duncan,2016,2016,2016,"06-Economics, Business & Entrepreneurship","Economics, Business & Entrepreneurship",02-BUSINESS,Business Strategy,Strategic Advantage,Competing-Against-Luck,Intermediate,planned,md/06-Economics-Business-and-Entrepreneurship/02-BUSINESS/Competing-Against-Luck.md,nonfiction,summary,detailed,Foundation,,
0904,0904,P0,Crossing the Chasm: Marketing and Selling Disruptive Products to Mainstream Customers,Geoffrey A. Moore,1991,2014,1991,"06-Economics, Business & Entrepreneurship","Economics, Business & Entrepreneurship",02-BUSINESS,Business Strategy,Strategic Advantage,Crossing-the-Chasm,Intermediate,planned,md/06-Economics-Business-and-Entrepreneurship/02-BUSINESS/Crossing-the-Chasm.md,nonfiction,summary,detailed,Foundation,,
0905,0905,P1,"Inside the Tornado: Strategies for Developing, Leveraging, and Surviving Hypergrowth Markets",Geoffrey A. Moore,1995,2004,1995,"06-Economics, Business & Entrepreneurship","Economics, Business & Entrepreneurship",02-BUSINESS,Business Strategy,Strategic Advantage,Inside-the-Tornado,Intermediate,planned,md/06-Economics-Business-and-Entrepreneurship/02-BUSINESS/Inside-the-Tornado.md,nonfiction,summary,detailed,Foundation,,
0906,0906,P1,Modern Monopolies: What It Takes to Dominate the 21st-Century Economy,Alex Moazed; Nicholas L. Johnson,2016,2016,2016,"06-Economics, Business & Entrepreneurship","Economics, Business & Entrepreneurship",02-BUSINESS,Business Strategy,Industry Analysis,Modern-Monopolies,Intermediate,planned,md/06-Economics-Business-and-Entrepreneurship/02-BUSINESS/Modern-Monopolies.md,nonfiction,summary,detailed,Foundation,,
0907,0907,P0,Platform Revolution: How Networked Markets Are Transforming the Economy and How to Make Them Work for You,Geoffrey G. Parker; Marshall W. Van Alstyne; Sangeet Paul Choudary,2016,2016,2016,"06-Economics, Business & Entrepreneurship","Economics, Business & Entrepreneurship",02-BUSINESS,Business Strategy,Industry Analysis,Platform-Revolution,Intermediate,planned,md/06-Economics-Business-and-Entrepreneurship/02-BUSINESS/Platform-Revolution.md,nonfiction,summary,detailed,Foundation,,
0908,0908,P1,Matchmakers: The New Economics of Multisided Platforms,David S. Evans; Richard Schmalensee,2016,2016,2016,"06-Economics, Business & Entrepreneurship","Economics, Business & Entrepreneurship",02-BUSINESS,Business Strategy,Industry Analysis,Matchmakers-Evans,Intermediate,planned,md/06-Economics-Business-and-Entrepreneurship/02-BUSINESS/Matchmakers-Evans.md,nonfiction,summary,detailed,Foundation,,
0909,0909,P1,"The Business of Platforms: Strategy in the Age of Digital Competition, Innovation, and Power",Michael A. Cusumano; Annabelle Gawer; David B. Yoffie,2019,2019,2019,"06-Economics, Business & Entrepreneurship","Economics, Business & Entrepreneurship",02-BUSINESS,Business Strategy,Industry Analysis,The-Business-of-Platforms,Intermediate,planned,md/06-Economics-Business-and-Entrepreneurship/02-BUSINESS/The-Business-of-Platforms.md,nonfiction,summary,detailed,Foundation,,
0910,0910,P1,Platform Scale: How an Emerging Business Model Helps Startups Build Large Empires with Minimum Investment,Sangeet Paul Choudary,2015,2015,2015,"06-Economics, Business & Entrepreneurship","Economics, Business & Entrepreneurship",02-BUSINESS,Business Strategy,Industry Analysis,Platform-Scale,Intermediate,planned,md/06-Economics-Business-and-Entrepreneurship/02-BUSINESS/Platform-Scale.md,nonfiction,summary,detailed,Foundation,,
0911,0911,P0,High Output Management,Andrew S. Grove,1983,2015,1983,"06-Economics, Business & Entrepreneurship","Economics, Business & Entrepreneurship",02-BUSINESS,Management,Organizations,High-Output-Management,Intermediate,planned,md/06-Economics-Business-and-Entrepreneurship/02-BUSINESS/High-Output-Management.md,nonfiction,summary,detailed,Foundation,,
0912,0912,P0,Only the Paranoid Survive: How to Exploit the Crisis Points That Challenge Every Company,Andrew S. Grove,1996,1999,1996,"06-Economics, Business & Entrepreneurship","Economics, Business & Entrepreneurship",02-BUSINESS,Management,Organizations,Only-the-Paranoid-Survive,Intermediate,planned,md/06-Economics-Business-and-Entrepreneurship/02-BUSINESS/Only-the-Paranoid-Survive.md,nonfiction,summary,detailed,Foundation,,
0913,0913,P0,The Effective Executive: The Definitive Guide to Getting the Right Things Done,Peter F. Drucker,1967,2006,1967,"06-Economics, Business & Entrepreneurship","Economics, Business & Entrepreneurship",02-BUSINESS,Management,Organizations,The-Effective-Executive,Intermediate,planned,md/06-Economics-Business-and-Entrepreneurship/02-BUSINESS/The-Effective-Executive.md,nonfiction,summary,detailed,Foundation,,
0914,0914,P0,"Management: Tasks, Responsibilities, Practices",Peter F. Drucker,1973,1993,1973,"06-Economics, Business & Entrepreneurship","Economics, Business & Entrepreneurship",02-BUSINESS,Management,Organizations,Management-Drucker,Intermediate,planned,md/06-Economics-Business-and-Entrepreneurship/02-BUSINESS/Management-Drucker.md,nonfiction,summary,detailed,Foundation,,
0915,0915,P0,The Essential Drucker,Peter F. Drucker,2001,2008,2001,"06-Economics, Business & Entrepreneurship","Economics, Business & Entrepreneurship",02-BUSINESS,Management,Organizations,The-Essential-Drucker,Intermediate,planned,md/06-Economics-Business-and-Entrepreneurship/02-BUSINESS/The-Essential-Drucker.md,nonfiction,summary,detailed,Foundation,,
0916,0916,P0,Execution: The Discipline of Getting Things Done,Larry Bossidy; Ram Charan,2002,2009,2002,"06-Economics, Business & Entrepreneurship","Economics, Business & Entrepreneurship",02-BUSINESS,Management,Execution,Execution-Bossidy,Intermediate,planned,md/06-Economics-Business-and-Entrepreneurship/02-BUSINESS/Execution-Bossidy.md,nonfiction,summary,detailed,Foundation,,
0917,0917,P0,The 4 Disciplines of Execution: Achieving Your Wildly Important Goals,Chris McChesney; Sean Covey; Jim Huling,2012,2021,2012,"06-Economics, Business & Entrepreneurship","Economics, Business & Entrepreneurship",02-BUSINESS,Management,Execution,The-4-Disciplines-of-Execution,Intermediate,planned,md/06-Economics-Business-and-Entrepreneurship/02-BUSINESS/The-4-Disciplines-of-Execution.md,nonfiction,summary,detailed,Foundation,,
0918,0918,P0,"Great by Choice: Uncertainty, Chaos, and Luck—Why Some Thrive Despite Them All",Jim Collins; Morten T. Hansen,2011,2011,2011,"06-Economics, Business & Entrepreneurship","Economics, Business & Entrepreneurship",02-BUSINESS,Management,Execution,Great-by-Choice,Intermediate,planned,md/06-Economics-Business-and-Entrepreneurship/02-BUSINESS/Great-by-Choice.md,nonfiction,summary,detailed,Foundation,,
0919,0919,P0,Good to Great: Why Some Companies Make the Leap... and Others Don't,Jim Collins,2001,2011,2001,"06-Economics, Business & Entrepreneurship","Economics, Business & Entrepreneurship",02-BUSINESS,Management,Execution,Good-to-Great,Intermediate,planned,md/06-Economics-Business-and-Entrepreneurship/02-BUSINESS/Good-to-Great.md,nonfiction,summary,detailed,Foundation,,
0920,0920,P0,Built to Last: Successful Habits of Visionary Companies,Jim Collins; Jerry I. Porras,1994,2004,1994,"06-Economics, Business & Entrepreneurship","Economics, Business & Entrepreneurship",02-BUSINESS,Management,Execution,Built-to-Last,Intermediate,planned,md/06-Economics-Business-and-Entrepreneurship/02-BUSINESS/Built-to-Last.md,nonfiction,summary,detailed,Foundation,,
0921,0921,P0,The Goal: A Process of Ongoing Improvement,Eliyahu M. Goldratt; Jeff Cox,1984,2014,1984,"06-Economics, Business & Entrepreneurship","Economics, Business & Entrepreneurship",02-BUSINESS,Management,Operations,The-Goal-Goldratt,Intermediate,planned,md/06-Economics-Business-and-Entrepreneurship/02-BUSINESS/The-Goal-Goldratt.md,nonfiction,summary,detailed,Foundation,,
0922,0922,P0,"The Phoenix Project: A Novel About IT, DevOps, and Helping Your Business Win",Gene Kim; Kevin Behr; George Spafford,2013,2018,2013,"06-Economics, Business & Entrepreneurship","Economics, Business & Entrepreneurship",02-BUSINESS,Management,Operations,The-Phoenix-Project,Intermediate,planned,md/06-Economics-Business-and-Entrepreneurship/02-BUSINESS/The-Phoenix-Project.md,nonfiction,summary,detailed,Foundation,,
0923,0923,P1,"The Unicorn Project: A Novel about Developers, Digital Disruption, and Thriving in the Age of Data",Gene Kim,2019,2019,2019,"06-Economics, Business & Entrepreneurship","Economics, Business & Entrepreneurship",02-BUSINESS,Management,Operations,The-Unicorn-Project,Intermediate,planned,md/06-Economics-Business-and-Entrepreneurship/02-BUSINESS/The-Unicorn-Project.md,nonfiction,summary,detailed,Foundation,,
0924,0924,P0,The Toyota Way: 14 Management Principles from the World's Greatest Manufacturer,Jeffrey K. Liker,2004,2020,2004,"06-Economics, Business & Entrepreneurship","Economics, Business & Entrepreneurship",02-BUSINESS,Management,Operations,The-Toyota-Way,Intermediate,planned,md/06-Economics-Business-and-Entrepreneurship/02-BUSINESS/The-Toyota-Way.md,nonfiction,summary,detailed,Foundation,,
0925,0925,P0,Lean Thinking: Banish Waste and Create Wealth in Your Corporation,James P. Womack; Daniel T. Jones,1996,2003,1996,"06-Economics, Business & Entrepreneurship","Economics, Business & Entrepreneurship",02-BUSINESS,Management,Operations,Lean-Thinking,Intermediate,planned,md/06-Economics-Business-and-Entrepreneurship/02-BUSINESS/Lean-Thinking.md,nonfiction,summary,detailed,Foundation,,
0926,0926,P0,No Rules Rules: Netflix and the Culture of Reinvention,Reed Hastings; Erin Meyer,2020,2020,2020,"06-Economics, Business & Entrepreneurship","Economics, Business & Entrepreneurship",02-BUSINESS,Management,Organizational Culture,No-Rules-Rules,Intermediate,planned,md/06-Economics-Business-and-Entrepreneurship/02-BUSINESS/No-Rules-Rules.md,nonfiction,summary,detailed,Foundation,,
0927,0927,P0,"Creativity, Inc.: Overcoming the Unseen Forces That Stand in the Way of True Inspiration",Ed Catmull; Amy Wallace,2014,2014,2014,"06-Economics, Business & Entrepreneurship","Economics, Business & Entrepreneurship",02-BUSINESS,Management,Organizational Culture,Creativity-Inc,Intermediate,planned,md/06-Economics-Business-and-Entrepreneurship/02-BUSINESS/Creativity-Inc.md,nonfiction,summary,detailed,Foundation,,
0928,0928,P0,Work Rules!: Insights from Inside Google That Will Transform How You Live and Lead,Laszlo Bock,2015,2015,2015,"06-Economics, Business & Entrepreneurship","Economics, Business & Entrepreneurship",02-BUSINESS,Management,Organizational Culture,Work-Rules,Intermediate,planned,md/06-Economics-Business-and-Entrepreneurship/02-BUSINESS/Work-Rules.md,nonfiction,summary,detailed,Foundation,,
0929,0929,P0,The Culture Code: The Secrets of Highly Successful Groups,Daniel Coyle,2018,2018,2018,"06-Economics, Business & Entrepreneurship","Economics, Business & Entrepreneurship",02-BUSINESS,Management,Organizational Culture,The-Culture-Code,Intermediate,planned,md/06-Economics-Business-and-Entrepreneurship/02-BUSINESS/The-Culture-Code.md,nonfiction,summary,detailed,Foundation,,
0930,0930,P0,"Delivering Happiness: A Path to Profits, Passion, and Purpose",Tony Hsieh,2010,2013,2010,"06-Economics, Business & Entrepreneurship","Economics, Business & Entrepreneurship",02-BUSINESS,Management,Organizational Culture,Delivering-Happiness,Intermediate,planned,md/06-Economics-Business-and-Entrepreneurship/02-BUSINESS/Delivering-Happiness.md,nonfiction,summary,detailed,Foundation,,
0931,0931,P0,Buyology: Truth and Lies About Why We Buy,Martin Lindstrom,2008,2010,2008,"06-Economics, Business & Entrepreneurship","Economics, Business & Entrepreneurship",02-BUSINESS,Marketing,Customer Psychology,Buyology,Intermediate,planned,md/06-Economics-Business-and-Entrepreneurship/02-BUSINESS/Buyology.md,nonfiction,summary,detailed,Foundation,,
0932,0932,P1,Small Data: The Tiny Clues That Uncover Huge Trends,Martin Lindstrom,2016,2016,2016,"06-Economics, Business & Entrepreneurship","Economics, Business & Entrepreneurship",02-BUSINESS,Marketing,Customer Psychology,Small-Data,Intermediate,planned,md/06-Economics-Business-and-Entrepreneurship/02-BUSINESS/Small-Data.md,nonfiction,summary,detailed,Foundation,,
0933,0933,P1,Brandwashed: Tricks Companies Use to Manipulate Our Minds and Persuade Us to Buy,Martin Lindstrom,2011,2012,2011,"06-Economics, Business & Entrepreneurship","Economics, Business & Entrepreneurship",02-BUSINESS,Marketing,Customer Psychology,Brandwashed,Intermediate,planned,md/06-Economics-Business-and-Entrepreneurship/02-BUSINESS/Brandwashed.md,nonfiction,summary,detailed,Foundation,,
0934,0934,P0,Decoded: The Science of Why We Buy,Phil Barden,2013,2022,2013,"06-Economics, Business & Entrepreneurship","Economics, Business & Entrepreneurship",02-BUSINESS,Marketing,Customer Psychology,Decoded-Barden,Intermediate,planned,md/06-Economics-Business-and-Entrepreneurship/02-BUSINESS/Decoded-Barden.md,nonfiction,summary,detailed,Foundation,,
0935,0935,P1,Neuromarketing: Understanding the Buy Buttons in Your Customer's Brain,Patrick Renvoise; Christophe Morin,2002,2007,2002,"06-Economics, Business & Entrepreneurship","Economics, Business & Entrepreneurship",02-BUSINESS,Marketing,Customer Psychology,Neuromarketing-Renvoise,Intermediate,planned,md/06-Economics-Business-and-Entrepreneurship/02-BUSINESS/Neuromarketing-Renvoise.md,nonfiction,summary,detailed,Foundation,,
0936,0936,P0,Building a StoryBrand: Clarify Your Message So Customers Will Listen,Donald Miller,2017,2017,2017,"06-Economics, Business & Entrepreneurship","Economics, Business & Entrepreneurship",02-BUSINESS,Marketing,Branding,Building-a-StoryBrand,Intermediate,planned,md/06-Economics-Business-and-Entrepreneurship/02-BUSINESS/Building-a-StoryBrand.md,nonfiction,summary,detailed,Foundation,,
0937,0937,P1,Marketing Made Simple: A Step-by-Step StoryBrand Guide for Any Business,Donald Miller; J.J. Peterson,2020,2020,2020,"06-Economics, Business & Entrepreneurship","Economics, Business & Entrepreneurship",02-BUSINESS,Marketing,Branding,Marketing-Made-Simple,Intermediate,planned,md/06-Economics-Business-and-Entrepreneurship/02-BUSINESS/Marketing-Made-Simple.md,nonfiction,summary,detailed,Foundation,,
0938,0938,P0,Positioning: The Battle for Your Mind,Al Ries; Jack Trout,1981,2001,1981,"06-Economics, Business & Entrepreneurship","Economics, Business & Entrepreneurship",02-BUSINESS,Marketing,Branding,Positioning-The-Battle-for-Your-Mind,Intermediate,planned,md/06-Economics-Business-and-Entrepreneurship/02-BUSINESS/Positioning-The-Battle-for-Your-Mind.md,nonfiction,summary,detailed,Foundation,,
0939,0939,P0,The 22 Immutable Laws of Marketing: Violate Them at Your Own Risk!,Al Ries; Jack Trout,1993,1994,1993,"06-Economics, Business & Entrepreneurship","Economics, Business & Entrepreneurship",02-BUSINESS,Marketing,Branding,The-22-Immutable-Laws-of-Marketing,Intermediate,planned,md/06-Economics-Business-and-Entrepreneurship/02-BUSINESS/The-22-Immutable-Laws-of-Marketing.md,nonfiction,summary,detailed,Foundation,,
0940,0940,P1,The 22 Immutable Laws of Branding,Al Ries; Laura Ries,1998,2002,1998,"06-Economics, Business & Entrepreneurship","Economics, Business & Entrepreneurship",02-BUSINESS,Marketing,Branding,The-22-Immutable-Laws-of-Branding,Intermediate,planned,md/06-Economics-Business-and-Entrepreneurship/02-BUSINESS/The-22-Immutable-Laws-of-Branding.md,nonfiction,summary,detailed,Foundation,,
0941,0941,P0,Traction: How Any Startup Can Achieve Explosive Customer Growth,Gabriel Weinberg; Justin Mares,2014,2015,2014,"06-Economics, Business & Entrepreneurship","Economics, Business & Entrepreneurship",02-BUSINESS,Marketing,Distribution,Traction-Weinberg,Intermediate,planned,md/06-Economics-Business-and-Entrepreneurship/02-BUSINESS/Traction-Weinberg.md,nonfiction,summary,detailed,Foundation,,
0942,0942,P0,Hacking Growth: How Today's Fastest-Growing Companies Drive Breakout Success,Sean Ellis; Morgan Brown,2017,2017,2017,"06-Economics, Business & Entrepreneurship","Economics, Business & Entrepreneurship",02-BUSINESS,Marketing,Distribution,Hacking-Growth,Intermediate,planned,md/06-Economics-Business-and-Entrepreneurship/02-BUSINESS/Hacking-Growth.md,nonfiction,summary,detailed,Foundation,,
0943,0943,P1,"Growth Hacker Marketing: A Primer on the Future of PR, Marketing, and Advertising",Ryan Holiday,2013,2014,2013,"06-Economics, Business & Entrepreneurship","Economics, Business & Entrepreneurship",02-BUSINESS,Marketing,Distribution,Growth-Hacker-Marketing,Intermediate,planned,md/06-Economics-Business-and-Entrepreneurship/02-BUSINESS/Growth-Hacker-Marketing.md,nonfiction,summary,detailed,Foundation,,
0944,0944,P0,Product-Led Growth: How to Build a Product That Sells Itself,Wes Bush,2019,2019,2019,"06-Economics, Business & Entrepreneurship","Economics, Business & Entrepreneurship",02-BUSINESS,Marketing,Distribution,Product-Led-Growth,Intermediate,planned,md/06-Economics-Business-and-Entrepreneurship/02-BUSINESS/Product-Led-Growth.md,nonfiction,summary,detailed,Foundation,,
0945,0945,P1,Product-Led Onboarding: How to Turn Users into Lifelong Customers,Ramli John; Wes Bush,2021,2021,2021,"06-Economics, Business & Entrepreneurship","Economics, Business & Entrepreneurship",02-BUSINESS,Marketing,Distribution,Product-Led-Onboarding,Intermediate,planned,md/06-Economics-Business-and-Entrepreneurship/02-BUSINESS/Product-Led-Onboarding.md,nonfiction,summary,detailed,Foundation,,
0946,0946,P0,This Is Marketing: You Can't Be Seen Until You Learn to See,Seth Godin,2018,2018,2018,"06-Economics, Business & Entrepreneurship","Economics, Business & Entrepreneurship",02-BUSINESS,Marketing,Marketing Strategy,This-Is-Marketing,Intermediate,planned,md/06-Economics-Business-and-Entrepreneurship/02-BUSINESS/This-Is-Marketing.md,nonfiction,summary,detailed,Foundation,,
0947,0947,P0,Purple Cow: Transform Your Business by Being Remarkable,Seth Godin,2003,2009,2003,"06-Economics, Business & Entrepreneurship","Economics, Business & Entrepreneurship",02-BUSINESS,Marketing,Marketing Strategy,Purple-Cow,Intermediate,planned,md/06-Economics-Business-and-Entrepreneurship/02-BUSINESS/Purple-Cow.md,nonfiction,summary,detailed,Foundation,,
0948,0948,P0,Permission Marketing: Turning Strangers Into Friends And Friends Into Customers,Seth Godin,1999,1999,1999,"06-Economics, Business & Entrepreneurship","Economics, Business & Entrepreneurship",02-BUSINESS,Marketing,Marketing Strategy,Permission-Marketing,Intermediate,planned,md/06-Economics-Business-and-Entrepreneurship/02-BUSINESS/Permission-Marketing.md,nonfiction,summary,detailed,Foundation,,
0949,0949,P1,All Marketers Are Liars: The Underground Classic That Explains How Marketing Really Works--and Why Authenticity Is the Best Marketing of All,Seth Godin,2005,2012,2005,"06-Economics, Business & Entrepreneurship","Economics, Business & Entrepreneurship",02-BUSINESS,Marketing,Marketing Strategy,All-Marketers-Are-Liars,Intermediate,planned,md/06-Economics-Business-and-Entrepreneurship/02-BUSINESS/All-Marketers-Are-Liars.md,nonfiction,summary,detailed,Foundation,,
0950,0950,P0,Linchpin: Are You Indispensable?,Seth Godin,2010,2010,2010,"06-Economics, Business & Entrepreneurship","Economics, Business & Entrepreneurship",02-BUSINESS,Marketing,Marketing Strategy,Linchpin-Godin,Intermediate,planned,md/06-Economics-Business-and-Entrepreneurship/02-BUSINESS/Linchpin-Godin.md,nonfiction,summary,detailed,Foundation,,
0951,0951,P0,The Lean Startup: How Today's Entrepreneurs Use Continuous Innovation to Create Radically Successful Businesses,Eric Ries,2011,2011,2011,"06-Economics, Business & Entrepreneurship","Economics, Business & Entrepreneurship",03-ENTREPRENEURSHIP-STARTUPS,Startup Foundations,Opportunity Identification,The-Lean-Startup,Intermediate,planned,md/06-Economics-Business-and-Entrepreneurship/03-ENTREPRENEURSHIP-STARTUPS/The-Lean-Startup.md,nonfiction,summary,detailed,Foundation,,
0952,0952,P1,The Startup Way: How Modern Companies Use Entrepreneurial Management to Transform Culture and Drive Long-Term Growth,Eric Ries,2017,2017,2017,"06-Economics, Business & Entrepreneurship","Economics, Business & Entrepreneurship",03-ENTREPRENEURSHIP-STARTUPS,Startup Foundations,Opportunity Identification,The-Startup-Way,Intermediate,planned,md/06-Economics-Business-and-Entrepreneurship/03-ENTREPRENEURSHIP-STARTUPS/The-Startup-Way.md,nonfiction,summary,detailed,Foundation,,
0953,0953,P0,The Four Steps to the Epiphany: Successful Strategies for Products that Win,Steve Blank,2005,2020,2005,"06-Economics, Business & Entrepreneurship","Economics, Business & Entrepreneurship",03-ENTREPRENEURSHIP-STARTUPS,Startup Foundations,Opportunity Identification,The-Four-Steps-to-the-Epiphany,Intermediate,planned,md/06-Economics-Business-and-Entrepreneurship/03-ENTREPRENEURSHIP-STARTUPS/The-Four-Steps-to-the-Epiphany.md,nonfiction,summary,detailed,Foundation,,
0954,0954,P0,The Startup Owner's Manual: The Step-By-Step Guide for Building a Great Company,Steve Blank; Bob Dorf,2012,2020,2012,"06-Economics, Business & Entrepreneurship","Economics, Business & Entrepreneurship",03-ENTREPRENEURSHIP-STARTUPS,Startup Foundations,Opportunity Identification,The-Startup-Owners-Manual,Intermediate,planned,md/06-Economics-Business-and-Entrepreneurship/03-ENTREPRENEURSHIP-STARTUPS/The-Startup-Owners-Manual.md,nonfiction,summary,detailed,Foundation,,
0955,0955,P0,Disciplined Entrepreneurship: 24 Steps to a Successful Startup,Bill Aulet,2013,2024,2013,"06-Economics, Business & Entrepreneurship","Economics, Business & Entrepreneurship",03-ENTREPRENEURSHIP-STARTUPS,Startup Foundations,Opportunity Identification,Disciplined-Entrepreneurship,Intermediate,planned,md/06-Economics-Business-and-Entrepreneurship/03-ENTREPRENEURSHIP-STARTUPS/Disciplined-Entrepreneurship.md,nonfiction,summary,detailed,Foundation,,
0956,0956,P0,The Mom Test: How to Talk to Customers & Learn If Your Business Is a Good Idea When Everyone Is Lying to You,Rob Fitzpatrick,2013,2013,2013,"06-Economics, Business & Entrepreneurship","Economics, Business & Entrepreneurship",03-ENTREPRENEURSHIP-STARTUPS,Startup Foundations,Customer Discovery,The-Mom-Test,Intermediate,planned,md/06-Economics-Business-and-Entrepreneurship/03-ENTREPRENEURSHIP-STARTUPS/The-Mom-Test.md,nonfiction,summary,detailed,Foundation,,
0957,0957,P1,Talking to Humans: Success Starts with Understanding Your Customers,Giff Constable; Frank Rimalovski,2014,2014,2014,"06-Economics, Business & Entrepreneurship","Economics, Business & Entrepreneurship",03-ENTREPRENEURSHIP-STARTUPS,Startup Foundations,Customer Discovery,Talking-to-Humans,Intermediate,planned,md/06-Economics-Business-and-Entrepreneurship/03-ENTREPRENEURSHIP-STARTUPS/Talking-to-Humans.md,nonfiction,summary,detailed,Foundation,,
0958,0958,P1,Testing with Humans: How to Run Experiments with Real People,Giff Constable; Frank Rimalovski,2018,2018,2018,"06-Economics, Business & Entrepreneurship","Economics, Business & Entrepreneurship",03-ENTREPRENEURSHIP-STARTUPS,Startup Foundations,Customer Discovery,Testing-with-Humans,Intermediate,planned,md/06-Economics-Business-and-Entrepreneurship/03-ENTREPRENEURSHIP-STARTUPS/Testing-with-Humans.md,nonfiction,summary,detailed,Foundation,,
0959,0959,P1,Deploy Empathy: A Practical Guide to Interviewing Customers,Michele Hansen,2021,2021,2021,"06-Economics, Business & Entrepreneurship","Economics, Business & Entrepreneurship",03-ENTREPRENEURSHIP-STARTUPS,Startup Foundations,Customer Discovery,Deploy-Empathy,Intermediate,planned,md/06-Economics-Business-and-Entrepreneurship/03-ENTREPRENEURSHIP-STARTUPS/Deploy-Empathy.md,nonfiction,summary,detailed,Foundation,,
0960,0960,P0,Continuous Discovery Habits: Discover Products that Create Customer Value and Business Value,Teresa Torres,2021,2021,2021,"06-Economics, Business & Entrepreneurship","Economics, Business & Entrepreneurship",03-ENTREPRENEURSHIP-STARTUPS,Startup Foundations,Customer Discovery,Continuous-Discovery-Habits,Intermediate,planned,md/06-Economics-Business-and-Entrepreneurship/03-ENTREPRENEURSHIP-STARTUPS/Continuous-Discovery-Habits.md,nonfiction,summary,detailed,Foundation,,
0961,0961,P0,Sprint: How to Solve Big Problems and Test New Ideas in Just Five Days,Jake Knapp; John Zeratsky; Braden Kowitz,2016,2016,2016,"06-Economics, Business & Entrepreneurship","Economics, Business & Entrepreneurship",03-ENTREPRENEURSHIP-STARTUPS,Startup Foundations,Validation,Sprint-Knapp,Intermediate,planned,md/06-Economics-Business-and-Entrepreneurship/03-ENTREPRENEURSHIP-STARTUPS/Sprint-Knapp.md,nonfiction,summary,detailed,Foundation,,
0962,0962,P0,Running Lean: Iterate from Plan A to a Plan That Works,Ash Maurya,2012,2022,2012,"06-Economics, Business & Entrepreneurship","Economics, Business & Entrepreneurship",03-ENTREPRENEURSHIP-STARTUPS,Startup Foundations,Validation,Running-Lean,Intermediate,planned,md/06-Economics-Business-and-Entrepreneurship/03-ENTREPRENEURSHIP-STARTUPS/Running-Lean.md,nonfiction,summary,detailed,Foundation,,
0963,0963,P1,Scaling Lean: Mastering the Key Metrics for Startup Growth,Ash Maurya,2016,2016,2016,"06-Economics, Business & Entrepreneurship","Economics, Business & Entrepreneurship",03-ENTREPRENEURSHIP-STARTUPS,Startup Foundations,Validation,Scaling-Lean,Intermediate,planned,md/06-Economics-Business-and-Entrepreneurship/03-ENTREPRENEURSHIP-STARTUPS/Scaling-Lean.md,nonfiction,summary,detailed,Foundation,,
0964,0964,P0,Lean Analytics: Use Data to Build a Better Startup Faster,Alistair Croll; Benjamin Yoskovitz,2013,2013,2013,"06-Economics, Business & Entrepreneurship","Economics, Business & Entrepreneurship",03-ENTREPRENEURSHIP-STARTUPS,Startup Foundations,Validation,Lean-Analytics,Intermediate,planned,md/06-Economics-Business-and-Entrepreneurship/03-ENTREPRENEURSHIP-STARTUPS/Lean-Analytics.md,nonfiction,summary,detailed,Foundation,,
0965,0965,P1,Lean Customer Development: Building Products Your Customers Will Buy,Cindy Alvarez,2014,2017,2014,"06-Economics, Business & Entrepreneurship","Economics, Business & Entrepreneurship",03-ENTREPRENEURSHIP-STARTUPS,Startup Foundations,Validation,Lean-Customer-Development,Intermediate,planned,md/06-Economics-Business-and-Entrepreneurship/03-ENTREPRENEURSHIP-STARTUPS/Lean-Customer-Development.md,nonfiction,summary,detailed,Foundation,,
0966,0966,P0,The Lean Product Playbook: How to Innovate with Minimum Viable Products and Rapid Customer Feedback,Dan Olsen,2015,2015,2015,"06-Economics, Business & Entrepreneurship","Economics, Business & Entrepreneurship",03-ENTREPRENEURSHIP-STARTUPS,Startup Foundations,Product-Market Fit,The-Lean-Product-Playbook,Intermediate,planned,md/06-Economics-Business-and-Entrepreneurship/03-ENTREPRENEURSHIP-STARTUPS/The-Lean-Product-Playbook.md,nonfiction,summary,detailed,Foundation,,
0967,0967,P1,Founding Sales: The Early Stage Go-to-Market Handbook,Peter R. Kazanjy,2020,2020,2020,"06-Economics, Business & Entrepreneurship","Economics, Business & Entrepreneurship",03-ENTREPRENEURSHIP-STARTUPS,Startup Foundations,Product-Market Fit,Founding-Sales,Intermediate,planned,md/06-Economics-Business-and-Entrepreneurship/03-ENTREPRENEURSHIP-STARTUPS/Founding-Sales.md,nonfiction,summary,detailed,Foundation,,
0968,0968,P0,"Obviously Awesome: How to Nail Product Positioning so Customers Get It, Buy It, Love It",April Dunford,2019,2019,2019,"06-Economics, Business & Entrepreneurship","Economics, Business & Entrepreneurship",03-ENTREPRENEURSHIP-STARTUPS,Startup Foundations,Product-Market Fit,Obviously-Awesome,Intermediate,planned,md/06-Economics-Business-and-Entrepreneurship/03-ENTREPRENEURSHIP-STARTUPS/Obviously-Awesome.md,nonfiction,summary,detailed,Foundation,,
0969,0969,P1,Sales Pitch: How to Craft a Story to Stand Out and Win,April Dunford,2023,2023,2023,"06-Economics, Business & Entrepreneurship","Economics, Business & Entrepreneurship",03-ENTREPRENEURSHIP-STARTUPS,Startup Foundations,Product-Market Fit,Sales-Pitch-Dunford,Intermediate,planned,md/06-Economics-Business-and-Entrepreneurship/03-ENTREPRENEURSHIP-STARTUPS/Sales-Pitch-Dunford.md,nonfiction,summary,detailed,Foundation,,
0970,0970,P1,The Right It: Why So Many Ideas Fail and How to Make Sure Yours Succeed,Alberto Savoia,2019,2019,2019,"06-Economics, Business & Entrepreneurship","Economics, Business & Entrepreneurship",03-ENTREPRENEURSHIP-STARTUPS,Startup Foundations,Product-Market Fit,The-Right-It,Intermediate,planned,md/06-Economics-Business-and-Entrepreneurship/03-ENTREPRENEURSHIP-STARTUPS/The-Right-It.md,nonfiction,summary,detailed,Foundation,,
0971,0971,P0,Inspired: How to Create Tech Products Customers Love,Marty Cagan,2008,2017,2008,"06-Economics, Business & Entrepreneurship","Economics, Business & Entrepreneurship",03-ENTREPRENEURSHIP-STARTUPS,Product,Product Management,Inspired-Cagan,Intermediate,planned,md/06-Economics-Business-and-Entrepreneurship/03-ENTREPRENEURSHIP-STARTUPS/Inspired-Cagan.md,nonfiction,summary,detailed,Foundation,,
0972,0972,P0,"Empowered: Ordinary People, Extraordinary Products",Marty Cagan; Chris Jones,2020,2020,2020,"06-Economics, Business & Entrepreneurship","Economics, Business & Entrepreneurship",03-ENTREPRENEURSHIP-STARTUPS,Product,Product Management,Empowered-Cagan,Intermediate,planned,md/06-Economics-Business-and-Entrepreneurship/03-ENTREPRENEURSHIP-STARTUPS/Empowered-Cagan.md,nonfiction,summary,detailed,Foundation,,
0973,0973,P0,Transformed: Moving to the Product Operating Model,Marty Cagan; Jon Moore,2024,2024,2024,"06-Economics, Business & Entrepreneurship","Economics, Business & Entrepreneurship",03-ENTREPRENEURSHIP-STARTUPS,Product,Product Management,Transformed-Cagan,Intermediate,planned,md/06-Economics-Business-and-Entrepreneurship/03-ENTREPRENEURSHIP-STARTUPS/Transformed-Cagan.md,nonfiction,summary,detailed,Foundation,,
0974,0974,P0,Escaping the Build Trap: How Effective Product Management Creates Real Value,Melissa Perri,2018,2018,2018,"06-Economics, Business & Entrepreneurship","Economics, Business & Entrepreneurship",03-ENTREPRENEURSHIP-STARTUPS,Product,Product Management,Escaping-the-Build-Trap,Intermediate,planned,md/06-Economics-Business-and-Entrepreneurship/03-ENTREPRENEURSHIP-STARTUPS/Escaping-the-Build-Trap.md,nonfiction,summary,detailed,Foundation,,
0975,0975,P1,Cracking the PM Interview: How to Land a Product Manager Job in Technology,Gayle Laakmann McDowell; Jackie Bavaro,2013,2013,2013,"06-Economics, Business & Entrepreneurship","Economics, Business & Entrepreneurship",03-ENTREPRENEURSHIP-STARTUPS,Product,Product Management,Cracking-the-PM-Interview,Intermediate,planned,md/06-Economics-Business-and-Entrepreneurship/03-ENTREPRENEURSHIP-STARTUPS/Cracking-the-PM-Interview.md,nonfiction,summary,detailed,Foundation,,
0976,0976,P0,"Don't Make Me Think, Revisited: A Common Sense Approach to Web Usability",Steve Krug,2000,2014,2000,"06-Economics, Business & Entrepreneurship","Economics, Business & Entrepreneurship",03-ENTREPRENEURSHIP-STARTUPS,Product,Product Design,Dont-Make-Me-Think,Intermediate,planned,md/06-Economics-Business-and-Entrepreneurship/03-ENTREPRENEURSHIP-STARTUPS/Dont-Make-Me-Think.md,nonfiction,summary,detailed,Foundation,,
0977,0977,P1,Rocket Surgery Made Easy: The Do-It-Yourself Guide to Finding and Fixing Usability Problems,Steve Krug,2009,2009,2009,"06-Economics, Business & Entrepreneurship","Economics, Business & Entrepreneurship",03-ENTREPRENEURSHIP-STARTUPS,Product,Product Design,Rocket-Surgery-Made-Easy,Intermediate,planned,md/06-Economics-Business-and-Entrepreneurship/03-ENTREPRENEURSHIP-STARTUPS/Rocket-Surgery-Made-Easy.md,nonfiction,summary,detailed,Foundation,,
0978,0978,P0,About Face: The Essentials of Interaction Design,Alan Cooper; Robert Reimann; David Cronin; Christopher Noessel,1995,2014,1995,"06-Economics, Business & Entrepreneurship","Economics, Business & Entrepreneurship",03-ENTREPRENEURSHIP-STARTUPS,Product,Product Design,About-Face-Cooper,Intermediate,planned,md/06-Economics-Business-and-Entrepreneurship/03-ENTREPRENEURSHIP-STARTUPS/About-Face-Cooper.md,nonfiction,summary,detailed,Foundation,,
0979,0979,P1,The Inmates Are Running the Asylum: Why High Tech Products Drive Us Crazy and How to Restore the Sanity,Alan Cooper,1999,2004,1999,"06-Economics, Business & Entrepreneurship","Economics, Business & Entrepreneurship",03-ENTREPRENEURSHIP-STARTUPS,Product,Product Design,The-Inmates-Are-Running-the-Asylum,Intermediate,planned,md/06-Economics-Business-and-Entrepreneurship/03-ENTREPRENEURSHIP-STARTUPS/The-Inmates-Are-Running-the-Asylum.md,nonfiction,summary,detailed,Foundation,,
0980,0980,P0,Refactoring UI,Adam Wathan; Steve Schoger,2018,2018,2018,"06-Economics, Business & Entrepreneurship","Economics, Business & Entrepreneurship",03-ENTREPRENEURSHIP-STARTUPS,Product,Product Design,Refactoring-UI,Intermediate,planned,md/06-Economics-Business-and-Entrepreneurship/03-ENTREPRENEURSHIP-STARTUPS/Refactoring-UI.md,nonfiction,summary,detailed,Foundation,,
0981,0981,P0,The Effortless Experience: Conquering the New Battleground for Customer Loyalty,Matthew Dixon; Nick Toman; Rick DeLisi,2013,2013,2013,"06-Economics, Business & Entrepreneurship","Economics, Business & Entrepreneurship",03-ENTREPRENEURSHIP-STARTUPS,Product,Customer Experience,The-Effortless-Experience,Intermediate,planned,md/06-Economics-Business-and-Entrepreneurship/03-ENTREPRENEURSHIP-STARTUPS/The-Effortless-Experience.md,nonfiction,summary,detailed,Foundation,,
0982,0982,P0,The Challenger Sale: Taking Control of the Customer Conversation,Matthew Dixon; Brent Adamson,2011,2011,2011,"06-Economics, Business & Entrepreneurship","Economics, Business & Entrepreneurship",03-ENTREPRENEURSHIP-STARTUPS,Product,Customer Experience,The-Challenger-Sale,Intermediate,planned,md/06-Economics-Business-and-Entrepreneurship/03-ENTREPRENEURSHIP-STARTUPS/The-Challenger-Sale.md,nonfiction,summary,detailed,Foundation,,
0983,0983,P1,The Challenger Customer: Selling to the Hidden Influencer Who Can Multiply Your Results,Brent Adamson; Matthew Dixon; Pat Spenner; Nick Toman,2015,2015,2015,"06-Economics, Business & Entrepreneurship","Economics, Business & Entrepreneurship",03-ENTREPRENEURSHIP-STARTUPS,Product,Customer Experience,The-Challenger-Customer,Intermediate,planned,md/06-Economics-Business-and-Entrepreneurship/03-ENTREPRENEURSHIP-STARTUPS/The-Challenger-Customer.md,nonfiction,summary,detailed,Foundation,,
0984,0984,P0,The JOLT Effect: How High Performers Overcome Customer Indecision,Matthew Dixon; Ted McKenna,2022,2022,2022,"06-Economics, Business & Entrepreneurship","Economics, Business & Entrepreneurship",03-ENTREPRENEURSHIP-STARTUPS,Product,Customer Experience,The-JOLT-Effect,Intermediate,planned,md/06-Economics-Business-and-Entrepreneurship/03-ENTREPRENEURSHIP-STARTUPS/The-JOLT-Effect.md,nonfiction,summary,detailed,Foundation,,
0985,0985,P1,Winning on Purpose: The Unbeatable Strategy of Loving Customers,Fred Reichheld,2021,2021,2021,"06-Economics, Business & Entrepreneurship","Economics, Business & Entrepreneurship",03-ENTREPRENEURSHIP-STARTUPS,Product,Customer Experience,Winning-on-Purpose,Intermediate,planned,md/06-Economics-Business-and-Entrepreneurship/03-ENTREPRENEURSHIP-STARTUPS/Winning-on-Purpose.md,nonfiction,summary,detailed,Foundation,,
0986,0986,P0,Blitzscaling: The Lightning-Fast Path to Building Massively Valuable Companies,Reid Hoffman; Chris Yeh,2018,2018,2018,"06-Economics, Business & Entrepreneurship","Economics, Business & Entrepreneurship",03-ENTREPRENEURSHIP-STARTUPS,Growth,Growth Strategy,Blitzscaling,Intermediate,planned,md/06-Economics-Business-and-Entrepreneurship/03-ENTREPRENEURSHIP-STARTUPS/Blitzscaling.md,nonfiction,summary,detailed,Foundation,,
0987,0987,P0,"High Growth Handbook: Scaling Startups from 10 to 10,000 People",Elad Gil,2018,2018,2018,"06-Economics, Business & Entrepreneurship","Economics, Business & Entrepreneurship",03-ENTREPRENEURSHIP-STARTUPS,Growth,Growth Strategy,High-Growth-Handbook,Intermediate,planned,md/06-Economics-Business-and-Entrepreneurship/03-ENTREPRENEURSHIP-STARTUPS/High-Growth-Handbook.md,nonfiction,summary,detailed,Foundation,,
0988,0988,P0,Scaling Up: How a Few Companies Make It... and Why the Rest Don't,Verne Harnish,2014,2014,2014,"06-Economics, Business & Entrepreneurship","Economics, Business & Entrepreneurship",03-ENTREPRENEURSHIP-STARTUPS,Growth,Growth Strategy,Scaling-Up-Harnish,Intermediate,planned,md/06-Economics-Business-and-Entrepreneurship/03-ENTREPRENEURSHIP-STARTUPS/Scaling-Up-Harnish.md,nonfiction,summary,detailed,Foundation,,
0989,0989,P1,Mastering the Rockefeller Habits: What You Must Do to Increase the Value of Your Fast-Growth Firm,Verne Harnish,2002,2002,2002,"06-Economics, Business & Entrepreneurship","Economics, Business & Entrepreneurship",03-ENTREPRENEURSHIP-STARTUPS,Growth,Growth Strategy,Mastering-the-Rockefeller-Habits,Intermediate,planned,md/06-Economics-Business-and-Entrepreneurship/03-ENTREPRENEURSHIP-STARTUPS/Mastering-the-Rockefeller-Habits.md,nonfiction,summary,detailed,Foundation,,
0990,0990,P0,Traction: Get a Grip on Your Business,Gino Wickman,2007,2012,2007,"06-Economics, Business & Entrepreneurship","Economics, Business & Entrepreneurship",03-ENTREPRENEURSHIP-STARTUPS,Growth,Growth Strategy,Traction-Wickman,Intermediate,planned,md/06-Economics-Business-and-Entrepreneurship/03-ENTREPRENEURSHIP-STARTUPS/Traction-Wickman.md,nonfiction,summary,detailed,Foundation,,
0991,0991,P0,Predictable Revenue: Turn Your Business Into A Sales Machine with the $100 Million Best Practices of Salesforce.com,Aaron Ross; Marylou Tyler,2011,2011,2011,"06-Economics, Business & Entrepreneurship","Economics, Business & Entrepreneurship",03-ENTREPRENEURSHIP-STARTUPS,Growth,Distribution,Predictable-Revenue,Intermediate,planned,md/06-Economics-Business-and-Entrepreneurship/03-ENTREPRENEURSHIP-STARTUPS/Predictable-Revenue.md,nonfiction,summary,detailed,Foundation,,
0992,0992,P1,From Impossible to Inevitable: How Hyper-Growth Companies Create Predictable Revenue,Aaron Ross; Jason Lemkin,2016,2019,2016,"06-Economics, Business & Entrepreneurship","Economics, Business & Entrepreneurship",03-ENTREPRENEURSHIP-STARTUPS,Growth,Distribution,From-Impossible-to-Inevitable,Intermediate,planned,md/06-Economics-Business-and-Entrepreneurship/03-ENTREPRENEURSHIP-STARTUPS/From-Impossible-to-Inevitable.md,nonfiction,summary,detailed,Foundation,,
0993,0993,P0,"The Sales Acceleration Formula: Using Data, Technology, and Inbound Selling to go from $0 to $100 Million",Mark Roberge,2015,2015,2015,"06-Economics, Business & Entrepreneurship","Economics, Business & Entrepreneurship",03-ENTREPRENEURSHIP-STARTUPS,Growth,Distribution,The-Sales-Acceleration-Formula,Intermediate,planned,md/06-Economics-Business-and-Entrepreneurship/03-ENTREPRENEURSHIP-STARTUPS/The-Sales-Acceleration-Formula.md,nonfiction,summary,detailed,Foundation,,
0994,0994,P1,"Inbound Marketing: Get Found Using Google, Social Media, and Blogs",Brian Halligan; Dharmesh Shah,2009,2014,2009,"06-Economics, Business & Entrepreneurship","Economics, Business & Entrepreneurship",03-ENTREPRENEURSHIP-STARTUPS,Growth,Distribution,Inbound-Marketing,Intermediate,planned,md/06-Economics-Business-and-Entrepreneurship/03-ENTREPRENEURSHIP-STARTUPS/Inbound-Marketing.md,nonfiction,summary,detailed,Foundation,,
0995,0995,P1,Fanatical Prospecting: The Ultimate Guide to Opening Sales Conversations and Filling the Pipeline,Jeb Blount,2015,2015,2015,"06-Economics, Business & Entrepreneurship","Economics, Business & Entrepreneurship",03-ENTREPRENEURSHIP-STARTUPS,Growth,Distribution,Fanatical-Prospecting,Intermediate,planned,md/06-Economics-Business-and-Entrepreneurship/03-ENTREPRENEURSHIP-STARTUPS/Fanatical-Prospecting.md,nonfiction,summary,detailed,Foundation,,
0996,0996,P0,The E-Myth Revisited: Why Most Small Businesses Don't Work and What to Do About It,Michael E. Gerber,1995,2004,1995,"06-Economics, Business & Entrepreneurship","Economics, Business & Entrepreneurship",03-ENTREPRENEURSHIP-STARTUPS,Growth,Scaling,The-E-Myth-Revisited,Intermediate,planned,md/06-Economics-Business-and-Entrepreneurship/03-ENTREPRENEURSHIP-STARTUPS/The-E-Myth-Revisited.md,nonfiction,summary,detailed,Foundation,,
0997,0997,P1,E-Myth Mastery: The Seven Essential Disciplines for Building a World Class Company,Michael E. Gerber,2005,2007,2005,"06-Economics, Business & Entrepreneurship","Economics, Business & Entrepreneurship",03-ENTREPRENEURSHIP-STARTUPS,Growth,Scaling,E-Myth-Mastery,Intermediate,planned,md/06-Economics-Business-and-Entrepreneurship/03-ENTREPRENEURSHIP-STARTUPS/E-Myth-Mastery.md,nonfiction,summary,detailed,Foundation,,
0998,0998,P0,Rework,Jason Fried; David Heinemeier Hansson,2010,2010,2010,"06-Economics, Business & Entrepreneurship","Economics, Business & Entrepreneurship",03-ENTREPRENEURSHIP-STARTUPS,Growth,Scaling,Rework,Intermediate,planned,md/06-Economics-Business-and-Entrepreneurship/03-ENTREPRENEURSHIP-STARTUPS/Rework.md,nonfiction,summary,detailed,Foundation,,
0999,0999,P1,Remote: Office Not Required,Jason Fried; David Heinemeier Hansson,2013,2013,2013,"06-Economics, Business & Entrepreneurship","Economics, Business & Entrepreneurship",03-ENTREPRENEURSHIP-STARTUPS,Growth,Scaling,Remote-Fried-Hansson,Intermediate,planned,md/06-Economics-Business-and-Entrepreneurship/03-ENTREPRENEURSHIP-STARTUPS/Remote-Fried-Hansson.md,nonfiction,summary,detailed,Foundation,,
1000,1000,P1,It Doesn't Have to Be Crazy at Work,Jason Fried; David Heinemeier Hansson,2018,2018,2018,"06-Economics, Business & Entrepreneurship","Economics, Business & Entrepreneurship",03-ENTREPRENEURSHIP-STARTUPS,Growth,Scaling,It-Doesnt-Have-to-Be-Crazy-at-Work,Intermediate,planned,md/06-Economics-Business-and-Entrepreneurship/03-ENTREPRENEURSHIP-STARTUPS/It-Doesnt-Have-to-Be-Crazy-at-Work.md,nonfiction,summary,detailed,Foundation,,
1001,1001,P0,The Cold Start Problem: How to Start and Scale Network Effects,Andrew Chen,2021,2021,2021,"06-Economics, Business & Entrepreneurship","Economics, Business & Entrepreneurship",03-ENTREPRENEURSHIP-STARTUPS,Growth,Network Effects,The-Cold-Start-Problem,Intermediate,planned,md/06-Economics-Business-and-Entrepreneurship/03-ENTREPRENEURSHIP-STARTUPS/The-Cold-Start-Problem.md,nonfiction,summary,detailed,Foundation,,
1002,1002,P0,Information Rules: A Strategic Guide to the Network Economy,Carl Shapiro; Hal R. Varian,1998,1999,1998,"06-Economics, Business & Entrepreneurship","Economics, Business & Entrepreneurship",03-ENTREPRENEURSHIP-STARTUPS,Growth,Network Effects,Information-Rules,Intermediate,planned,md/06-Economics-Business-and-Entrepreneurship/03-ENTREPRENEURSHIP-STARTUPS/Information-Rules.md,nonfiction,summary,detailed,Foundation,,
1003,1003,P0,New Rules for the New Economy: 10 Radical Strategies for a Connected World,Kevin Kelly,1998,1999,1998,"06-Economics, Business & Entrepreneurship","Economics, Business & Entrepreneurship",03-ENTREPRENEURSHIP-STARTUPS,Growth,Network Effects,New-Rules-for-the-New-Economy,Intermediate,planned,md/06-Economics-Business-and-Entrepreneurship/03-ENTREPRENEURSHIP-STARTUPS/New-Rules-for-the-New-Economy.md,nonfiction,summary,detailed,Foundation,,
1004,1004,P0,"Networks, Crowds, and Markets: Reasoning About a Highly Connected World",David Easley; Jon Kleinberg,2010,2010,2010,"06-Economics, Business & Entrepreneurship","Economics, Business & Entrepreneurship",03-ENTREPRENEURSHIP-STARTUPS,Growth,Network Effects,Networks-Crowds-and-Markets,Intermediate,planned,md/06-Economics-Business-and-Entrepreneurship/03-ENTREPRENEURSHIP-STARTUPS/Networks-Crowds-and-Markets.md,nonfiction,summary,detailed,Foundation,,
1005,1005,P1,Connected: The Surprising Power of Our Social Networks and How They Shape Our Lives,Nicholas A. Christakis; James H. Fowler,2009,2011,2009,"06-Economics, Business & Entrepreneurship","Economics, Business & Entrepreneurship",03-ENTREPRENEURSHIP-STARTUPS,Growth,Network Effects,Connected-Christakis,Intermediate,planned,md/06-Economics-Business-and-Entrepreneurship/03-ENTREPRENEURSHIP-STARTUPS/Connected-Christakis.md,nonfiction,summary,detailed,Foundation,,
1006,1006,P0,The Making of a Manager: What to Do When Everyone Looks to You,Julie Zhuo,2019,2019,2019,"06-Economics, Business & Entrepreneurship","Economics, Business & Entrepreneurship",04-LEADERSHIP,People Leadership,Managing People,The-Making-of-a-Manager,Intermediate,planned,md/06-Economics-Business-and-Entrepreneurship/04-LEADERSHIP/The-Making-of-a-Manager.md,nonfiction,summary,detailed,Foundation,,
1007,1007,P0,"First, Break All the Rules: What the World's Greatest Managers Do Differently",Marcus Buckingham; Curt Coffman,1999,2016,1999,"06-Economics, Business & Entrepreneurship","Economics, Business & Entrepreneurship",04-LEADERSHIP,People Leadership,Managing People,First-Break-All-the-Rules,Intermediate,planned,md/06-Economics-Business-and-Entrepreneurship/04-LEADERSHIP/First-Break-All-the-Rules.md,nonfiction,summary,detailed,Foundation,,
1008,1008,P1,The One Minute Manager,Kenneth Blanchard; Spencer Johnson,1982,2015,1982,"06-Economics, Business & Entrepreneurship","Economics, Business & Entrepreneurship",04-LEADERSHIP,People Leadership,Managing People,The-One-Minute-Manager,Intermediate,planned,md/06-Economics-Business-and-Entrepreneurship/04-LEADERSHIP/The-One-Minute-Manager.md,nonfiction,summary,detailed,Foundation,,
1009,1009,P1,Nine Lies About Work: A Freethinking Leader's Guide to the Real World,Marcus Buckingham; Ashley Goodall,2019,2019,2019,"06-Economics, Business & Entrepreneurship","Economics, Business & Entrepreneurship",04-LEADERSHIP,People Leadership,Managing People,Nine-Lies-About-Work,Intermediate,planned,md/06-Economics-Business-and-Entrepreneurship/04-LEADERSHIP/Nine-Lies-About-Work.md,nonfiction,summary,detailed,Foundation,,
1010,1010,P2,Help Them Grow or Watch Them Go: Career Conversations Organizations Need and Employees Want,Beverly Kaye; Julie Winkle Giulioni,2012,2019,2012,"06-Economics, Business & Entrepreneurship","Economics, Business & Entrepreneurship",04-LEADERSHIP,People Leadership,Managing People,Help-Them-Grow-or-Watch-Them-Go,Intermediate,planned,md/06-Economics-Business-and-Entrepreneurship/04-LEADERSHIP/Help-Them-Grow-or-Watch-Them-Go.md,nonfiction,summary,detailed,Foundation,,
1011,1011,P0,"The Coaching Habit: Say Less, Ask More & Change the Way You Lead Forever",Michael Bungay Stanier,2016,2016,2016,"06-Economics, Business & Entrepreneurship","Economics, Business & Entrepreneurship",04-LEADERSHIP,People Leadership,Feedback & Coaching,The-Coaching-Habit,Intermediate,planned,md/06-Economics-Business-and-Entrepreneurship/04-LEADERSHIP/The-Coaching-Habit.md,nonfiction,summary,detailed,Foundation,,
1012,1012,P1,"The Advice Trap: Be Humble, Stay Curious & Change the Way You Lead Forever",Michael Bungay Stanier,2020,2020,2020,"06-Economics, Business & Entrepreneurship","Economics, Business & Entrepreneurship",04-LEADERSHIP,People Leadership,Feedback & Coaching,The-Advice-Trap,Intermediate,planned,md/06-Economics-Business-and-Entrepreneurship/04-LEADERSHIP/The-Advice-Trap.md,nonfiction,summary,detailed,Foundation,,
1013,1013,P2,Coaching Questions: A Coach's Guide to Powerful Asking Skills,Tony Stoltzfus,2008,2008,2008,"06-Economics, Business & Entrepreneurship","Economics, Business & Entrepreneurship",04-LEADERSHIP,People Leadership,Feedback & Coaching,Coaching-Questions-Stoltzfus,Intermediate,planned,md/06-Economics-Business-and-Entrepreneurship/04-LEADERSHIP/Coaching-Questions-Stoltzfus.md,nonfiction,summary,detailed,Foundation,,
1014,1014,P0,Coaching for Performance: The Principles and Practice of Coaching and Leadership,John Whitmore,1992,2017,1992,"06-Economics, Business & Entrepreneurship","Economics, Business & Entrepreneurship",04-LEADERSHIP,People Leadership,Feedback & Coaching,Coaching-for-Performance,Intermediate,planned,md/06-Economics-Business-and-Entrepreneurship/04-LEADERSHIP/Coaching-for-Performance.md,nonfiction,summary,detailed,Foundation,,
1015,1015,P0,Trillion Dollar Coach: The Leadership Playbook of Silicon Valley's Bill Campbell,Eric Schmidt; Jonathan Rosenberg; Alan Eagle,2019,2019,2019,"06-Economics, Business & Entrepreneurship","Economics, Business & Entrepreneurship",04-LEADERSHIP,People Leadership,Feedback & Coaching,Trillion-Dollar-Coach,Intermediate,planned,md/06-Economics-Business-and-Entrepreneurship/04-LEADERSHIP/Trillion-Dollar-Coach.md,nonfiction,summary,detailed,Foundation,,
1016,1016,P0,The Five Dysfunctions of a Team: A Leadership Fable,Patrick Lencioni,2002,2002,2002,"06-Economics, Business & Entrepreneurship","Economics, Business & Entrepreneurship",04-LEADERSHIP,People Leadership,Building Teams,The-Five-Dysfunctions-of-a-Team,Intermediate,planned,md/06-Economics-Business-and-Entrepreneurship/04-LEADERSHIP/The-Five-Dysfunctions-of-a-Team.md,nonfiction,summary,detailed,Foundation,,
1017,1017,P0,The Advantage: Why Organizational Health Trumps Everything Else in Business,Patrick Lencioni,2012,2012,2012,"06-Economics, Business & Entrepreneurship","Economics, Business & Entrepreneurship",04-LEADERSHIP,People Leadership,Building Teams,The-Advantage-Lencioni,Intermediate,planned,md/06-Economics-Business-and-Entrepreneurship/04-LEADERSHIP/The-Advantage-Lencioni.md,nonfiction,summary,detailed,Foundation,,
1018,1018,P1,The Ideal Team Player: How to Recognize and Cultivate The Three Essential Virtues,Patrick Lencioni,2016,2016,2016,"06-Economics, Business & Entrepreneurship","Economics, Business & Entrepreneurship",04-LEADERSHIP,People Leadership,Building Teams,The-Ideal-Team-Player,Intermediate,planned,md/06-Economics-Business-and-Entrepreneurship/04-LEADERSHIP/The-Ideal-Team-Player.md,nonfiction,summary,detailed,Foundation,,
1019,1019,P0,Leaders Eat Last: Why Some Teams Pull Together and Others Don't,Simon Sinek,2014,2017,2014,"06-Economics, Business & Entrepreneurship","Economics, Business & Entrepreneurship",04-LEADERSHIP,People Leadership,Building Teams,Leaders-Eat-Last,Intermediate,planned,md/06-Economics-Business-and-Entrepreneurship/04-LEADERSHIP/Leaders-Eat-Last.md,nonfiction,summary,detailed,Foundation,,
1020,1020,P0,Team of Teams: New Rules of Engagement for a Complex World,Stanley McChrystal; Tantum Collins; David Silverman,2015,2015,2015,"06-Economics, Business & Entrepreneurship","Economics, Business & Entrepreneurship",04-LEADERSHIP,People Leadership,Building Teams,Team-of-Teams,Intermediate,planned,md/06-Economics-Business-and-Entrepreneurship/04-LEADERSHIP/Team-of-Teams.md,nonfiction,summary,detailed,Foundation,,
1021,1021,P0,Leadership Strategy and Tactics: Field Manual,Jocko Willink,2020,2020,2020,"06-Economics, Business & Entrepreneurship","Economics, Business & Entrepreneurship",04-LEADERSHIP,Strategic Leadership,Strategic Decisions,Leadership-Strategy-and-Tactics,Intermediate,planned,md/06-Economics-Business-and-Entrepreneurship/04-LEADERSHIP/Leadership-Strategy-and-Tactics.md,nonfiction,summary,detailed,Foundation,,
1022,1022,P0,Extreme Ownership: How U.S. Navy SEALs Lead and Win,Jocko Willink; Leif Babin,2015,2017,2015,"06-Economics, Business & Entrepreneurship","Economics, Business & Entrepreneurship",04-LEADERSHIP,Strategic Leadership,Strategic Decisions,Extreme-Ownership,Intermediate,planned,md/06-Economics-Business-and-Entrepreneurship/04-LEADERSHIP/Extreme-Ownership.md,nonfiction,summary,detailed,Foundation,,
1023,1023,P1,The Dichotomy of Leadership: Balancing the Challenges of Extreme Ownership to Lead and Win,Jocko Willink; Leif Babin,2018,2018,2018,"06-Economics, Business & Entrepreneurship","Economics, Business & Entrepreneurship",04-LEADERSHIP,Strategic Leadership,Strategic Decisions,The-Dichotomy-of-Leadership,Intermediate,planned,md/06-Economics-Business-and-Entrepreneurship/04-LEADERSHIP/The-Dichotomy-of-Leadership.md,nonfiction,summary,detailed,Foundation,,
1024,1024,P0,The Score Takes Care of Itself: My Philosophy of Leadership,Bill Walsh; Steve Jamison; Craig Walsh,2009,2010,2009,"06-Economics, Business & Entrepreneurship","Economics, Business & Entrepreneurship",04-LEADERSHIP,Strategic Leadership,Strategic Decisions,The-Score-Takes-Care-of-Itself,Intermediate,planned,md/06-Economics-Business-and-Entrepreneurship/04-LEADERSHIP/The-Score-Takes-Care-of-Itself.md,nonfiction,summary,detailed,Foundation,,
1025,1025,P0,Turn the Ship Around!: A True Story of Turning Followers into Leaders,L. David Marquet,2012,2013,2012,"06-Economics, Business & Entrepreneurship","Economics, Business & Entrepreneurship",04-LEADERSHIP,Strategic Leadership,Strategic Decisions,Turn-the-Ship-Around,Intermediate,planned,md/06-Economics-Business-and-Entrepreneurship/04-LEADERSHIP/Turn-the-Ship-Around.md,nonfiction,summary,detailed,Foundation,,
1026,1026,P0,Managing with Power: Politics and Influence in Organizations,Jeffrey Pfeffer,1992,1994,1992,"06-Economics, Business & Entrepreneurship","Economics, Business & Entrepreneurship",04-LEADERSHIP,Strategic Leadership,Organizational Power,Managing-with-Power,Intermediate,planned,md/06-Economics-Business-and-Entrepreneurship/04-LEADERSHIP/Managing-with-Power.md,nonfiction,summary,detailed,Foundation,,
1027,1027,P1,Leadership BS: Fixing Workplaces and Careers One Truth at a Time,Jeffrey Pfeffer,2015,2015,2015,"06-Economics, Business & Entrepreneurship","Economics, Business & Entrepreneurship",04-LEADERSHIP,Strategic Leadership,Organizational Power,Leadership-BS,Intermediate,planned,md/06-Economics-Business-and-Entrepreneurship/04-LEADERSHIP/Leadership-BS.md,nonfiction,summary,detailed,Foundation,,
1028,1028,P1,Dying for a Paycheck: How Modern Management Harms Employee Health and Company Performance,Jeffrey Pfeffer,2018,2018,2018,"06-Economics, Business & Entrepreneurship","Economics, Business & Entrepreneurship",04-LEADERSHIP,Strategic Leadership,Organizational Power,Dying-for-a-Paycheck,Intermediate,planned,md/06-Economics-Business-and-Entrepreneurship/04-LEADERSHIP/Dying-for-a-Paycheck.md,nonfiction,summary,detailed,Foundation,,
1029,1029,P0,The Knowing-Doing Gap: How Smart Companies Turn Knowledge into Action,Jeffrey Pfeffer; Robert I. Sutton,1999,2000,1999,"06-Economics, Business & Entrepreneurship","Economics, Business & Entrepreneurship",04-LEADERSHIP,Strategic Leadership,Organizational Power,The-Knowing-Doing-Gap,Intermediate,planned,md/06-Economics-Business-and-Entrepreneurship/04-LEADERSHIP/The-Knowing-Doing-Gap.md,nonfiction,summary,detailed,Foundation,,
1030,1030,P1,"Hard Facts, Dangerous Half-Truths, and Total Nonsense: Profiting from Evidence-Based Management",Jeffrey Pfeffer; Robert I. Sutton,2006,2006,2006,"06-Economics, Business & Entrepreneurship","Economics, Business & Entrepreneurship",04-LEADERSHIP,Strategic Leadership,Organizational Power,Hard-Facts-Dangerous-Half-Truths,Intermediate,planned,md/06-Economics-Business-and-Entrepreneurship/04-LEADERSHIP/Hard-Facts-Dangerous-Half-Truths.md,nonfiction,summary,detailed,Foundation,,
1031,1031,P0,Leadership in Turbulent Times,Doris Kearns Goodwin,2018,2018,2018,"06-Economics, Business & Entrepreneurship","Economics, Business & Entrepreneurship",04-LEADERSHIP,Strategic Leadership,Leadership Under Uncertainty,Leadership-in-Turbulent-Times,Intermediate,planned,md/06-Economics-Business-and-Entrepreneurship/04-LEADERSHIP/Leadership-in-Turbulent-Times.md,nonfiction,summary,detailed,Foundation,,
1032,1032,P0,Team of Rivals: The Political Genius of Abraham Lincoln,Doris Kearns Goodwin,2005,2006,2005,"06-Economics, Business & Entrepreneurship","Economics, Business & Entrepreneurship",04-LEADERSHIP,Strategic Leadership,Leadership Under Uncertainty,Team-of-Rivals,Intermediate,planned,md/06-Economics-Business-and-Entrepreneurship/04-LEADERSHIP/Team-of-Rivals.md,nonfiction,summary,detailed,Foundation,,
1033,1033,P0,"The Splendid and the Vile: A Saga of Churchill, Family, and Defiance During the Blitz",Erik Larson,2020,2020,2020,"06-Economics, Business & Entrepreneurship","Economics, Business & Entrepreneurship",04-LEADERSHIP,Strategic Leadership,Leadership Under Uncertainty,The-Splendid-and-the-Vile,Intermediate,planned,md/06-Economics-Business-and-Entrepreneurship/04-LEADERSHIP/The-Splendid-and-the-Vile.md,nonfiction,summary,detailed,Foundation,,
1034,1034,P0,Churchill: Walking with Destiny,Andrew Roberts,2018,2019,2018,"06-Economics, Business & Entrepreneurship","Economics, Business & Entrepreneurship",04-LEADERSHIP,Strategic Leadership,Leadership Under Uncertainty,Churchill-Roberts,Intermediate,planned,md/06-Economics-Business-and-Entrepreneurship/04-LEADERSHIP/Churchill-Roberts.md,nonfiction,summary,detailed,Foundation,,
1035,1035,P0,Leadership: Six Studies in World Strategy,Henry Kissinger,2022,2022,2022,"06-Economics, Business & Entrepreneurship","Economics, Business & Entrepreneurship",04-LEADERSHIP,Strategic Leadership,Leadership Under Uncertainty,Leadership-Kissinger,Intermediate,planned,md/06-Economics-Business-and-Entrepreneurship/04-LEADERSHIP/Leadership-Kissinger.md,nonfiction,summary,detailed,Foundation,,
1036,1036,P0,Forged in Crisis: The Power of Courageous Leadership in Turbulent Times,Nancy Koehn,2017,2018,2017,"06-Economics, Business & Entrepreneurship","Economics, Business & Entrepreneurship",04-LEADERSHIP,Strategic Leadership,Crisis Leadership,Forged-in-Crisis,Intermediate,planned,md/06-Economics-Business-and-Entrepreneurship/04-LEADERSHIP/Forged-in-Crisis.md,nonfiction,summary,detailed,Foundation,,
1037,1037,P0,Shackleton's Way: Leadership Lessons from the Great Antarctic Explorer,Margot Morrell; Stephanie Capparell,2001,2002,2001,"06-Economics, Business & Entrepreneurship","Economics, Business & Entrepreneurship",04-LEADERSHIP,Strategic Leadership,Crisis Leadership,Shackletons-Way,Intermediate,planned,md/06-Economics-Business-and-Entrepreneurship/04-LEADERSHIP/Shackletons-Way.md,nonfiction,summary,detailed,Foundation,,
1038,1038,P1,Lead from the Future: How to Turn Visionary Thinking Into Breakthrough Growth,Mark W. Johnson; Josh Suskewicz,2020,2020,2020,"06-Economics, Business & Entrepreneurship","Economics, Business & Entrepreneurship",04-LEADERSHIP,Strategic Leadership,Crisis Leadership,Lead-from-the-Future,Intermediate,planned,md/06-Economics-Business-and-Entrepreneurship/04-LEADERSHIP/Lead-from-the-Future.md,nonfiction,summary,detailed,Foundation,,
1039,1039,P0,The Infinite Game,Simon Sinek,2019,2019,2019,"06-Economics, Business & Entrepreneurship","Economics, Business & Entrepreneurship",04-LEADERSHIP,Strategic Leadership,Crisis Leadership,The-Infinite-Game,Intermediate,planned,md/06-Economics-Business-and-Entrepreneurship/04-LEADERSHIP/The-Infinite-Game.md,nonfiction,summary,detailed,Foundation,,
1040,1040,P0,Dare to Lead: Brave Work. Tough Conversations. Whole Hearts.,Brené Brown,2018,2018,2018,"06-Economics, Business & Entrepreneurship","Economics, Business & Entrepreneurship",04-LEADERSHIP,Strategic Leadership,Crisis Leadership,Dare-to-Lead,Intermediate,planned,md/06-Economics-Business-and-Entrepreneurship/04-LEADERSHIP/Dare-to-Lead.md,nonfiction,summary,detailed,Foundation,,
1041,1041,P0,"The Innovators: How a Group of Hackers, Geniuses, and Geeks Created the Digital Revolution",Walter Isaacson,2014,2014,2014,07-Computer Science & Technology Concepts,Computer Science & Technology Concepts,01-COMPUTING-FUNDAMENTALS,History & Philosophy Of Computing,History of Computing,The-Innovators-Isaacson,Intermediate,planned,md/07-Computer-Science-and-Technology-Concepts/01-COMPUTING-FUNDAMENTALS/The-Innovators-Isaacson.md,nonfiction,summary,detailed,Foundation,,
1042,1042,P0,Hackers: Heroes of the Computer Revolution,Steven Levy,1984,2010,1984,07-Computer Science & Technology Concepts,Computer Science & Technology Concepts,01-COMPUTING-FUNDAMENTALS,History & Philosophy Of Computing,History of Computing,Hackers-Levy,Intermediate,planned,md/07-Computer-Science-and-Technology-Concepts/01-COMPUTING-FUNDAMENTALS/Hackers-Levy.md,nonfiction,summary,detailed,Foundation,,
1043,1043,P0,The Soul of a New Machine,Tracy Kidder,1981,2000,1981,07-Computer Science & Technology Concepts,Computer Science & Technology Concepts,01-COMPUTING-FUNDAMENTALS,History & Philosophy Of Computing,History of Computing,The-Soul-of-a-New-Machine,Intermediate,planned,md/07-Computer-Science-and-Technology-Concepts/01-COMPUTING-FUNDAMENTALS/The-Soul-of-a-New-Machine.md,nonfiction,summary,detailed,Foundation,,
1044,1044,P0,Where Wizards Stay Up Late: The Origins of the Internet,Katie Hafner; Matthew Lyon,1996,1998,1996,07-Computer Science & Technology Concepts,Computer Science & Technology Concepts,01-COMPUTING-FUNDAMENTALS,History & Philosophy Of Computing,History of Computing,Where-Wizards-Stay-Up-Late,Intermediate,planned,md/07-Computer-Science-and-Technology-Concepts/01-COMPUTING-FUNDAMENTALS/Where-Wizards-Stay-Up-Late.md,nonfiction,summary,detailed,Foundation,,
1045,1045,P0,Dealers of Lightning: Xerox PARC and the Dawn of the Computer Age,Michael A. Hiltzik,1999,2000,1999,07-Computer Science & Technology Concepts,Computer Science & Technology Concepts,01-COMPUTING-FUNDAMENTALS,History & Philosophy Of Computing,History of Computing,Dealers-of-Lightning,Intermediate,planned,md/07-Computer-Science-and-Technology-Concepts/01-COMPUTING-FUNDAMENTALS/Dealers-of-Lightning.md,nonfiction,summary,detailed,Foundation,,
1046,1046,P0,Code: The Hidden Language of Computer Hardware and Software,Charles Petzold,1999,2022,1999,07-Computer Science & Technology Concepts,Computer Science & Technology Concepts,01-COMPUTING-FUNDAMENTALS,History & Philosophy Of Computing,Computing Concepts,Code-Petzold,Intermediate,planned,md/07-Computer-Science-and-Technology-Concepts/01-COMPUTING-FUNDAMENTALS/Code-Petzold.md,nonfiction,summary,detailed,Foundation,,
1047,1047,P0,The Elements of Computing Systems: Building a Modern Computer from First Principles (Nand to Tetris),Noam Nisan; Shimon Schocken,2005,2021,2005,07-Computer Science & Technology Concepts,Computer Science & Technology Concepts,01-COMPUTING-FUNDAMENTALS,History & Philosophy Of Computing,Computing Concepts,The-Elements-of-Computing-Systems,Intermediate,planned,md/07-Computer-Science-and-Technology-Concepts/01-COMPUTING-FUNDAMENTALS/The-Elements-of-Computing-Systems.md,nonfiction,summary,detailed,Foundation,,
1048,1048,P0,Structure and Interpretation of Computer Programs,Harold Abelson; Gerald Jay Sussman; Julie Sussman,1984,1996,1984,07-Computer Science & Technology Concepts,Computer Science & Technology Concepts,01-COMPUTING-FUNDAMENTALS,History & Philosophy Of Computing,Computing Concepts,Structure-and-Interpretation-of-Computer-Programs,Intermediate,planned,md/07-Computer-Science-and-Technology-Concepts/01-COMPUTING-FUNDAMENTALS/Structure-and-Interpretation-of-Computer-Programs.md,nonfiction,summary,detailed,Foundation,,
1049,1049,P1,Turing's Cathedral: The Origins of the Digital Universe,George Dyson,2012,2012,2012,07-Computer Science & Technology Concepts,Computer Science & Technology Concepts,01-COMPUTING-FUNDAMENTALS,History & Philosophy Of Computing,Computing Concepts,Turings-Cathedral,Intermediate,planned,md/07-Computer-Science-and-Technology-Concepts/01-COMPUTING-FUNDAMENTALS/Turings-Cathedral.md,nonfiction,summary,detailed,Foundation,,
1050,1050,P0,The Pattern On The Stone: The Simple Ideas That Make Computers Work,W. Daniel Hillis,1998,2015,1998,07-Computer Science & Technology Concepts,Computer Science & Technology Concepts,01-COMPUTING-FUNDAMENTALS,History & Philosophy Of Computing,Computing Concepts,The-Pattern-On-The-Stone,Intermediate,planned,md/07-Computer-Science-and-Technology-Concepts/01-COMPUTING-FUNDAMENTALS/The-Pattern-On-The-Stone.md,nonfiction,summary,detailed,Foundation,,
1051,1051,P0,Operating Systems: Three Easy Pieces,Remzi H. Arpaci-Dusseau; Andrea C. Arpaci-Dusseau,2014,2018,2014,07-Computer Science & Technology Concepts,Computer Science & Technology Concepts,01-COMPUTING-FUNDAMENTALS,Computer Systems,Operating System Concepts,Operating-Systems-Three-Easy-Pieces,Intermediate,planned,md/07-Computer-Science-and-Technology-Concepts/01-COMPUTING-FUNDAMENTALS/Operating-Systems-Three-Easy-Pieces.md,nonfiction,summary,detailed,Foundation,,
1052,1052,P0,Modern Operating Systems,Andrew S. Tanenbaum; Herbert Bos,1992,2023,1992,07-Computer Science & Technology Concepts,Computer Science & Technology Concepts,01-COMPUTING-FUNDAMENTALS,Computer Systems,Operating System Concepts,Modern-Operating-Systems-Tanenbaum,Intermediate,planned,md/07-Computer-Science-and-Technology-Concepts/01-COMPUTING-FUNDAMENTALS/Modern-Operating-Systems-Tanenbaum.md,nonfiction,summary,detailed,Foundation,,
1053,1053,P0,The Design of the UNIX Operating System,Maurice J. Bach,1986,1986,1986,07-Computer Science & Technology Concepts,Computer Science & Technology Concepts,01-COMPUTING-FUNDAMENTALS,Computer Systems,Operating System Concepts,The-Design-of-the-UNIX-Operating-System,Intermediate,planned,md/07-Computer-Science-and-Technology-Concepts/01-COMPUTING-FUNDAMENTALS/The-Design-of-the-UNIX-Operating-System.md,nonfiction,summary,detailed,Foundation,,
1054,1054,P0,The Linux Programming Interface: A Linux and UNIX System Programming Handbook,Michael Kerrisk,2010,2010,2010,07-Computer Science & Technology Concepts,Computer Science & Technology Concepts,01-COMPUTING-FUNDAMENTALS,Computer Systems,Operating System Concepts,The-Linux-Programming-Interface,Intermediate,planned,md/07-Computer-Science-and-Technology-Concepts/01-COMPUTING-FUNDAMENTALS/The-Linux-Programming-Interface.md,nonfiction,summary,detailed,Foundation,,
1055,1055,P0,Computer Systems: A Programmer's Perspective,Randal E. Bryant; David R. O'Hallaron,2002,2015,2002,07-Computer Science & Technology Concepts,Computer Science & Technology Concepts,01-COMPUTING-FUNDAMENTALS,Computer Systems,Operating System Concepts,Computer-Systems-A-Programmers-Perspective,Intermediate,planned,md/07-Computer-Science-and-Technology-Concepts/01-COMPUTING-FUNDAMENTALS/Computer-Systems-A-Programmers-Perspective.md,nonfiction,summary,detailed,Foundation,,
1056,1056,P0,Computer Networking: A Top-Down Approach,James F. Kurose; Keith W. Ross,2000,2021,2000,07-Computer Science & Technology Concepts,Computer Science & Technology Concepts,01-COMPUTING-FUNDAMENTALS,Computer Systems,Networks & Internet,Computer-Networking-A-Top-Down-Approach,Intermediate,planned,md/07-Computer-Science-and-Technology-Concepts/01-COMPUTING-FUNDAMENTALS/Computer-Networking-A-Top-Down-Approach.md,nonfiction,summary,detailed,Foundation,,
1057,1057,P0,"TCP/IP Illustrated, Volume 1: The Protocols",W. Richard Stevens; Kevin R. Fall,1994,2011,1994,07-Computer Science & Technology Concepts,Computer Science & Technology Concepts,01-COMPUTING-FUNDAMENTALS,Computer Systems,Networks & Internet,TCP-IP-Illustrated,Intermediate,planned,md/07-Computer-Science-and-Technology-Concepts/01-COMPUTING-FUNDAMENTALS/TCP-IP-Illustrated.md,nonfiction,summary,detailed,Foundation,,
1058,1058,P0,High Performance Browser Networking: What Every Web Developer Should Know About Networking and Web Performance,Ilya Grigorik,2013,2013,2013,07-Computer Science & Technology Concepts,Computer Science & Technology Concepts,01-COMPUTING-FUNDAMENTALS,Computer Systems,Networks & Internet,High-Performance-Browser-Networking,Intermediate,planned,md/07-Computer-Science-and-Technology-Concepts/01-COMPUTING-FUNDAMENTALS/High-Performance-Browser-Networking.md,nonfiction,summary,detailed,Foundation,,
1059,1059,P1,HTTP: The Definitive Guide,David Gourley; Brian Totty; Marjorie Sayer; Sailu Reddy; Anshu Aggarwal,2002,2002,2002,07-Computer Science & Technology Concepts,Computer Science & Technology Concepts,01-COMPUTING-FUNDAMENTALS,Computer Systems,Networks & Internet,HTTP-The-Definitive-Guide,Intermediate,planned,md/07-Computer-Science-and-Technology-Concepts/01-COMPUTING-FUNDAMENTALS/HTTP-The-Definitive-Guide.md,nonfiction,summary,detailed,Foundation,,
1060,1060,P0,Computer Networks,Andrew S. Tanenbaum; David J. Wetherall; Nick Feamster,1981,2021,1981,07-Computer Science & Technology Concepts,Computer Science & Technology Concepts,01-COMPUTING-FUNDAMENTALS,Computer Systems,Networks & Internet,Computer-Networks-Tanenbaum,Intermediate,planned,md/07-Computer-Science-and-Technology-Concepts/01-COMPUTING-FUNDAMENTALS/Computer-Networks-Tanenbaum.md,nonfiction,summary,detailed,Foundation,,
1061,1061,P0,"Designing Data-Intensive Applications: The Big Ideas Behind Reliable, Scalable, and Maintainable Systems",Martin Kleppmann,2017,2017,2017,07-Computer Science & Technology Concepts,Computer Science & Technology Concepts,01-COMPUTING-FUNDAMENTALS,Computer Systems,Distributed Systems Concepts,Designing-Data-Intensive-Applications,Intermediate,planned,md/07-Computer-Science-and-Technology-Concepts/01-COMPUTING-FUNDAMENTALS/Designing-Data-Intensive-Applications.md,nonfiction,summary,detailed,Foundation,,
1062,1062,P0,Distributed Systems: Principles and Paradigms,Andrew S. Tanenbaum; Maarten van Steen,2002,2023,2002,07-Computer Science & Technology Concepts,Computer Science & Technology Concepts,01-COMPUTING-FUNDAMENTALS,Computer Systems,Distributed Systems Concepts,Distributed-Systems-Tanenbaum,Intermediate,planned,md/07-Computer-Science-and-Technology-Concepts/01-COMPUTING-FUNDAMENTALS/Distributed-Systems-Tanenbaum.md,nonfiction,summary,detailed,Foundation,,
1063,1063,P0,Understanding Distributed Systems: What Every Developer Should Know About Large Distributed Applications,Roberto Vitillo,2021,2022,2021,07-Computer Science & Technology Concepts,Computer Science & Technology Concepts,01-COMPUTING-FUNDAMENTALS,Computer Systems,Distributed Systems Concepts,Understanding-Distributed-Systems-Vitillo,Intermediate,planned,md/07-Computer-Science-and-Technology-Concepts/01-COMPUTING-FUNDAMENTALS/Understanding-Distributed-Systems-Vitillo.md,nonfiction,summary,detailed,Foundation,,
1064,1064,P0,Database Internals: A Deep Dive into How Distributed Data Systems Work,Alex Petrov,2019,2019,2019,07-Computer Science & Technology Concepts,Computer Science & Technology Concepts,01-COMPUTING-FUNDAMENTALS,Computer Systems,Distributed Systems Concepts,Database-Internals-Petrov,Intermediate,planned,md/07-Computer-Science-and-Technology-Concepts/01-COMPUTING-FUNDAMENTALS/Database-Internals-Petrov.md,nonfiction,summary,detailed,Foundation,,
1065,1065,P0,Patterns of Distributed Systems,Unmesh Joshi,2023,2023,2023,07-Computer Science & Technology Concepts,Computer Science & Technology Concepts,01-COMPUTING-FUNDAMENTALS,Computer Systems,Distributed Systems Concepts,Patterns-of-Distributed-Systems,Intermediate,planned,md/07-Computer-Science-and-Technology-Concepts/01-COMPUTING-FUNDAMENTALS/Patterns-of-Distributed-Systems.md,nonfiction,summary,detailed,Foundation,,
1066,1066,P1,Computational Thinking,Peter J. Denning; Matti Tedre,2019,2019,2019,07-Computer Science & Technology Concepts,Computer Science & Technology Concepts,01-COMPUTING-FUNDAMENTALS,Algorithmic Thinking,Computational Thinking,Computational-Thinking-Denning,Intermediate,planned,md/07-Computer-Science-and-Technology-Concepts/01-COMPUTING-FUNDAMENTALS/Computational-Thinking-Denning.md,nonfiction,summary,detailed,Foundation,,
1067,1067,P0,Nine Algorithms That Changed the Future: The Ingenious Ideas That Drive Today's Computers,John MacCormick,2011,2020,2011,07-Computer Science & Technology Concepts,Computer Science & Technology Concepts,01-COMPUTING-FUNDAMENTALS,Algorithmic Thinking,Computational Thinking,Nine-Algorithms-That-Changed-the-Future,Intermediate,planned,md/07-Computer-Science-and-Technology-Concepts/01-COMPUTING-FUNDAMENTALS/Nine-Algorithms-That-Changed-the-Future.md,nonfiction,summary,detailed,Foundation,,
1068,1068,P0,Grokking Algorithms: An Illustrated Guide for Programmers and Other Curious People,Aditya Y. Bhargava,2016,2024,2016,07-Computer Science & Technology Concepts,Computer Science & Technology Concepts,01-COMPUTING-FUNDAMENTALS,Algorithmic Thinking,Computational Thinking,Grokking-Algorithms,Intermediate,planned,md/07-Computer-Science-and-Technology-Concepts/01-COMPUTING-FUNDAMENTALS/Grokking-Algorithms.md,nonfiction,summary,detailed,Foundation,,
1069,1069,P1,Once Upon an Algorithm: How Stories Explain Computing,Martin Erwig,2017,2022,2017,07-Computer Science & Technology Concepts,Computer Science & Technology Concepts,01-COMPUTING-FUNDAMENTALS,Algorithmic Thinking,Computational Thinking,Once-Upon-an-Algorithm,Intermediate,planned,md/07-Computer-Science-and-Technology-Concepts/01-COMPUTING-FUNDAMENTALS/Once-Upon-an-Algorithm.md,nonfiction,summary,detailed,Foundation,,
1070,1070,P1,Think Like a Programmer: An Introduction to Creative Problem Solving,V. Anton Spraul,2012,2012,2012,07-Computer Science & Technology Concepts,Computer Science & Technology Concepts,01-COMPUTING-FUNDAMENTALS,Algorithmic Thinking,Computational Thinking,Think-Like-a-Programmer,Intermediate,planned,md/07-Computer-Science-and-Technology-Concepts/01-COMPUTING-FUNDAMENTALS/Think-Like-a-Programmer.md,nonfiction,summary,detailed,Foundation,,
1071,1071,P0,Introduction to Algorithms,Thomas H. Cormen; Charles E. Leiserson; Ronald L. Rivest; Clifford Stein,1990,2022,1990,07-Computer Science & Technology Concepts,Computer Science & Technology Concepts,01-COMPUTING-FUNDAMENTALS,Algorithmic Thinking,Algorithmic Thinking,Introduction-to-Algorithms-CLRS,Intermediate,planned,md/07-Computer-Science-and-Technology-Concepts/01-COMPUTING-FUNDAMENTALS/Introduction-to-Algorithms-CLRS.md,nonfiction,summary,detailed,Foundation,,
1072,1072,P0,The Algorithm Design Manual,Steven S. Skiena,1997,2020,1997,07-Computer Science & Technology Concepts,Computer Science & Technology Concepts,01-COMPUTING-FUNDAMENTALS,Algorithmic Thinking,Algorithmic Thinking,The-Algorithm-Design-Manual,Intermediate,planned,md/07-Computer-Science-and-Technology-Concepts/01-COMPUTING-FUNDAMENTALS/The-Algorithm-Design-Manual.md,nonfiction,summary,detailed,Foundation,,
1073,1073,P0,Algorithms,Robert Sedgewick; Kevin Wayne,1983,2011,1983,07-Computer Science & Technology Concepts,Computer Science & Technology Concepts,01-COMPUTING-FUNDAMENTALS,Algorithmic Thinking,Algorithmic Thinking,Algorithms-Sedgewick,Intermediate,planned,md/07-Computer-Science-and-Technology-Concepts/01-COMPUTING-FUNDAMENTALS/Algorithms-Sedgewick.md,nonfiction,summary,detailed,Foundation,,
1074,1074,P1,Algorithms Unlocked,Thomas H. Cormen,2013,2013,2013,07-Computer Science & Technology Concepts,Computer Science & Technology Concepts,01-COMPUTING-FUNDAMENTALS,Algorithmic Thinking,Algorithmic Thinking,Algorithms-Unlocked,Intermediate,planned,md/07-Computer-Science-and-Technology-Concepts/01-COMPUTING-FUNDAMENTALS/Algorithms-Unlocked.md,nonfiction,summary,detailed,Foundation,,
1075,1075,P0,Algorithm Design,Jon Kleinberg; Éva Tardos,2005,2013,2005,07-Computer Science & Technology Concepts,Computer Science & Technology Concepts,01-COMPUTING-FUNDAMENTALS,Algorithmic Thinking,Algorithmic Thinking,Algorithm-Design-Kleinberg-Tardos,Intermediate,planned,md/07-Computer-Science-and-Technology-Concepts/01-COMPUTING-FUNDAMENTALS/Algorithm-Design-Kleinberg-Tardos.md,nonfiction,summary,detailed,Foundation,,
1076,1076,P0,Design Patterns: Elements of Reusable Object-Oriented Software,Erich Gamma; Richard Helm; Ralph Johnson; John Vlissides,1994,1994,1994,07-Computer Science & Technology Concepts,Computer Science & Technology Concepts,02-SOFTWARE-ENGINEERING,Software Design,Design Principles,Design-Patterns-GoF,Intermediate,planned,md/07-Computer-Science-and-Technology-Concepts/02-SOFTWARE-ENGINEERING/Design-Patterns-GoF.md,nonfiction,summary,detailed,Foundation,,
1077,1077,P0,Head First Design Patterns: A Brain-Friendly Guide,Eric Freeman; Elisabeth Robson,2004,2020,2004,07-Computer Science & Technology Concepts,Computer Science & Technology Concepts,02-SOFTWARE-ENGINEERING,Software Design,Design Principles,Head-First-Design-Patterns,Intermediate,planned,md/07-Computer-Science-and-Technology-Concepts/02-SOFTWARE-ENGINEERING/Head-First-Design-Patterns.md,nonfiction,summary,detailed,Foundation,,
1078,1078,P0,A Philosophy of Software Design,John Ousterhout,2018,2021,2018,07-Computer Science & Technology Concepts,Computer Science & Technology Concepts,02-SOFTWARE-ENGINEERING,Software Design,Design Principles,A-Philosophy-of-Software-Design,Intermediate,planned,md/07-Computer-Science-and-Technology-Concepts/02-SOFTWARE-ENGINEERING/A-Philosophy-of-Software-Design.md,nonfiction,summary,detailed,Foundation,,
1079,1079,P0,Clean Architecture: A Craftsman's Guide to Software Structure and Design,Robert C. Martin,2017,2017,2017,07-Computer Science & Technology Concepts,Computer Science & Technology Concepts,02-SOFTWARE-ENGINEERING,Software Design,Design Principles,Clean-Architecture,Intermediate,planned,md/07-Computer-Science-and-Technology-Concepts/02-SOFTWARE-ENGINEERING/Clean-Architecture.md,nonfiction,summary,detailed,Foundation,,
1080,1080,P0,Domain-Driven Design: Tackling Complexity in the Heart of Software,Eric Evans,2003,2003,2003,07-Computer Science & Technology Concepts,Computer Science & Technology Concepts,02-SOFTWARE-ENGINEERING,Software Design,Design Principles,Domain-Driven-Design-Evans,Intermediate,planned,md/07-Computer-Science-and-Technology-Concepts/02-SOFTWARE-ENGINEERING/Domain-Driven-Design-Evans.md,nonfiction,summary,detailed,Foundation,,
1081,1081,P0,Software Architecture in Practice,Len Bass; Paul Clements; Rick Kazman,1998,2021,1998,07-Computer Science & Technology Concepts,Computer Science & Technology Concepts,02-SOFTWARE-ENGINEERING,Software Design,Architecture Concepts,Software-Architecture-in-Practice,Intermediate,planned,md/07-Computer-Science-and-Technology-Concepts/02-SOFTWARE-ENGINEERING/Software-Architecture-in-Practice.md,nonfiction,summary,detailed,Foundation,,
1082,1082,P0,Fundamentals of Software Architecture: An Engineering Approach,Mark Richards; Neal Ford,2020,2020,2020,07-Computer Science & Technology Concepts,Computer Science & Technology Concepts,02-SOFTWARE-ENGINEERING,Software Design,Architecture Concepts,Fundamentals-of-Software-Architecture,Intermediate,planned,md/07-Computer-Science-and-Technology-Concepts/02-SOFTWARE-ENGINEERING/Fundamentals-of-Software-Architecture.md,nonfiction,summary,detailed,Foundation,,
1083,1083,P0,Software Architecture: The Hard Parts: Modern Trade-Off Analyses for Distributed Architectures,Neal Ford; Mark Richards; Pramod Sadalage; Zhamak Dehghani,2021,2021,2021,07-Computer Science & Technology Concepts,Computer Science & Technology Concepts,02-SOFTWARE-ENGINEERING,Software Design,Architecture Concepts,Software-Architecture-The-Hard-Parts,Intermediate,planned,md/07-Computer-Science-and-Technology-Concepts/02-SOFTWARE-ENGINEERING/Software-Architecture-The-Hard-Parts.md,nonfiction,summary,detailed,Foundation,,
1084,1084,P1,Building Evolutionary Architectures: Automated Software Governance,Neal Ford; Rebecca Parsons; Patrick Kua; Pramod Sadalage,2017,2022,2017,07-Computer Science & Technology Concepts,Computer Science & Technology Concepts,02-SOFTWARE-ENGINEERING,Software Design,Architecture Concepts,Building-Evolutionary-Architectures,Intermediate,planned,md/07-Computer-Science-and-Technology-Concepts/02-SOFTWARE-ENGINEERING/Building-Evolutionary-Architectures.md,nonfiction,summary,detailed,Foundation,,
1085,1085,P0,Building Microservices: Designing Fine-Grained Systems,Sam Newman,2015,2021,2015,07-Computer Science & Technology Concepts,Computer Science & Technology Concepts,02-SOFTWARE-ENGINEERING,Software Design,Architecture Concepts,Building-Microservices-Newman,Intermediate,planned,md/07-Computer-Science-and-Technology-Concepts/02-SOFTWARE-ENGINEERING/Building-Microservices-Newman.md,nonfiction,summary,detailed,Foundation,,
1086,1086,P0,System Design Interview – An Insider's Guide: Volume 1,Alex Xu,2020,2020,2020,07-Computer Science & Technology Concepts,Computer Science & Technology Concepts,02-SOFTWARE-ENGINEERING,Software Design,System Design Thinking,System-Design-Interview-Vol-1,Intermediate,planned,md/07-Computer-Science-and-Technology-Concepts/02-SOFTWARE-ENGINEERING/System-Design-Interview-Vol-1.md,nonfiction,summary,detailed,Foundation,,
1087,1087,P0,System Design Interview – An Insider's Guide: Volume 2,Alex Xu; Sahn Lam,2022,2022,2022,07-Computer Science & Technology Concepts,Computer Science & Technology Concepts,02-SOFTWARE-ENGINEERING,Software Design,System Design Thinking,System-Design-Interview-Vol-2,Intermediate,planned,md/07-Computer-Science-and-Technology-Concepts/02-SOFTWARE-ENGINEERING/System-Design-Interview-Vol-2.md,nonfiction,summary,detailed,Foundation,,
1088,1088,P0,Release It!: Design and Deploy Production-Ready Software,Michael T. Nygard,2007,2018,2007,07-Computer Science & Technology Concepts,Computer Science & Technology Concepts,02-SOFTWARE-ENGINEERING,Software Design,System Design Thinking,Release-It-Nygard,Intermediate,planned,md/07-Computer-Science-and-Technology-Concepts/02-SOFTWARE-ENGINEERING/Release-It-Nygard.md,nonfiction,summary,detailed,Foundation,,
1089,1089,P0,"Enterprise Integration Patterns: Designing, Building, and Deploying Messaging Solutions",Gregor Hohpe; Bobby Woolf,2003,2003,2003,07-Computer Science & Technology Concepts,Computer Science & Technology Concepts,02-SOFTWARE-ENGINEERING,Software Design,System Design Thinking,Enterprise-Integration-Patterns,Intermediate,planned,md/07-Computer-Science-and-Technology-Concepts/02-SOFTWARE-ENGINEERING/Enterprise-Integration-Patterns.md,nonfiction,summary,detailed,Foundation,,
1090,1090,P1,The Software Architect Elevator: Redefining the Architect's Role in the Digital Enterprise,Gregor Hohpe,2020,2020,2020,07-Computer Science & Technology Concepts,Computer Science & Technology Concepts,02-SOFTWARE-ENGINEERING,Software Design,System Design Thinking,The-Software-Architect-Elevator,Intermediate,planned,md/07-Computer-Science-and-Technology-Concepts/02-SOFTWARE-ENGINEERING/The-Software-Architect-Elevator.md,nonfiction,summary,detailed,Foundation,,
1091,1091,P0,Clean Code: A Handbook of Agile Software Craftsmanship,Robert C. Martin,2008,2008,2008,07-Computer Science & Technology Concepts,Computer Science & Technology Concepts,02-SOFTWARE-ENGINEERING,Software Quality,Clean Code Concepts,Clean-Code,Intermediate,planned,md/07-Computer-Science-and-Technology-Concepts/02-SOFTWARE-ENGINEERING/Clean-Code.md,nonfiction,summary,detailed,Foundation,,
1092,1092,P0,The Pragmatic Programmer: Your Journey to Mastery,David Thomas; Andrew Hunt,1999,2019,1999,07-Computer Science & Technology Concepts,Computer Science & Technology Concepts,02-SOFTWARE-ENGINEERING,Software Quality,Clean Code Concepts,The-Pragmatic-Programmer,Intermediate,planned,md/07-Computer-Science-and-Technology-Concepts/02-SOFTWARE-ENGINEERING/The-Pragmatic-Programmer.md,nonfiction,summary,detailed,Foundation,,
1093,1093,P0,The Clean Coder: A Code of Conduct for Professional Programmers,Robert C. Martin,2011,2011,2011,07-Computer Science & Technology Concepts,Computer Science & Technology Concepts,02-SOFTWARE-ENGINEERING,Software Quality,Clean Code Concepts,The-Clean-Coder,Intermediate,planned,md/07-Computer-Science-and-Technology-Concepts/02-SOFTWARE-ENGINEERING/The-Clean-Coder.md,nonfiction,summary,detailed,Foundation,,
1094,1094,P0,Code Complete: A Practical Handbook of Software Construction,Steve McConnell,1993,2004,1993,07-Computer Science & Technology Concepts,Computer Science & Technology Concepts,02-SOFTWARE-ENGINEERING,Software Quality,Clean Code Concepts,Code-Complete,Intermediate,planned,md/07-Computer-Science-and-Technology-Concepts/02-SOFTWARE-ENGINEERING/Code-Complete.md,nonfiction,summary,detailed,Foundation,,
1095,1095,P1,The Art of Readable Code,Dustin Boswell; Trevor Foucher,2011,2011,2011,07-Computer Science & Technology Concepts,Computer Science & Technology Concepts,02-SOFTWARE-ENGINEERING,Software Quality,Clean Code Concepts,The-Art-of-Readable-Code,Intermediate,planned,md/07-Computer-Science-and-Technology-Concepts/02-SOFTWARE-ENGINEERING/The-Art-of-Readable-Code.md,nonfiction,summary,detailed,Foundation,,
1096,1096,P0,Refactoring: Improving the Design of Existing Code,Martin Fowler; Kent Beck,1999,2018,1999,07-Computer Science & Technology Concepts,Computer Science & Technology Concepts,02-SOFTWARE-ENGINEERING,Software Quality,Refactoring,Refactoring-Fowler,Intermediate,planned,md/07-Computer-Science-and-Technology-Concepts/02-SOFTWARE-ENGINEERING/Refactoring-Fowler.md,nonfiction,summary,detailed,Foundation,,
1097,1097,P0,Working Effectively with Legacy Code,Michael C. Feathers,2004,2004,2004,07-Computer Science & Technology Concepts,Computer Science & Technology Concepts,02-SOFTWARE-ENGINEERING,Software Quality,Refactoring,Working-Effectively-with-Legacy-Code,Intermediate,planned,md/07-Computer-Science-and-Technology-Concepts/02-SOFTWARE-ENGINEERING/Working-Effectively-with-Legacy-Code.md,nonfiction,summary,detailed,Foundation,,
1098,1098,P1,Refactoring to Patterns,Joshua Kerievsky,2004,2004,2004,07-Computer Science & Technology Concepts,Computer Science & Technology Concepts,02-SOFTWARE-ENGINEERING,Software Quality,Refactoring,Refactoring-to-Patterns,Intermediate,planned,md/07-Computer-Science-and-Technology-Concepts/02-SOFTWARE-ENGINEERING/Refactoring-to-Patterns.md,nonfiction,summary,detailed,Foundation,,
1099,1099,P2,"Modernizing Legacy Systems: Software Technologies, Engineering Processes and Business Practices",Robert C. Seacord; Daniel Plakosh; Grace A. Lewis,2003,2003,2003,07-Computer Science & Technology Concepts,Computer Science & Technology Concepts,02-SOFTWARE-ENGINEERING,Software Quality,Refactoring,Modernizing-Legacy-Systems,Intermediate,planned,md/07-Computer-Science-and-Technology-Concepts/02-SOFTWARE-ENGINEERING/Modernizing-Legacy-Systems.md,nonfiction,summary,detailed,Foundation,,
1100,1100,P1,Software Systems Architecture: Working with Stakeholders Using Viewpoints and Perspectives,Nick Rozanski; Eóin Woods,2005,2011,2005,07-Computer Science & Technology Concepts,Computer Science & Technology Concepts,02-SOFTWARE-ENGINEERING,Software Quality,Refactoring,Software-Systems-Architecture,Intermediate,planned,md/07-Computer-Science-and-Technology-Concepts/02-SOFTWARE-ENGINEERING/Software-Systems-Architecture.md,nonfiction,summary,detailed,Foundation,,
1101,1101,P0,Test Driven Development: By Example,Kent Beck,2002,2002,2002,07-Computer Science & Technology Concepts,Computer Science & Technology Concepts,02-SOFTWARE-ENGINEERING,Software Quality,Testing Philosophy,Test-Driven-Development-Beck,Intermediate,planned,md/07-Computer-Science-and-Technology-Concepts/02-SOFTWARE-ENGINEERING/Test-Driven-Development-Beck.md,nonfiction,summary,detailed,Foundation,,
1102,1102,P0,"Growing Object-Oriented Software, Guided by Tests",Steve Freeman; Nat Pryce,2009,2009,2009,07-Computer Science & Technology Concepts,Computer Science & Technology Concepts,02-SOFTWARE-ENGINEERING,Software Quality,Testing Philosophy,Growing-Object-Oriented-Software-Guided-by-Tests,Intermediate,planned,md/07-Computer-Science-and-Technology-Concepts/02-SOFTWARE-ENGINEERING/Growing-Object-Oriented-Software-Guided-by-Tests.md,nonfiction,summary,detailed,Foundation,,
1103,1103,P0,"Unit Testing Principles, Practices, and Patterns",Vladimir Khorikov,2020,2020,2020,07-Computer Science & Technology Concepts,Computer Science & Technology Concepts,02-SOFTWARE-ENGINEERING,Software Quality,Testing Philosophy,Unit-Testing-Khorikov,Intermediate,planned,md/07-Computer-Science-and-Technology-Concepts/02-SOFTWARE-ENGINEERING/Unit-Testing-Khorikov.md,nonfiction,summary,detailed,Foundation,,
1104,1104,P1,The Art of Software Testing,Glenford J. Myers; Corey Sandler; Tom Badgett,1979,2011,1979,07-Computer Science & Technology Concepts,Computer Science & Technology Concepts,02-SOFTWARE-ENGINEERING,Software Quality,Testing Philosophy,The-Art-of-Software-Testing,Intermediate,planned,md/07-Computer-Science-and-Technology-Concepts/02-SOFTWARE-ENGINEERING/The-Art-of-Software-Testing.md,nonfiction,summary,detailed,Foundation,,
1105,1105,P0,Software Engineering at Google: Lessons Learned from Programming Over Time,Titus Winters; Tom Manshreck; Hyrum Wright,2020,2020,2020,07-Computer Science & Technology Concepts,Computer Science & Technology Concepts,02-SOFTWARE-ENGINEERING,Software Quality,Testing Philosophy,Software-Engineering-at-Google,Intermediate,planned,md/07-Computer-Science-and-Technology-Concepts/02-SOFTWARE-ENGINEERING/Software-Engineering-at-Google.md,nonfiction,summary,detailed,Foundation,,
1106,1106,P0,"Continuous Delivery: Reliable Software Releases through Build, Test, and Deployment Automation",Jez Humble; David Farley,2010,2010,2010,07-Computer Science & Technology Concepts,Computer Science & Technology Concepts,02-SOFTWARE-ENGINEERING,Software Delivery,Agile Concepts,Continuous-Delivery-Humble,Intermediate,planned,md/07-Computer-Science-and-Technology-Concepts/02-SOFTWARE-ENGINEERING/Continuous-Delivery-Humble.md,nonfiction,summary,detailed,Foundation,,
1107,1107,P0,Extreme Programming Explained: Embrace Change,Kent Beck; Cynthia Andres,1999,2004,1999,07-Computer Science & Technology Concepts,Computer Science & Technology Concepts,02-SOFTWARE-ENGINEERING,Software Delivery,Agile Concepts,Extreme-Programming-Explained,Intermediate,planned,md/07-Computer-Science-and-Technology-Concepts/02-SOFTWARE-ENGINEERING/Extreme-Programming-Explained.md,nonfiction,summary,detailed,Foundation,,
1108,1108,P0,"User Story Mapping: Discover the Whole Story, Build the Right Product",Jeff Patton; Peter Economy,2014,2014,2014,07-Computer Science & Technology Concepts,Computer Science & Technology Concepts,02-SOFTWARE-ENGINEERING,Software Delivery,Agile Concepts,User-Story-Mapping,Intermediate,planned,md/07-Computer-Science-and-Technology-Concepts/02-SOFTWARE-ENGINEERING/User-Story-Mapping.md,nonfiction,summary,detailed,Foundation,,
1109,1109,P1,Scrum: The Art of Doing Twice the Work in Half the Time,Jeff Sutherland,2014,2014,2014,07-Computer Science & Technology Concepts,Computer Science & Technology Concepts,02-SOFTWARE-ENGINEERING,Software Delivery,Agile Concepts,Scrum-Sutherland,Intermediate,planned,md/07-Computer-Science-and-Technology-Concepts/02-SOFTWARE-ENGINEERING/Scrum-Sutherland.md,nonfiction,summary,detailed,Foundation,,
1110,1110,P0,Modern Software Engineering: Doing What Works to Build Better Software Faster,David Farley,2021,2021,2021,07-Computer Science & Technology Concepts,Computer Science & Technology Concepts,02-SOFTWARE-ENGINEERING,Software Delivery,Agile Concepts,Modern-Software-Engineering-Farley,Intermediate,planned,md/07-Computer-Science-and-Technology-Concepts/02-SOFTWARE-ENGINEERING/Modern-Software-Engineering-Farley.md,nonfiction,summary,detailed,Foundation,,
1111,1111,P0,Site Reliability Engineering: How Google Runs Production Systems,Niall Richard Murphy; Betsy Beyer; Chris Jones; Jennifer Petoff,2016,2016,2016,07-Computer Science & Technology Concepts,Computer Science & Technology Concepts,02-SOFTWARE-ENGINEERING,Software Delivery,DevOps & Reliability,Site-Reliability-Engineering,Intermediate,planned,md/07-Computer-Science-and-Technology-Concepts/02-SOFTWARE-ENGINEERING/Site-Reliability-Engineering.md,nonfiction,summary,detailed,Foundation,,
1112,1112,P1,The Site Reliability Workbook: Practical Ways to Implement SRE,Betsy Beyer; Niall Richard Murphy; David K. Rensin; Kent Kawahara; Stephen Thorne,2018,2018,2018,07-Computer Science & Technology Concepts,Computer Science & Technology Concepts,02-SOFTWARE-ENGINEERING,Software Delivery,DevOps & Reliability,The-Site-Reliability-Workbook,Intermediate,planned,md/07-Computer-Science-and-Technology-Concepts/02-SOFTWARE-ENGINEERING/The-Site-Reliability-Workbook.md,nonfiction,summary,detailed,Foundation,,
1113,1113,P0,"The DevOps Handbook: How to Create World-Class Agility, Reliability, and Security in Technology Organizations",Gene Kim; Jez Humble; Patrick Debois; John Willis,2016,2021,2016,07-Computer Science & Technology Concepts,Computer Science & Technology Concepts,02-SOFTWARE-ENGINEERING,Software Delivery,DevOps & Reliability,The-DevOps-Handbook,Intermediate,planned,md/07-Computer-Science-and-Technology-Concepts/02-SOFTWARE-ENGINEERING/The-DevOps-Handbook.md,nonfiction,summary,detailed,Foundation,,
1114,1114,P0,Accelerate: The Science of Lean Software and DevOps: Building and Scaling High Performing Technology Organizations,Nicole Forsgren; Jez Humble; Gene Kim,2018,2018,2018,07-Computer Science & Technology Concepts,Computer Science & Technology Concepts,02-SOFTWARE-ENGINEERING,Software Delivery,DevOps & Reliability,Accelerate-Forsgren,Intermediate,planned,md/07-Computer-Science-and-Technology-Concepts/02-SOFTWARE-ENGINEERING/Accelerate-Forsgren.md,nonfiction,summary,detailed,Foundation,,
1115,1115,P1,Chaos Engineering: System Resiliency in Practice,Casey Rosenthal; Nora Jones,2020,2020,2020,07-Computer Science & Technology Concepts,Computer Science & Technology Concepts,02-SOFTWARE-ENGINEERING,Software Delivery,DevOps & Reliability,Chaos-Engineering-Rosenthal,Intermediate,planned,md/07-Computer-Science-and-Technology-Concepts/02-SOFTWARE-ENGINEERING/Chaos-Engineering-Rosenthal.md,nonfiction,summary,detailed,Foundation,,
1116,1116,P0,Team Topologies: Organizing Business and Technology Teams for Fast Flow,Matthew Skelton; Manuel Pais,2019,2019,2019,07-Computer Science & Technology Concepts,Computer Science & Technology Concepts,02-SOFTWARE-ENGINEERING,Software Delivery,Engineering Organizations,Team-Topologies,Intermediate,planned,md/07-Computer-Science-and-Technology-Concepts/02-SOFTWARE-ENGINEERING/Team-Topologies.md,nonfiction,summary,detailed,Foundation,,
1117,1117,P0,The Mythical Man-Month: Essays on Software Engineering,Frederick P. Brooks Jr.,1975,1995,1975,07-Computer Science & Technology Concepts,Computer Science & Technology Concepts,02-SOFTWARE-ENGINEERING,Software Delivery,Engineering Organizations,The-Mythical-Man-Month,Intermediate,planned,md/07-Computer-Science-and-Technology-Concepts/02-SOFTWARE-ENGINEERING/The-Mythical-Man-Month.md,nonfiction,summary,detailed,Foundation,,
1118,1118,P0,An Elegant Puzzle: Systems of Engineering Management,Will Larson,2019,2019,2019,07-Computer Science & Technology Concepts,Computer Science & Technology Concepts,02-SOFTWARE-ENGINEERING,Software Delivery,Engineering Organizations,An-Elegant-Puzzle,Intermediate,planned,md/07-Computer-Science-and-Technology-Concepts/02-SOFTWARE-ENGINEERING/An-Elegant-Puzzle.md,nonfiction,summary,detailed,Foundation,,
1119,1119,P0,Staff Engineer: Leadership Beyond the Management Track,Will Larson,2021,2021,2021,07-Computer Science & Technology Concepts,Computer Science & Technology Concepts,02-SOFTWARE-ENGINEERING,Software Delivery,Engineering Organizations,Staff-Engineer-Larson,Intermediate,planned,md/07-Computer-Science-and-Technology-Concepts/02-SOFTWARE-ENGINEERING/Staff-Engineer-Larson.md,nonfiction,summary,detailed,Foundation,,
1120,1120,P0,The Manager's Path: A Guide for Tech Leaders Navigating Growth and Change,Camille Fournier,2017,2017,2017,07-Computer Science & Technology Concepts,Computer Science & Technology Concepts,02-SOFTWARE-ENGINEERING,Software Delivery,Engineering Organizations,The-Managers-Path,Intermediate,planned,md/07-Computer-Science-and-Technology-Concepts/02-SOFTWARE-ENGINEERING/The-Managers-Path.md,nonfiction,summary,detailed,Foundation,,
1121,1121,P0,Fundamentals of Data Engineering: Plan and Build Robust Data Systems,Joe Reis; Matt Housley,2022,2022,2022,07-Computer Science & Technology Concepts,Computer Science & Technology Concepts,03-DATA-DIGITAL-SYSTEMS,Data,Data Systems,Fundamentals-of-Data-Engineering,Intermediate,planned,md/07-Computer-Science-and-Technology-Concepts/03-DATA-DIGITAL-SYSTEMS/Fundamentals-of-Data-Engineering.md,nonfiction,summary,detailed,Foundation,,
1122,1122,P0,Data Mesh: Delivering Data-Driven Value at Scale,Zhamak Dehghani,2022,2022,2022,07-Computer Science & Technology Concepts,Computer Science & Technology Concepts,03-DATA-DIGITAL-SYSTEMS,Data,Data Systems,Data-Mesh-Dehghani,Intermediate,planned,md/07-Computer-Science-and-Technology-Concepts/03-DATA-DIGITAL-SYSTEMS/Data-Mesh-Dehghani.md,nonfiction,summary,detailed,Foundation,,
1123,1123,P0,"Streaming Systems: The What, Where, When, and How of Large-Scale Data Processing",Tyler Akidau; Slava Chernyak; Reuven Lax,2018,2018,2018,07-Computer Science & Technology Concepts,Computer Science & Technology Concepts,03-DATA-DIGITAL-SYSTEMS,Data,Data Systems,Streaming-Systems,Intermediate,planned,md/07-Computer-Science-and-Technology-Concepts/03-DATA-DIGITAL-SYSTEMS/Streaming-Systems.md,nonfiction,summary,detailed,Foundation,,
1124,1124,P2,"Making Data Talk: Communicating Public Health Data to the Public, Policy Makers, and the Press",David E. Nelson,2009,2009,2009,07-Computer Science & Technology Concepts,Computer Science & Technology Concepts,03-DATA-DIGITAL-SYSTEMS,Data,Data Systems,Making-Data-Talk,Intermediate,planned,md/07-Computer-Science-and-Technology-Concepts/03-DATA-DIGITAL-SYSTEMS/Making-Data-Talk.md,nonfiction,summary,detailed,Foundation,,
1125,1125,P1,"Big Data: A Revolution That Will Transform How We Live, Work, and Think",Viktor Mayer-Schönberger; Kenneth Cukier,2013,2014,2013,07-Computer Science & Technology Concepts,Computer Science & Technology Concepts,03-DATA-DIGITAL-SYSTEMS,Data,Data Systems,Big-Data-Mayer-Schonberger,Intermediate,planned,md/07-Computer-Science-and-Technology-Concepts/03-DATA-DIGITAL-SYSTEMS/Big-Data-Mayer-Schonberger.md,nonfiction,summary,detailed,Foundation,,
1126,1126,P0,Database System Concepts,Abraham Silberschatz; Henry F. Korth; S. Sudarshan,1986,2019,1986,07-Computer Science & Technology Concepts,Computer Science & Technology Concepts,03-DATA-DIGITAL-SYSTEMS,Data,Databases Concepts,Database-System-Concepts,Intermediate,planned,md/07-Computer-Science-and-Technology-Concepts/03-DATA-DIGITAL-SYSTEMS/Database-System-Concepts.md,nonfiction,summary,detailed,Foundation,,
1127,1127,P0,Seven Databases in Seven Weeks: A Guide to Modern Databases and the NoSQL Movement,Luc Perkins; Eric Redmond; Jim Wilson,2012,2018,2012,07-Computer Science & Technology Concepts,Computer Science & Technology Concepts,03-DATA-DIGITAL-SYSTEMS,Data,Databases Concepts,Seven-Databases-in-Seven-Weeks,Intermediate,planned,md/07-Computer-Science-and-Technology-Concepts/03-DATA-DIGITAL-SYSTEMS/Seven-Databases-in-Seven-Weeks.md,nonfiction,summary,detailed,Foundation,,
1128,1128,P0,Readings in Database Systems (The Red Book),Peter Bailis; Joseph M. Hellerstein; Michael Stonebraker,1988,2015,1988,07-Computer Science & Technology Concepts,Computer Science & Technology Concepts,03-DATA-DIGITAL-SYSTEMS,Data,Databases Concepts,Readings-in-Database-Systems,Intermediate,planned,md/07-Computer-Science-and-Technology-Concepts/03-DATA-DIGITAL-SYSTEMS/Readings-in-Database-Systems.md,nonfiction,summary,detailed,Foundation,,
1129,1129,P1,NoSQL Distilled: A Brief Guide to the Emerging World of Polyglot Persistence,Pramod J. Sadalage; Martin Fowler,2012,2012,2012,07-Computer Science & Technology Concepts,Computer Science & Technology Concepts,03-DATA-DIGITAL-SYSTEMS,Data,Databases Concepts,NoSQL-Distilled,Intermediate,planned,md/07-Computer-Science-and-Technology-Concepts/03-DATA-DIGITAL-SYSTEMS/NoSQL-Distilled.md,nonfiction,summary,detailed,Foundation,,
1130,1130,P1,SQL and Relational Theory: How to Write Accurate SQL Code,C.J. Date,2009,2020,2009,07-Computer Science & Technology Concepts,Computer Science & Technology Concepts,03-DATA-DIGITAL-SYSTEMS,Data,Databases Concepts,SQL-and-Relational-Theory,Intermediate,planned,md/07-Computer-Science-and-Technology-Concepts/03-DATA-DIGITAL-SYSTEMS/SQL-and-Relational-Theory.md,nonfiction,summary,detailed,Foundation,,
1131,1131,P0,The Data Warehouse Toolkit: The Definitive Guide to Dimensional Modeling,Ralph Kimball; Margy Ross,1996,2013,1996,07-Computer Science & Technology Concepts,Computer Science & Technology Concepts,03-DATA-DIGITAL-SYSTEMS,Data,Data Engineering Concepts,The-Data-Warehouse-Toolkit,Intermediate,planned,md/07-Computer-Science-and-Technology-Concepts/03-DATA-DIGITAL-SYSTEMS/The-Data-Warehouse-Toolkit.md,nonfiction,summary,detailed,Foundation,,
1132,1132,P1,Building a Scalable Data Warehouse with Data Vault 2.0,Dan Linstedt; Michael Olschimke,2015,2015,2015,07-Computer Science & Technology Concepts,Computer Science & Technology Concepts,03-DATA-DIGITAL-SYSTEMS,Data,Data Engineering Concepts,Building-a-Scalable-Data-Warehouse-Data-Vault,Intermediate,planned,md/07-Computer-Science-and-Technology-Concepts/03-DATA-DIGITAL-SYSTEMS/Building-a-Scalable-Data-Warehouse-Data-Vault.md,nonfiction,summary,detailed,Foundation,,
1133,1133,P0,Kafka: The Definitive Guide: Real-Time Data and Stream Processing at Scale,Gwen Shapira; Todd Palino; Rajini Sivaram; Krit Petty,2017,2021,2017,07-Computer Science & Technology Concepts,Computer Science & Technology Concepts,03-DATA-DIGITAL-SYSTEMS,Data,Data Engineering Concepts,Kafka-The-Definitive-Guide,Intermediate,planned,md/07-Computer-Science-and-Technology-Concepts/03-DATA-DIGITAL-SYSTEMS/Kafka-The-Definitive-Guide.md,nonfiction,summary,detailed,Foundation,,
1134,1134,P0,Learning Spark: Lightning-Fast Data Analytics,Jules S. Damji; Brooke Wenig; Tathagata Das; Denny Lee,2015,2020,2015,07-Computer Science & Technology Concepts,Computer Science & Technology Concepts,03-DATA-DIGITAL-SYSTEMS,Data,Data Engineering Concepts,Learning-Spark,Intermediate,planned,md/07-Computer-Science-and-Technology-Concepts/03-DATA-DIGITAL-SYSTEMS/Learning-Spark.md,nonfiction,summary,detailed,Foundation,,
1135,1135,P1,Data Pipelines Pocket Reference: Moving and Processing Data for Analytics,James Densmore,2021,2021,2021,07-Computer Science & Technology Concepts,Computer Science & Technology Concepts,03-DATA-DIGITAL-SYSTEMS,Data,Data Engineering Concepts,Data-Pipelines-Pocket-Reference,Intermediate,planned,md/07-Computer-Science-and-Technology-Concepts/03-DATA-DIGITAL-SYSTEMS/Data-Pipelines-Pocket-Reference.md,nonfiction,summary,detailed,Foundation,,
1136,1136,P0,Tubes: A Journey to the Center of the Internet,Andrew Blum,2012,2013,2012,07-Computer Science & Technology Concepts,Computer Science & Technology Concepts,03-DATA-DIGITAL-SYSTEMS,Internet & Digital Infrastructure,Internet Architecture,Tubes-Blum,Intermediate,planned,md/07-Computer-Science-and-Technology-Concepts/03-DATA-DIGITAL-SYSTEMS/Tubes-Blum.md,nonfiction,summary,detailed,Foundation,,
1137,1137,P0,The Master Switch: The Rise and Fall of Information Empires,Tim Wu,2010,2011,2010,07-Computer Science & Technology Concepts,Computer Science & Technology Concepts,03-DATA-DIGITAL-SYSTEMS,Internet & Digital Infrastructure,Internet Architecture,The-Master-Switch,Intermediate,planned,md/07-Computer-Science-and-Technology-Concepts/03-DATA-DIGITAL-SYSTEMS/The-Master-Switch.md,nonfiction,summary,detailed,Foundation,,
1138,1138,P1,The Undersea Network,Nicole Starosielski,2015,2015,2015,07-Computer Science & Technology Concepts,Computer Science & Technology Concepts,03-DATA-DIGITAL-SYSTEMS,Internet & Digital Infrastructure,Internet Architecture,The-Undersea-Network,Intermediate,planned,md/07-Computer-Science-and-Technology-Concepts/03-DATA-DIGITAL-SYSTEMS/The-Undersea-Network.md,nonfiction,summary,detailed,Foundation,,
1139,1139,P1,The Internet: A Very Short Introduction,Subrata Dasgupta,2014,2014,2014,07-Computer Science & Technology Concepts,Computer Science & Technology Concepts,03-DATA-DIGITAL-SYSTEMS,Internet & Digital Infrastructure,Internet Architecture,The-Internet-A-Very-Short-Introduction,Intermediate,planned,md/07-Computer-Science-and-Technology-Concepts/03-DATA-DIGITAL-SYSTEMS/The-Internet-A-Very-Short-Introduction.md,nonfiction,summary,detailed,Foundation,,
1140,1140,P0,Code and Other Laws of Cyberspace,Lawrence Lessig,1999,2006,1999,07-Computer Science & Technology Concepts,Computer Science & Technology Concepts,03-DATA-DIGITAL-SYSTEMS,Internet & Digital Infrastructure,Internet Architecture,Code-and-Other-Laws-of-Cyberspace,Intermediate,planned,md/07-Computer-Science-and-Technology-Concepts/03-DATA-DIGITAL-SYSTEMS/Code-and-Other-Laws-of-Cyberspace.md,nonfiction,summary,detailed,Foundation,,
1141,1141,P0,Cloud Strategy: A Decision-Based Approach to Successful Cloud Migration,Gregor Hohpe,2020,2020,2020,07-Computer Science & Technology Concepts,Computer Science & Technology Concepts,03-DATA-DIGITAL-SYSTEMS,Internet & Digital Infrastructure,Cloud Computing Concepts,Cloud-Strategy-Hohpe,Intermediate,planned,md/07-Computer-Science-and-Technology-Concepts/03-DATA-DIGITAL-SYSTEMS/Cloud-Strategy-Hohpe.md,nonfiction,summary,detailed,Foundation,,
1142,1142,P0,Cloud Native Patterns: Designing change-tolerant software,Cornelia Davis,2019,2019,2019,07-Computer Science & Technology Concepts,Computer Science & Technology Concepts,03-DATA-DIGITAL-SYSTEMS,Internet & Digital Infrastructure,Cloud Computing Concepts,Cloud-Native-Patterns,Intermediate,planned,md/07-Computer-Science-and-Technology-Concepts/03-DATA-DIGITAL-SYSTEMS/Cloud-Native-Patterns.md,nonfiction,summary,detailed,Foundation,,
1143,1143,P0,Kubernetes: Up and Running: Dive into the Future of Infrastructure,Brendan Burns; Joe Beda; Kelsey Hightower; Lachlan Evenson,2017,2022,2017,07-Computer Science & Technology Concepts,Computer Science & Technology Concepts,03-DATA-DIGITAL-SYSTEMS,Internet & Digital Infrastructure,Cloud Computing Concepts,Kubernetes-Up-and-Running,Intermediate,planned,md/07-Computer-Science-and-Technology-Concepts/03-DATA-DIGITAL-SYSTEMS/Kubernetes-Up-and-Running.md,nonfiction,summary,detailed,Foundation,,
1144,1144,P1,Serverless Architectures on AWS,Peter Sbarski; Yan Cui,2017,2022,2017,07-Computer Science & Technology Concepts,Computer Science & Technology Concepts,03-DATA-DIGITAL-SYSTEMS,Internet & Digital Infrastructure,Cloud Computing Concepts,Serverless-Architectures-on-AWS,Intermediate,planned,md/07-Computer-Science-and-Technology-Concepts/03-DATA-DIGITAL-SYSTEMS/Serverless-Architectures-on-AWS.md,nonfiction,summary,detailed,Foundation,,
1145,1145,P0,Infrastructure as Code: Dynamic Systems for the Cloud Age,Kief Morris,2016,2020,2016,07-Computer Science & Technology Concepts,Computer Science & Technology Concepts,03-DATA-DIGITAL-SYSTEMS,Internet & Digital Infrastructure,Cloud Computing Concepts,Infrastructure-as-Code-Morris,Intermediate,planned,md/07-Computer-Science-and-Technology-Concepts/03-DATA-DIGITAL-SYSTEMS/Infrastructure-as-Code-Morris.md,nonfiction,summary,detailed,Foundation,,
1146,1146,P0,Countdown to Zero Day: Stuxnet and the Launch of the World's First Digital Weapon,Kim Zetter,2014,2015,2014,07-Computer Science & Technology Concepts,Computer Science & Technology Concepts,03-DATA-DIGITAL-SYSTEMS,Digital Security & Privacy,Cybersecurity Concepts,Countdown-to-Zero-Day,Intermediate,planned,md/07-Computer-Science-and-Technology-Concepts/03-DATA-DIGITAL-SYSTEMS/Countdown-to-Zero-Day.md,nonfiction,summary,detailed,Foundation,,
1147,1147,P0,Sandworm: A New Era of Cyberwar and the Hunt for the Kremlin's Most Dangerous Hackers,Andy Greenberg,2019,2020,2019,07-Computer Science & Technology Concepts,Computer Science & Technology Concepts,03-DATA-DIGITAL-SYSTEMS,Digital Security & Privacy,Cybersecurity Concepts,Sandworm-Greenberg,Intermediate,planned,md/07-Computer-Science-and-Technology-Concepts/03-DATA-DIGITAL-SYSTEMS/Sandworm-Greenberg.md,nonfiction,summary,detailed,Foundation,,
1148,1148,P0,This Is How They Tell Me the World Ends: The Cyberweapons Arms Race,Nicole Perlroth,2021,2021,2021,07-Computer Science & Technology Concepts,Computer Science & Technology Concepts,03-DATA-DIGITAL-SYSTEMS,Digital Security & Privacy,Cybersecurity Concepts,This-Is-How-They-Tell-Me-the-World-Ends,Intermediate,planned,md/07-Computer-Science-and-Technology-Concepts/03-DATA-DIGITAL-SYSTEMS/This-Is-How-They-Tell-Me-the-World-Ends.md,nonfiction,summary,detailed,Foundation,,
1149,1149,P0,The Cuckoo's Egg: Tracking a Spy Through the Maze of Computer Espionage,Cliff Stoll,1989,2005,1989,07-Computer Science & Technology Concepts,Computer Science & Technology Concepts,03-DATA-DIGITAL-SYSTEMS,Digital Security & Privacy,Cybersecurity Concepts,The-Cuckoos-Egg,Intermediate,planned,md/07-Computer-Science-and-Technology-Concepts/03-DATA-DIGITAL-SYSTEMS/The-Cuckoos-Egg.md,nonfiction,summary,detailed,Foundation,,
1150,1150,P0,Ghost in the Wires: My Adventures as the World's Most Wanted Hacker,Kevin Mitnick; William L. Simon,2011,2012,2011,07-Computer Science & Technology Concepts,Computer Science & Technology Concepts,03-DATA-DIGITAL-SYSTEMS,Digital Security & Privacy,Cybersecurity Concepts,Ghost-in-the-Wires,Intermediate,planned,md/07-Computer-Science-and-Technology-Concepts/03-DATA-DIGITAL-SYSTEMS/Ghost-in-the-Wires.md,nonfiction,summary,detailed,Foundation,,
1151,1151,P0,The Age of Surveillance Capitalism: The Fight for a Human Future at the New Frontier of Power,Shoshana Zuboff,2019,2019,2019,07-Computer Science & Technology Concepts,Computer Science & Technology Concepts,03-DATA-DIGITAL-SYSTEMS,Digital Security & Privacy,Digital Privacy,The-Age-of-Surveillance-Capitalism,Intermediate,planned,md/07-Computer-Science-and-Technology-Concepts/03-DATA-DIGITAL-SYSTEMS/The-Age-of-Surveillance-Capitalism.md,nonfiction,summary,detailed,Foundation,,
1152,1152,P0,Data and Goliath: The Hidden Battles to Collect Your Data and Control Your World,Bruce Schneier,2015,2016,2015,07-Computer Science & Technology Concepts,Computer Science & Technology Concepts,03-DATA-DIGITAL-SYSTEMS,Digital Security & Privacy,Digital Privacy,Data-and-Goliath,Intermediate,planned,md/07-Computer-Science-and-Technology-Concepts/03-DATA-DIGITAL-SYSTEMS/Data-and-Goliath.md,nonfiction,summary,detailed,Foundation,,
1153,1153,P0,"A Hacker's Mind: How the Powerful Bend Society's Rules, and How to Bend Them Back",Bruce Schneier,2023,2023,2023,07-Computer Science & Technology Concepts,Computer Science & Technology Concepts,03-DATA-DIGITAL-SYSTEMS,Digital Security & Privacy,Digital Privacy,A-Hackers-Mind,Intermediate,planned,md/07-Computer-Science-and-Technology-Concepts/03-DATA-DIGITAL-SYSTEMS/A-Hackers-Mind.md,nonfiction,summary,detailed,Foundation,,
1154,1154,P1,Secrets and Lies: Digital Security in a Networked World,Bruce Schneier,2000,2015,2000,07-Computer Science & Technology Concepts,Computer Science & Technology Concepts,03-DATA-DIGITAL-SYSTEMS,Digital Security & Privacy,Digital Privacy,Secrets-and-Lies-Schneier,Intermediate,planned,md/07-Computer-Science-and-Technology-Concepts/03-DATA-DIGITAL-SYSTEMS/Secrets-and-Lies-Schneier.md,nonfiction,summary,detailed,Foundation,,
1155,1155,P0,Permanent Record,Edward Snowden,2019,2019,2019,07-Computer Science & Technology Concepts,Computer Science & Technology Concepts,03-DATA-DIGITAL-SYSTEMS,Digital Security & Privacy,Digital Privacy,Permanent-Record-Snowden,Intermediate,planned,md/07-Computer-Science-and-Technology-Concepts/03-DATA-DIGITAL-SYSTEMS/Permanent-Record-Snowden.md,nonfiction,summary,detailed,Foundation,,
1156,1156,P0,"The Second Machine Age: Work, Progress, and Prosperity in a Time of Brilliant Technologies",Erik Brynjolfsson; Andrew McAfee,2014,2016,2014,07-Computer Science & Technology Concepts,Computer Science & Technology Concepts,04-TECHNOLOGY-SOCIETY,Digital Transformation,Digital Business,The-Second-Machine-Age,Intermediate,planned,md/07-Computer-Science-and-Technology-Concepts/04-TECHNOLOGY-SOCIETY/The-Second-Machine-Age.md,nonfiction,summary,detailed,Foundation,,
1157,1157,P0,"Machine, Platform, Crowd: Harnessing Our Digital Future",Andrew McAfee; Erik Brynjolfsson,2017,2017,2017,07-Computer Science & Technology Concepts,Computer Science & Technology Concepts,04-TECHNOLOGY-SOCIETY,Digital Transformation,Digital Business,Machine-Platform-Crowd,Intermediate,planned,md/07-Computer-Science-and-Technology-Concepts/04-TECHNOLOGY-SOCIETY/Machine-Platform-Crowd.md,nonfiction,summary,detailed,Foundation,,
1158,1158,P1,Leading Digital: Turning Technology into Business Transformation,George Westerman; Didier Bonnet; Andrew McAfee,2014,2014,2014,07-Computer Science & Technology Concepts,Computer Science & Technology Concepts,04-TECHNOLOGY-SOCIETY,Digital Transformation,Digital Business,Leading-Digital,Intermediate,planned,md/07-Computer-Science-and-Technology-Concepts/04-TECHNOLOGY-SOCIETY/Leading-Digital.md,nonfiction,summary,detailed,Foundation,,
1159,1159,P0,The Digital Transformation Playbook: Rethink Your Business for the Digital Age,David L. Rogers,2016,2016,2016,07-Computer Science & Technology Concepts,Computer Science & Technology Concepts,04-TECHNOLOGY-SOCIETY,Digital Transformation,Digital Business,The-Digital-Transformation-Playbook,Intermediate,planned,md/07-Computer-Science-and-Technology-Concepts/04-TECHNOLOGY-SOCIETY/The-Digital-Transformation-Playbook.md,nonfiction,summary,detailed,Foundation,,
1160,1160,P0,The Geek Way: The Radical Mindset that Drives Extraordinary Results,Andrew McAfee,2023,2023,2023,07-Computer Science & Technology Concepts,Computer Science & Technology Concepts,04-TECHNOLOGY-SOCIETY,Digital Transformation,Digital Business,The-Geek-Way,Intermediate,planned,md/07-Computer-Science-and-Technology-Concepts/04-TECHNOLOGY-SOCIETY/The-Geek-Way.md,nonfiction,summary,detailed,Foundation,,
1161,1161,P1,"Platform Leadership: How Intel, Microsoft, and Cisco Drive Industry Innovation",Annabelle Gawer; Michael A. Cusumano,2002,2002,2002,07-Computer Science & Technology Concepts,Computer Science & Technology Concepts,04-TECHNOLOGY-SOCIETY,Digital Transformation,Platform Economies,Platform-Leadership,Intermediate,planned,md/07-Computer-Science-and-Technology-Concepts/04-TECHNOLOGY-SOCIETY/Platform-Leadership.md,nonfiction,summary,detailed,Foundation,,
1162,1162,P1,The Sharing Economy: The End of Employment and the Rise of Crowd-Based Capitalism,Arun Sundararajan,2016,2016,2016,07-Computer Science & Technology Concepts,Computer Science & Technology Concepts,04-TECHNOLOGY-SOCIETY,Digital Transformation,Platform Economies,The-Sharing-Economy,Intermediate,planned,md/07-Computer-Science-and-Technology-Concepts/04-TECHNOLOGY-SOCIETY/The-Sharing-Economy.md,nonfiction,summary,detailed,Foundation,,
1163,1163,P0,Chokepoint Capitalism: How Big Tech and Big Content Captured Creative Labor Markets and How We'll Win Them Back,Cory Doctorow; Rebecca Giblin,2022,2022,2022,07-Computer Science & Technology Concepts,Computer Science & Technology Concepts,04-TECHNOLOGY-SOCIETY,Digital Transformation,Platform Economies,Chokepoint-Capitalism,Intermediate,planned,md/07-Computer-Science-and-Technology-Concepts/04-TECHNOLOGY-SOCIETY/Chokepoint-Capitalism.md,nonfiction,summary,detailed,Foundation,,
1164,1164,P1,The Internet Con: How to Seize the Means of Computation,Cory Doctorow,2023,2023,2023,07-Computer Science & Technology Concepts,Computer Science & Technology Concepts,04-TECHNOLOGY-SOCIETY,Digital Transformation,Platform Economies,The-Internet-Con,Intermediate,planned,md/07-Computer-Science-and-Technology-Concepts/04-TECHNOLOGY-SOCIETY/The-Internet-Con.md,nonfiction,summary,detailed,Foundation,,
1165,1165,P1,"Move Fast and Break Things: How Facebook, Google, and Amazon Cornered Culture and Undermined Democracy",Jonathan Taplin,2017,2017,2017,07-Computer Science & Technology Concepts,Computer Science & Technology Concepts,04-TECHNOLOGY-SOCIETY,Digital Transformation,Platform Economies,Move-Fast-and-Break-Things,Intermediate,planned,md/07-Computer-Science-and-Technology-Concepts/04-TECHNOLOGY-SOCIETY/Move-Fast-and-Break-Things.md,nonfiction,summary,detailed,Foundation,,
1166,1166,P0,What Technology Wants,Kevin Kelly,2010,2011,2010,07-Computer Science & Technology Concepts,Computer Science & Technology Concepts,04-TECHNOLOGY-SOCIETY,Digital Transformation,Technological Change,What-Technology-Wants,Intermediate,planned,md/07-Computer-Science-and-Technology-Concepts/04-TECHNOLOGY-SOCIETY/What-Technology-Wants.md,nonfiction,summary,detailed,Foundation,,
1167,1167,P0,The Inevitable: Understanding the 12 Technological Forces That Will Shape Our Future,Kevin Kelly,2016,2017,2016,07-Computer Science & Technology Concepts,Computer Science & Technology Concepts,04-TECHNOLOGY-SOCIETY,Digital Transformation,Technological Change,The-Inevitable-Kelly,Intermediate,planned,md/07-Computer-Science-and-Technology-Concepts/04-TECHNOLOGY-SOCIETY/The-Inevitable-Kelly.md,nonfiction,summary,detailed,Foundation,,
1168,1168,P1,Technology and the Character of Contemporary Life: A Philosophical Inquiry,Albert Borgmann,1984,1987,1984,07-Computer Science & Technology Concepts,Computer Science & Technology Concepts,04-TECHNOLOGY-SOCIETY,Digital Transformation,Technological Change,Technology-and-the-Character-of-Contemporary-Life,Intermediate,planned,md/07-Computer-Science-and-Technology-Concepts/04-TECHNOLOGY-SOCIETY/Technology-and-the-Character-of-Contemporary-Life.md,nonfiction,summary,detailed,Foundation,,
1169,1169,P0,Understanding Media: The Extensions of Man,Marshall McLuhan,1964,1994,1964,07-Computer Science & Technology Concepts,Computer Science & Technology Concepts,04-TECHNOLOGY-SOCIETY,Digital Transformation,Technological Change,Understanding-Media-McLuhan,Intermediate,planned,md/07-Computer-Science-and-Technology-Concepts/04-TECHNOLOGY-SOCIETY/Understanding-Media-McLuhan.md,nonfiction,summary,detailed,Foundation,,
1170,1170,P0,Amusing Ourselves to Death: Public Discourse in the Age of Show Business,Neil Postman,1985,2005,1985,07-Computer Science & Technology Concepts,Computer Science & Technology Concepts,04-TECHNOLOGY-SOCIETY,Digital Transformation,Technological Change,Amusing-Ourselves-to-Death,Intermediate,planned,md/07-Computer-Science-and-Technology-Concepts/04-TECHNOLOGY-SOCIETY/Amusing-Ourselves-to-Death.md,nonfiction,summary,detailed,Foundation,,
1171,1171,P0,The Cathedral & the Bazaar: Musings on Linux and Open Source by an Accidental Revolutionary,Eric S. Raymond,1999,2001,1999,07-Computer Science & Technology Concepts,Computer Science & Technology Concepts,04-TECHNOLOGY-SOCIETY,Open Source & Internet Culture,Open Source,The-Cathedral-and-the-Bazaar,Intermediate,planned,md/07-Computer-Science-and-Technology-Concepts/04-TECHNOLOGY-SOCIETY/The-Cathedral-and-the-Bazaar.md,nonfiction,summary,detailed,Foundation,,
1172,1172,P0,Working in Public: The Making and Maintenance of Open Source Software,Nadia Eghbal,2020,2020,2020,07-Computer Science & Technology Concepts,Computer Science & Technology Concepts,04-TECHNOLOGY-SOCIETY,Open Source & Internet Culture,Open Source,Working-in-Public,Intermediate,planned,md/07-Computer-Science-and-Technology-Concepts/04-TECHNOLOGY-SOCIETY/Working-in-Public.md,nonfiction,summary,detailed,Foundation,,
1173,1173,P0,Just for Fun: The Story of an Accidental Revolutionary,Linus Torvalds; David Diamond,2001,2002,2001,07-Computer Science & Technology Concepts,Computer Science & Technology Concepts,04-TECHNOLOGY-SOCIETY,Open Source & Internet Culture,Open Source,Just-for-Fun,Intermediate,planned,md/07-Computer-Science-and-Technology-Concepts/04-TECHNOLOGY-SOCIETY/Just-for-Fun.md,nonfiction,summary,detailed,Foundation,,
1174,1174,P1,Free as in Freedom: Richard Stallman's Crusade for Free Software,Sam Williams,2002,2010,2002,07-Computer Science & Technology Concepts,Computer Science & Technology Concepts,04-TECHNOLOGY-SOCIETY,Open Source & Internet Culture,Open Source,Free-as-in-Freedom,Intermediate,planned,md/07-Computer-Science-and-Technology-Concepts/04-TECHNOLOGY-SOCIETY/Free-as-in-Freedom.md,nonfiction,summary,detailed,Foundation,,
1175,1175,P1,Producing Open Source Software: How to Run a Successful Free Software Project,Karl Fogel,2005,2017,2005,07-Computer Science & Technology Concepts,Computer Science & Technology Concepts,04-TECHNOLOGY-SOCIETY,Open Source & Internet Culture,Open Source,Producing-Open-Source-Software,Intermediate,planned,md/07-Computer-Science-and-Technology-Concepts/04-TECHNOLOGY-SOCIETY/Producing-Open-Source-Software.md,nonfiction,summary,detailed,Foundation,,
1176,1176,P0,Because Internet: Understanding the New Rules of Language,Gretchen McCulloch,2019,2020,2019,07-Computer Science & Technology Concepts,Computer Science & Technology Concepts,04-TECHNOLOGY-SOCIETY,Open Source & Internet Culture,Internet Culture,Because-Internet,Intermediate,planned,md/07-Computer-Science-and-Technology-Concepts/04-TECHNOLOGY-SOCIETY/Because-Internet.md,nonfiction,summary,detailed,Foundation,,
1177,1177,P0,Weaving the Web: The Original Design and Ultimate Destiny of the World Wide Web,Tim Berners-Lee; Mark Fischetti,1999,2000,1999,07-Computer Science & Technology Concepts,Computer Science & Technology Concepts,04-TECHNOLOGY-SOCIETY,Open Source & Internet Culture,Internet Culture,Weaving-the-Web,Intermediate,planned,md/07-Computer-Science-and-Technology-Concepts/04-TECHNOLOGY-SOCIETY/Weaving-the-Web.md,nonfiction,summary,detailed,Foundation,,
1178,1178,P1,The Net Delusion: The Dark Side of Internet Freedom,Evgeny Morozov,2011,2012,2011,07-Computer Science & Technology Concepts,Computer Science & Technology Concepts,04-TECHNOLOGY-SOCIETY,Open Source & Internet Culture,Internet Culture,The-Net-Delusion,Intermediate,planned,md/07-Computer-Science-and-Technology-Concepts/04-TECHNOLOGY-SOCIETY/The-Net-Delusion.md,nonfiction,summary,detailed,Foundation,,
1179,1179,P0,You Are Not a Gadget: A Manifesto,Jaron Lanier,2010,2011,2010,07-Computer Science & Technology Concepts,Computer Science & Technology Concepts,04-TECHNOLOGY-SOCIETY,Open Source & Internet Culture,Internet Culture,You-Are-Not-a-Gadget,Intermediate,planned,md/07-Computer-Science-and-Technology-Concepts/04-TECHNOLOGY-SOCIETY/You-Are-Not-a-Gadget.md,nonfiction,summary,detailed,Foundation,,
1180,1180,P0,Who Owns the Future?,Jaron Lanier,2013,2014,2013,07-Computer Science & Technology Concepts,Computer Science & Technology Concepts,04-TECHNOLOGY-SOCIETY,Open Source & Internet Culture,Internet Culture,Who-Owns-the-Future,Intermediate,planned,md/07-Computer-Science-and-Technology-Concepts/04-TECHNOLOGY-SOCIETY/Who-Owns-the-Future.md,nonfiction,summary,detailed,Foundation,,
1181,1181,P1,"The Nature of Software Development: Keep It Simple, Make It Valuable, Build It Piece by Piece",Ron Jeffries,2015,2015,2015,07-Computer Science & Technology Concepts,Computer Science & Technology Concepts,04-TECHNOLOGY-SOCIETY,Future Of Software,Future of Programming,The-Nature-of-Software-Development,Intermediate,planned,md/07-Computer-Science-and-Technology-Concepts/04-TECHNOLOGY-SOCIETY/The-Nature-of-Software-Development.md,nonfiction,summary,detailed,Foundation,,
1182,1182,P0,Coders at Work: Reflections on the Craft of Programming,Peter Seibel,2009,2009,2009,07-Computer Science & Technology Concepts,Computer Science & Technology Concepts,04-TECHNOLOGY-SOCIETY,Future Of Software,Future of Programming,Coders-at-Work,Intermediate,planned,md/07-Computer-Science-and-Technology-Concepts/04-TECHNOLOGY-SOCIETY/Coders-at-Work.md,nonfiction,summary,detailed,Foundation,,
1183,1183,P1,Masterminds of Programming: Conversations with the Creators of Major Programming Languages,Federico Biancuzzi; Shane Warden,2009,2009,2009,07-Computer Science & Technology Concepts,Computer Science & Technology Concepts,04-TECHNOLOGY-SOCIETY,Future Of Software,Future of Programming,Masterminds-of-Programming,Intermediate,planned,md/07-Computer-Science-and-Technology-Concepts/04-TECHNOLOGY-SOCIETY/Masterminds-of-Programming.md,nonfiction,summary,detailed,Foundation,,
1184,1184,P1,Seven Languages in Seven Weeks: A Pragmatic Guide to Learning Programming Languages,Bruce A. Tate,2010,2010,2010,07-Computer Science & Technology Concepts,Computer Science & Technology Concepts,04-TECHNOLOGY-SOCIETY,Future Of Software,Future of Programming,Seven-Languages-in-Seven-Weeks,Intermediate,planned,md/07-Computer-Science-and-Technology-Concepts/04-TECHNOLOGY-SOCIETY/Seven-Languages-in-Seven-Weeks.md,nonfiction,summary,detailed,Foundation,,
1185,1185,P1,Seven More Languages in Seven Weeks: Languages That Are Shaping the Future,Bruce A. Tate; Ian Dees; Frederic Daoud; Jack Moffitt,2014,2014,2014,07-Computer Science & Technology Concepts,Computer Science & Technology Concepts,04-TECHNOLOGY-SOCIETY,Future Of Software,Future of Programming,Seven-More-Languages-in-Seven-Weeks,Intermediate,planned,md/07-Computer-Science-and-Technology-Concepts/04-TECHNOLOGY-SOCIETY/Seven-More-Languages-in-Seven-Weeks.md,nonfiction,summary,detailed,Foundation,,
1186,1186,P0,Peopleware: Productive Projects and Teams,Tom DeMarco; Timothy Lister,1987,2013,1987,07-Computer Science & Technology Concepts,Computer Science & Technology Concepts,04-TECHNOLOGY-SOCIETY,Future Of Software,Developer Productivity,Peopleware,Intermediate,planned,md/07-Computer-Science-and-Technology-Concepts/04-TECHNOLOGY-SOCIETY/Peopleware.md,nonfiction,summary,detailed,Foundation,,
1187,1187,P1,Rethinking Productivity in Software Engineering,Caitlin Sadowski; Thomas Zimmermann,2019,2019,2019,07-Computer Science & Technology Concepts,Computer Science & Technology Concepts,04-TECHNOLOGY-SOCIETY,Future Of Software,Developer Productivity,Rethinking-Productivity-in-Software-Engineering,Intermediate,planned,md/07-Computer-Science-and-Technology-Concepts/04-TECHNOLOGY-SOCIETY/Rethinking-Productivity-in-Software-Engineering.md,nonfiction,summary,detailed,Foundation,,
1188,1188,P0,The Effective Engineer: How to Leverage Your Efforts In Software Engineering to Make a Disproportionate and Meaningful Impact,Edmond Lau,2015,2015,2015,07-Computer Science & Technology Concepts,Computer Science & Technology Concepts,04-TECHNOLOGY-SOCIETY,Future Of Software,Developer Productivity,The-Effective-Engineer,Intermediate,planned,md/07-Computer-Science-and-Technology-Concepts/04-TECHNOLOGY-SOCIETY/The-Effective-Engineer.md,nonfiction,summary,detailed,Foundation,,
1189,1189,P1,Apprenticeship Patterns: Guidance for the Aspiring Software Craftsman,Adewale Oshineye; Dave Hoover,2009,2009,2009,07-Computer Science & Technology Concepts,Computer Science & Technology Concepts,04-TECHNOLOGY-SOCIETY,Future Of Software,Developer Productivity,Apprenticeship-Patterns,Intermediate,planned,md/07-Computer-Science-and-Technology-Concepts/04-TECHNOLOGY-SOCIETY/Apprenticeship-Patterns.md,nonfiction,summary,detailed,Foundation,,
1190,1190,P1,The Passionate Programmer: Creating a Remarkable Career in Software Development,Chad Fowler,2009,2009,2009,07-Computer Science & Technology Concepts,Computer Science & Technology Concepts,04-TECHNOLOGY-SOCIETY,Future Of Software,Developer Productivity,The-Passionate-Programmer,Intermediate,planned,md/07-Computer-Science-and-Technology-Concepts/04-TECHNOLOGY-SOCIETY/The-Passionate-Programmer.md,nonfiction,summary,detailed,Foundation,,
1191,1191,P0,Coders: The Making of a New Tribe and the Remaking of the World,Clive Thompson,2019,2020,2019,07-Computer Science & Technology Concepts,Computer Science & Technology Concepts,04-TECHNOLOGY-SOCIETY,Future Of Software,Software Industry,Coders-Thompson,Intermediate,planned,md/07-Computer-Science-and-Technology-Concepts/04-TECHNOLOGY-SOCIETY/Coders-Thompson.md,nonfiction,summary,detailed,Foundation,,
1192,1192,P1,"Dreaming in Code: Two Dozen Programmers, Four Years, 4,732 Bugs, and One Quest for Transcendent Software",Scott Rosenberg,2007,2008,2007,07-Computer Science & Technology Concepts,Computer Science & Technology Concepts,04-TECHNOLOGY-SOCIETY,Future Of Software,Software Industry,Dreaming-in-Code,Intermediate,planned,md/07-Computer-Science-and-Technology-Concepts/04-TECHNOLOGY-SOCIETY/Dreaming-in-Code.md,nonfiction,summary,detailed,Foundation,,
1193,1193,P0,Showstopper!: The Breakneck Race to Create Windows NT and the Next Generation at Microsoft,G. Pascal Zachary,1994,2014,1994,07-Computer Science & Technology Concepts,Computer Science & Technology Concepts,04-TECHNOLOGY-SOCIETY,Future Of Software,Software Industry,Showstopper,Intermediate,planned,md/07-Computer-Science-and-Technology-Concepts/04-TECHNOLOGY-SOCIETY/Showstopper.md,nonfiction,summary,detailed,Foundation,,
1194,1194,P1,Hard Drive: Bill Gates and the Making of the Microsoft Empire,James Wallace; Jim Erickson,1992,1993,1992,07-Computer Science & Technology Concepts,Computer Science & Technology Concepts,04-TECHNOLOGY-SOCIETY,Future Of Software,Software Industry,Hard-Drive-Gates,Intermediate,planned,md/07-Computer-Science-and-Technology-Concepts/04-TECHNOLOGY-SOCIETY/Hard-Drive-Gates.md,nonfiction,summary,detailed,Foundation,,
1195,1195,P2,Empire of the Air: The Men Who Made Radio,Tom Lewis,1991,1993,1991,07-Computer Science & Technology Concepts,Computer Science & Technology Concepts,04-TECHNOLOGY-SOCIETY,Future Of Software,Software Industry,Empire-of-the-Air,Intermediate,planned,md/07-Computer-Science-and-Technology-Concepts/04-TECHNOLOGY-SOCIETY/Empire-of-the-Air.md,nonfiction,summary,detailed,Foundation,,
1196,1196,P0,Automate the Boring Stuff with Python: Practical Programming for Total Beginners,Al Sweigart,2015,2019,2015,07-Computer Science & Technology Concepts,Computer Science & Technology Concepts,04-TECHNOLOGY-SOCIETY,Future Of Software,Automation,Automate-the-Boring-Stuff-with-Python,Intermediate,planned,md/07-Computer-Science-and-Technology-Concepts/04-TECHNOLOGY-SOCIETY/Automate-the-Boring-Stuff-with-Python.md,nonfiction,summary,detailed,Foundation,,
1197,1197,P2,The Pragmatic Starter Kit: Pragmatic Unit Testing,Andy Hunt; Dave Thomas,2003,2006,2003,07-Computer Science & Technology Concepts,Computer Science & Technology Concepts,04-TECHNOLOGY-SOCIETY,Future Of Software,Automation,Pragmatic-Unit-Testing,Intermediate,planned,md/07-Computer-Science-and-Technology-Concepts/04-TECHNOLOGY-SOCIETY/Pragmatic-Unit-Testing.md,nonfiction,summary,detailed,Foundation,,
1198,1198,P1,Continuous Integration: Improving Software Quality and Reducing Risk,Paul M. Duvall; Steve Matyas; Andrew Glover,2007,2007,2007,07-Computer Science & Technology Concepts,Computer Science & Technology Concepts,04-TECHNOLOGY-SOCIETY,Future Of Software,Automation,Continuous-Integration-Duvall,Intermediate,planned,md/07-Computer-Science-and-Technology-Concepts/04-TECHNOLOGY-SOCIETY/Continuous-Integration-Duvall.md,nonfiction,summary,detailed,Foundation,,
1199,1199,P2,Modern Infrastructure as Code,Sam Guckenheimer,2019,2019,2019,07-Computer Science & Technology Concepts,Computer Science & Technology Concepts,04-TECHNOLOGY-SOCIETY,Future Of Software,Automation,Modern-Infrastructure-as-Code,Intermediate,planned,md/07-Computer-Science-and-Technology-Concepts/04-TECHNOLOGY-SOCIETY/Modern-Infrastructure-as-Code.md,nonfiction,summary,detailed,Foundation,,
1200,1200,P1,Software Engineering: A Practitioner's Approach,Roger S. Pressman; Bruce R. Maxim,1982,2019,1982,07-Computer Science & Technology Concepts,Computer Science & Technology Concepts,04-TECHNOLOGY-SOCIETY,Future Of Software,Automation,Software-Engineering-Pressman,Intermediate,planned,md/07-Computer-Science-and-Technology-Concepts/04-TECHNOLOGY-SOCIETY/Software-Engineering-Pressman.md,nonfiction,summary,detailed,Foundation,,
1201,1201,P0,"Genius Makers: The Mavericks Who Brought AI to Google, Facebook, and the World",Cade Metz,2021,2022,2021,08-Artificial Intelligence & Future Technology,Artificial Intelligence & Future Technology,01-AI-CONCEPTS,Artificial Intelligence,History of AI,Genius-Makers,Intermediate,planned,md/08-Artificial-Intelligence-and-Future-Technology/01-AI-CONCEPTS/Genius-Makers.md,nonfiction,summary,detailed,Foundation,,
1202,1202,P0,The Quest for Artificial Intelligence: A History of Ideas and Achievements,Nils J. Nilsson,2009,2009,2009,08-Artificial Intelligence & Future Technology,Artificial Intelligence & Future Technology,01-AI-CONCEPTS,Artificial Intelligence,History of AI,The-Quest-for-Artificial-Intelligence,Intermediate,planned,md/08-Artificial-Intelligence-and-Future-Technology/01-AI-CONCEPTS/The-Quest-for-Artificial-Intelligence.md,nonfiction,summary,detailed,Foundation,,
1203,1203,P1,Machines of Loving Grace: The Quest for Common Ground Between Humans and Robots,John Markoff,2015,2016,2015,08-Artificial Intelligence & Future Technology,Artificial Intelligence & Future Technology,01-AI-CONCEPTS,Artificial Intelligence,History of AI,Machines-of-Loving-Grace,Intermediate,planned,md/08-Artificial-Intelligence-and-Future-Technology/01-AI-CONCEPTS/Machines-of-Loving-Grace.md,nonfiction,summary,detailed,Foundation,,
1204,1204,P0,Artificial Intelligence: A Guide for Thinking Humans,Melanie Mitchell,2019,2020,2019,08-Artificial Intelligence & Future Technology,Artificial Intelligence & Future Technology,01-AI-CONCEPTS,Artificial Intelligence,History of AI,Artificial-Intelligence-Mitchell,Intermediate,planned,md/08-Artificial-Intelligence-and-Future-Technology/01-AI-CONCEPTS/Artificial-Intelligence-Mitchell.md,nonfiction,summary,detailed,Foundation,,
1205,1205,P0,Empire of AI: Dreams and Nightmares in Sam Altman's OpenAI,Karen Hao,2025,2025,2025,08-Artificial Intelligence & Future Technology,Artificial Intelligence & Future Technology,01-AI-CONCEPTS,Artificial Intelligence,History of AI,Empire-of-AI-Hao,Intermediate,planned,md/08-Artificial-Intelligence-and-Future-Technology/01-AI-CONCEPTS/Empire-of-AI-Hao.md,nonfiction,summary,detailed,Foundation,,
1206,1206,P0,Artificial Intelligence: A Modern Approach,Stuart Russell; Peter Norvig,1995,2020,1995,08-Artificial Intelligence & Future Technology,Artificial Intelligence & Future Technology,01-AI-CONCEPTS,Artificial Intelligence,AI Concepts,Artificial-Intelligence-A-Modern-Approach,Intermediate,planned,md/08-Artificial-Intelligence-and-Future-Technology/01-AI-CONCEPTS/Artificial-Intelligence-A-Modern-Approach.md,nonfiction,summary,detailed,Foundation,,
1207,1207,P0,The Master Algorithm: How the Quest for the Ultimate Learning Machine Will Remake Our World,Pedro Domingos,2015,2018,2015,08-Artificial Intelligence & Future Technology,Artificial Intelligence & Future Technology,01-AI-CONCEPTS,Artificial Intelligence,AI Concepts,The-Master-Algorithm-AI,Intermediate,planned,md/08-Artificial-Intelligence-and-Future-Technology/01-AI-CONCEPTS/The-Master-Algorithm-AI.md,nonfiction,summary,detailed,Foundation,,
1208,1208,P0,Deep Learning,Ian Goodfellow; Yoshua Bengio; Aaron Courville,2016,2016,2016,08-Artificial Intelligence & Future Technology,Artificial Intelligence & Future Technology,01-AI-CONCEPTS,Artificial Intelligence,AI Concepts,Deep-Learning-Goodfellow,Intermediate,planned,md/08-Artificial-Intelligence-and-Future-Technology/01-AI-CONCEPTS/Deep-Learning-Goodfellow.md,nonfiction,summary,detailed,Foundation,,
1209,1209,P0,Deep Learning with Python,François Chollet,2017,2021,2017,08-Artificial Intelligence & Future Technology,Artificial Intelligence & Future Technology,01-AI-CONCEPTS,Artificial Intelligence,AI Concepts,Deep-Learning-with-Python,Intermediate,planned,md/08-Artificial-Intelligence-and-Future-Technology/01-AI-CONCEPTS/Deep-Learning-with-Python.md,nonfiction,summary,detailed,Foundation,,
1210,1210,P0,Rebooting AI: Building Artificial Intelligence We Can Trust,Gary Marcus; Ernest Davis,2019,2020,2019,08-Artificial Intelligence & Future Technology,Artificial Intelligence & Future Technology,01-AI-CONCEPTS,Artificial Intelligence,AI Concepts,Rebooting-AI,Intermediate,planned,md/08-Artificial-Intelligence-and-Future-Technology/01-AI-CONCEPTS/Rebooting-AI.md,nonfiction,summary,detailed,Foundation,,
1211,1211,P0,The Book of Why: The New Science of Cause and Effect,Judea Pearl; Dana Mackenzie,2018,2019,2018,08-Artificial Intelligence & Future Technology,Artificial Intelligence & Future Technology,01-AI-CONCEPTS,Artificial Intelligence,Intelligent Systems,The-Book-of-Why,Intermediate,planned,md/08-Artificial-Intelligence-and-Future-Technology/01-AI-CONCEPTS/The-Book-of-Why.md,nonfiction,summary,detailed,Foundation,,
1212,1212,P0,"Causality: Models, Reasoning, and Inference",Judea Pearl,2000,2009,2000,08-Artificial Intelligence & Future Technology,Artificial Intelligence & Future Technology,01-AI-CONCEPTS,Artificial Intelligence,Intelligent Systems,Causality-Pearl,Intermediate,planned,md/08-Artificial-Intelligence-and-Future-Technology/01-AI-CONCEPTS/Causality-Pearl.md,nonfiction,summary,detailed,Foundation,,
1213,1213,P0,A Thousand Brains: A New Theory of Intelligence,Jeff Hawkins,2021,2021,2021,08-Artificial Intelligence & Future Technology,Artificial Intelligence & Future Technology,01-AI-CONCEPTS,Artificial Intelligence,Intelligent Systems,A-Thousand-Brains,Intermediate,planned,md/08-Artificial-Intelligence-and-Future-Technology/01-AI-CONCEPTS/A-Thousand-Brains.md,nonfiction,summary,detailed,Foundation,,
1214,1214,P0,On Intelligence: How a New Understanding of the Brain Will Lead to the Creation of Truly Intelligent Machines,Jeff Hawkins; Sandra Blakeslee,2004,2007,2004,08-Artificial Intelligence & Future Technology,Artificial Intelligence & Future Technology,01-AI-CONCEPTS,Artificial Intelligence,Intelligent Systems,On-Intelligence,Intermediate,planned,md/08-Artificial-Intelligence-and-Future-Technology/01-AI-CONCEPTS/On-Intelligence.md,nonfiction,summary,detailed,Foundation,,
1215,1215,P0,Society of Mind,Marvin Minsky,1986,1988,1986,08-Artificial Intelligence & Future Technology,Artificial Intelligence & Future Technology,01-AI-CONCEPTS,Artificial Intelligence,Intelligent Systems,Society-of-Mind,Intermediate,planned,md/08-Artificial-Intelligence-and-Future-Technology/01-AI-CONCEPTS/Society-of-Mind.md,nonfiction,summary,detailed,Foundation,,
1216,1216,P0,The Hundred-Page Machine Learning Book,Andriy Burkov,2019,2019,2019,08-Artificial Intelligence & Future Technology,Artificial Intelligence & Future Technology,01-AI-CONCEPTS,Machine Learning Concepts,Machine Learning Ideas,The-Hundred-Page-Machine-Learning-Book,Intermediate,planned,md/08-Artificial-Intelligence-and-Future-Technology/01-AI-CONCEPTS/The-Hundred-Page-Machine-Learning-Book.md,nonfiction,summary,detailed,Foundation,,
1217,1217,P0,Machine Learning Yearning,Andrew Ng,2018,2018,2018,08-Artificial Intelligence & Future Technology,Artificial Intelligence & Future Technology,01-AI-CONCEPTS,Machine Learning Concepts,Machine Learning Ideas,Machine-Learning-Yearning,Intermediate,planned,md/08-Artificial-Intelligence-and-Future-Technology/01-AI-CONCEPTS/Machine-Learning-Yearning.md,nonfiction,summary,detailed,Foundation,,
1218,1218,P0,"Hands-On Machine Learning with Scikit-Learn, Keras, and TensorFlow",Aurélien Géron,2017,2022,2017,08-Artificial Intelligence & Future Technology,Artificial Intelligence & Future Technology,01-AI-CONCEPTS,Machine Learning Concepts,Machine Learning Ideas,Hands-On-Machine-Learning-Geron,Intermediate,planned,md/08-Artificial-Intelligence-and-Future-Technology/01-AI-CONCEPTS/Hands-On-Machine-Learning-Geron.md,nonfiction,summary,detailed,Foundation,,
1219,1219,P0,Interpretable Machine Learning: A Guide for Making Black Box Models Explainable,Christoph Molnar,2019,2022,2019,08-Artificial Intelligence & Future Technology,Artificial Intelligence & Future Technology,01-AI-CONCEPTS,Machine Learning Concepts,Machine Learning Ideas,Interpretable-Machine-Learning,Intermediate,planned,md/08-Artificial-Intelligence-and-Future-Technology/01-AI-CONCEPTS/Interpretable-Machine-Learning.md,nonfiction,summary,detailed,Foundation,,
1220,1220,P0,Pattern Recognition and Machine Learning,Christopher M. Bishop,2006,2006,2006,08-Artificial Intelligence & Future Technology,Artificial Intelligence & Future Technology,01-AI-CONCEPTS,Machine Learning Concepts,Machine Learning Ideas,Pattern-Recognition-and-Machine-Learning,Intermediate,planned,md/08-Artificial-Intelligence-and-Future-Technology/01-AI-CONCEPTS/Pattern-Recognition-and-Machine-Learning.md,nonfiction,summary,detailed,Foundation,,
1221,1221,P0,Designing Machine Learning Systems: An Iterative Process for Production-Ready Applications,Chip Huyen,2022,2022,2022,08-Artificial Intelligence & Future Technology,Artificial Intelligence & Future Technology,01-AI-CONCEPTS,Machine Learning Concepts,Data & Learning Systems,Designing-Machine-Learning-Systems,Intermediate,planned,md/08-Artificial-Intelligence-and-Future-Technology/01-AI-CONCEPTS/Designing-Machine-Learning-Systems.md,nonfiction,summary,detailed,Foundation,,
1222,1222,P0,AI Engineering: Building Applications with Foundation Models,Chip Huyen,2024,2024,2024,08-Artificial Intelligence & Future Technology,Artificial Intelligence & Future Technology,01-AI-CONCEPTS,Machine Learning Concepts,Data & Learning Systems,AI-Engineering-Huyen,Intermediate,planned,md/08-Artificial-Intelligence-and-Future-Technology/01-AI-CONCEPTS/AI-Engineering-Huyen.md,nonfiction,summary,detailed,Foundation,,
1223,1223,P0,Reliable Machine Learning: Applying SRE Principles to ML in Production,Cathy Chen; Niall Richard Murphy; Kranti Parisa; D. Sculley,2022,2022,2022,08-Artificial Intelligence & Future Technology,Artificial Intelligence & Future Technology,01-AI-CONCEPTS,Machine Learning Concepts,Data & Learning Systems,Reliable-Machine-Learning,Intermediate,planned,md/08-Artificial-Intelligence-and-Future-Technology/01-AI-CONCEPTS/Reliable-Machine-Learning.md,nonfiction,summary,detailed,Foundation,,
1224,1224,P1,Machine Learning Engineering in Action,Ben Wilson,2022,2022,2022,08-Artificial Intelligence & Future Technology,Artificial Intelligence & Future Technology,01-AI-CONCEPTS,Machine Learning Concepts,Data & Learning Systems,Machine-Learning-Engineering-in-Action,Intermediate,planned,md/08-Artificial-Intelligence-and-Future-Technology/01-AI-CONCEPTS/Machine-Learning-Engineering-in-Action.md,nonfiction,summary,detailed,Foundation,,
1225,1225,P1,Building Machine Learning Powered Applications: Going from Idea to Product,Emmanuel Ameisen,2020,2020,2020,08-Artificial Intelligence & Future Technology,Artificial Intelligence & Future Technology,01-AI-CONCEPTS,Machine Learning Concepts,Data & Learning Systems,Building-Machine-Learning-Powered-Applications,Intermediate,planned,md/08-Artificial-Intelligence-and-Future-Technology/01-AI-CONCEPTS/Building-Machine-Learning-Powered-Applications.md,nonfiction,summary,detailed,Foundation,,
1226,1226,P0,Build a Large Language Model (from Scratch),Sebastian Raschka,2024,2024,2024,08-Artificial Intelligence & Future Technology,Artificial Intelligence & Future Technology,01-AI-CONCEPTS,Generative Ai,Language Models,Build-a-Large-Language-Model-from-Scratch,Intermediate,planned,md/08-Artificial-Intelligence-and-Future-Technology/01-AI-CONCEPTS/Build-a-Large-Language-Model-from-Scratch.md,nonfiction,summary,detailed,Foundation,,
1227,1227,P0,The LLM Engineering Handbook,Paul Iusztin; Maxime Labonne,2024,2024,2024,08-Artificial Intelligence & Future Technology,Artificial Intelligence & Future Technology,01-AI-CONCEPTS,Generative Ai,Language Models,The-LLM-Engineering-Handbook,Intermediate,planned,md/08-Artificial-Intelligence-and-Future-Technology/01-AI-CONCEPTS/The-LLM-Engineering-Handbook.md,nonfiction,summary,detailed,Foundation,,
1228,1228,P0,Natural Language Processing with Transformers: Building Language Applications with Hugging Face,Lewis Tunstall; Leandro von Werra; Thomas Wolf,2022,2022,2022,08-Artificial Intelligence & Future Technology,Artificial Intelligence & Future Technology,01-AI-CONCEPTS,Generative Ai,Language Models,Natural-Language-Processing-with-Transformers,Intermediate,planned,md/08-Artificial-Intelligence-and-Future-Technology/01-AI-CONCEPTS/Natural-Language-Processing-with-Transformers.md,nonfiction,summary,detailed,Foundation,,
1229,1229,P0,Speech and Language Processing,Daniel Jurafsky; James H. Martin,2000,2024,2000,08-Artificial Intelligence & Future Technology,Artificial Intelligence & Future Technology,01-AI-CONCEPTS,Generative Ai,Language Models,Speech-and-Language-Processing,Intermediate,planned,md/08-Artificial-Intelligence-and-Future-Technology/01-AI-CONCEPTS/Speech-and-Language-Processing.md,nonfiction,summary,detailed,Foundation,,
1230,1230,P0,"Generative Deep Learning: Teaching Machines to Paint, Write, Compose, and Play",David Foster,2019,2023,2019,08-Artificial Intelligence & Future Technology,Artificial Intelligence & Future Technology,01-AI-CONCEPTS,Generative Ai,Language Models,Generative-Deep-Learning,Intermediate,planned,md/08-Artificial-Intelligence-and-Future-Technology/01-AI-CONCEPTS/Generative-Deep-Learning.md,nonfiction,summary,detailed,Foundation,,
1231,1231,P0,Co-Intelligence: Living and Working with AI,Ethan Mollick,2024,2024,2024,08-Artificial Intelligence & Future Technology,Artificial Intelligence & Future Technology,01-AI-CONCEPTS,Generative Ai,Generative Systems,Co-Intelligence-Mollick,Intermediate,planned,md/08-Artificial-Intelligence-and-Future-Technology/01-AI-CONCEPTS/Co-Intelligence-Mollick.md,nonfiction,summary,detailed,Foundation,,
1232,1232,P0,"The Coming Wave: Technology, Power, and the Twenty-first Century's Greatest Dilemma",Mustafa Suleyman; Michael Bhaskar,2023,2023,2023,08-Artificial Intelligence & Future Technology,Artificial Intelligence & Future Technology,01-AI-CONCEPTS,Generative Ai,Generative Systems,The-Coming-Wave-Suleyman,Intermediate,planned,md/08-Artificial-Intelligence-and-Future-Technology/01-AI-CONCEPTS/The-Coming-Wave-Suleyman.md,nonfiction,summary,detailed,Foundation,,
1233,1233,P0,Nexus: A Brief History of Information Networks from the Stone Age to AI,Yuval Noah Harari,2024,2024,2024,08-Artificial Intelligence & Future Technology,Artificial Intelligence & Future Technology,01-AI-CONCEPTS,Generative Ai,Generative Systems,Nexus-Harari,Intermediate,planned,md/08-Artificial-Intelligence-and-Future-Technology/01-AI-CONCEPTS/Nexus-Harari.md,nonfiction,summary,detailed,Foundation,,
1234,1234,P1,Impromptu: Amplifying Our Humanity Through AI,Reid Hoffman,2023,2023,2023,08-Artificial Intelligence & Future Technology,Artificial Intelligence & Future Technology,01-AI-CONCEPTS,Generative Ai,Generative Systems,Impromptu-Hoffman,Intermediate,planned,md/08-Artificial-Intelligence-and-Future-Technology/01-AI-CONCEPTS/Impromptu-Hoffman.md,nonfiction,summary,detailed,Foundation,,
1235,1235,P1,All-in On AI: How Smart Companies Win Big with Artificial Intelligence,Thomas H. Davenport; Nitin Mittal,2023,2023,2023,08-Artificial Intelligence & Future Technology,Artificial Intelligence & Future Technology,01-AI-CONCEPTS,Generative Ai,Generative Systems,All-in-On-AI,Intermediate,planned,md/08-Artificial-Intelligence-and-Future-Technology/01-AI-CONCEPTS/All-in-On-AI.md,nonfiction,summary,detailed,Foundation,,
1236,1236,P0,Human Compatible: Artificial Intelligence and the Problem of Control,Stuart Russell,2019,2020,2019,08-Artificial Intelligence & Future Technology,Artificial Intelligence & Future Technology,02-AI-SOCIETY,Ai Safety,AI Alignment,Human-Compatible,Intermediate,planned,md/08-Artificial-Intelligence-and-Future-Technology/02-AI-SOCIETY/Human-Compatible.md,nonfiction,summary,detailed,Foundation,,
1237,1237,P0,The Alignment Problem: Machine Learning and Human Values,Brian Christian,2020,2021,2020,08-Artificial Intelligence & Future Technology,Artificial Intelligence & Future Technology,02-AI-SOCIETY,Ai Safety,AI Alignment,The-Alignment-Problem,Intermediate,planned,md/08-Artificial-Intelligence-and-Future-Technology/02-AI-SOCIETY/The-Alignment-Problem.md,nonfiction,summary,detailed,Foundation,,
1238,1238,P0,"Superintelligence: Paths, Dangers, Strategies",Nick Bostrom,2014,2016,2014,08-Artificial Intelligence & Future Technology,Artificial Intelligence & Future Technology,02-AI-SOCIETY,Ai Safety,AI Alignment,Superintelligence,Intermediate,planned,md/08-Artificial-Intelligence-and-Future-Technology/02-AI-SOCIETY/Superintelligence.md,nonfiction,summary,detailed,Foundation,,
1239,1239,P0,Life 3.0: Being Human in the Age of Artificial Intelligence,Max Tegmark,2017,2018,2017,08-Artificial Intelligence & Future Technology,Artificial Intelligence & Future Technology,02-AI-SOCIETY,Ai Safety,AI Alignment,Life-3-0,Intermediate,planned,md/08-Artificial-Intelligence-and-Future-Technology/02-AI-SOCIETY/Life-3-0.md,nonfiction,summary,detailed,Foundation,,
1240,1240,P1,If Then: How the Simulmatics Corporation Invented the Future,Jill Lepore,2020,2021,2020,08-Artificial Intelligence & Future Technology,Artificial Intelligence & Future Technology,02-AI-SOCIETY,Ai Safety,AI Alignment,If-Then-Lepore,Intermediate,planned,md/08-Artificial-Intelligence-and-Future-Technology/02-AI-SOCIETY/If-Then-Lepore.md,nonfiction,summary,detailed,Foundation,,
1241,1241,P0,The Precipice: Existential Risk and the Future of Humanity,Toby Ord,2020,2021,2020,08-Artificial Intelligence & Future Technology,Artificial Intelligence & Future Technology,02-AI-SOCIETY,Ai Safety,AI Risk,The-Precipice-Ord,Intermediate,planned,md/08-Artificial-Intelligence-and-Future-Technology/02-AI-SOCIETY/The-Precipice-Ord.md,nonfiction,summary,detailed,Foundation,,
1242,1242,P1,Our Final Invention: Artificial Intelligence and the End of the Human Era,James Barrat,2013,2015,2013,08-Artificial Intelligence & Future Technology,Artificial Intelligence & Future Technology,02-AI-SOCIETY,Ai Safety,AI Risk,Our-Final-Invention,Intermediate,planned,md/08-Artificial-Intelligence-and-Future-Technology/02-AI-SOCIETY/Our-Final-Invention.md,nonfiction,summary,detailed,Foundation,,
1243,1243,P1,Scary Smart: The Future of Artificial Intelligence and How You Can Save Our World,Mo Gawdat,2021,2021,2021,08-Artificial Intelligence & Future Technology,Artificial Intelligence & Future Technology,02-AI-SOCIETY,Ai Safety,AI Risk,Scary-Smart,Intermediate,planned,md/08-Artificial-Intelligence-and-Future-Technology/02-AI-SOCIETY/Scary-Smart.md,nonfiction,summary,detailed,Foundation,,
1244,1244,P1,Surviving AI: The Promise and Peril of Artificial Intelligence,Calum Chace,2015,2020,2015,08-Artificial Intelligence & Future Technology,Artificial Intelligence & Future Technology,02-AI-SOCIETY,Ai Safety,AI Risk,Surviving-AI,Intermediate,planned,md/08-Artificial-Intelligence-and-Future-Technology/02-AI-SOCIETY/Surviving-AI.md,nonfiction,summary,detailed,Foundation,,
1245,1245,P1,Global Catastrophic Risks,Nick Bostrom; Milan M. Cirkovic,2008,2011,2008,08-Artificial Intelligence & Future Technology,Artificial Intelligence & Future Technology,02-AI-SOCIETY,Ai Safety,AI Risk,Global-Catastrophic-Risks,Intermediate,planned,md/08-Artificial-Intelligence-and-Future-Technology/02-AI-SOCIETY/Global-Catastrophic-Risks.md,nonfiction,summary,detailed,Foundation,,
1246,1246,P0,Weapons of Math Destruction: How Big Data Increases Inequality and Threatens Democracy,Cathy O'Neil,2016,2017,2016,08-Artificial Intelligence & Future Technology,Artificial Intelligence & Future Technology,02-AI-SOCIETY,Ai Ethics,Responsible AI,Weapons-of-Math-Destruction,Intermediate,planned,md/08-Artificial-Intelligence-and-Future-Technology/02-AI-SOCIETY/Weapons-of-Math-Destruction.md,nonfiction,summary,detailed,Foundation,,
1247,1247,P0,Algorithms of Oppression: How Search Engines Reinforce Racism,Safiya Umoja Noble,2018,2018,2018,08-Artificial Intelligence & Future Technology,Artificial Intelligence & Future Technology,02-AI-SOCIETY,Ai Ethics,Responsible AI,Algorithms-of-Oppression,Intermediate,planned,md/08-Artificial-Intelligence-and-Future-Technology/02-AI-SOCIETY/Algorithms-of-Oppression.md,nonfiction,summary,detailed,Foundation,,
1248,1248,P0,"Automating Inequality: How High-Tech Tools Profile, Police, and Punish the Poor",Virginia Eubanks,2018,2019,2018,08-Artificial Intelligence & Future Technology,Artificial Intelligence & Future Technology,02-AI-SOCIETY,Ai Ethics,Responsible AI,Automating-Inequality,Intermediate,planned,md/08-Artificial-Intelligence-and-Future-Technology/02-AI-SOCIETY/Automating-Inequality.md,nonfiction,summary,detailed,Foundation,,
1249,1249,P1,Race After Technology: Abolitionist Tools for the New Jim Code,Ruha Benjamin,2019,2019,2019,08-Artificial Intelligence & Future Technology,Artificial Intelligence & Future Technology,02-AI-SOCIETY,Ai Ethics,Responsible AI,Race-After-Technology,Intermediate,planned,md/08-Artificial-Intelligence-and-Future-Technology/02-AI-SOCIETY/Race-After-Technology.md,nonfiction,summary,detailed,Foundation,,
1250,1250,P0,"Atlas of AI: Power, Politics, and the Planetary Costs of Artificial Intelligence",Kate Crawford,2021,2021,2021,08-Artificial Intelligence & Future Technology,Artificial Intelligence & Future Technology,02-AI-SOCIETY,Ai Ethics,Responsible AI,Atlas-of-AI,Intermediate,planned,md/08-Artificial-Intelligence-and-Future-Technology/02-AI-SOCIETY/Atlas-of-AI.md,nonfiction,summary,detailed,Foundation,,
1251,1251,P0,The Ethical Algorithm: The Science of Socially Aware Algorithm Design,Michael Kearns; Aaron Roth,2019,2019,2019,08-Artificial Intelligence & Future Technology,Artificial Intelligence & Future Technology,02-AI-SOCIETY,Ai Ethics,Algorithmic Society,The-Ethical-Algorithm,Intermediate,planned,md/08-Artificial-Intelligence-and-Future-Technology/02-AI-SOCIETY/The-Ethical-Algorithm.md,nonfiction,summary,detailed,Foundation,,
1252,1252,P0,Hello World: Being Human in the Age of Algorithms,Hannah Fry,2018,2019,2018,08-Artificial Intelligence & Future Technology,Artificial Intelligence & Future Technology,02-AI-SOCIETY,Ai Ethics,Algorithmic Society,Hello-World-Fry,Intermediate,planned,md/08-Artificial-Intelligence-and-Future-Technology/02-AI-SOCIETY/Hello-World-Fry.md,nonfiction,summary,detailed,Foundation,,
1253,1253,P0,The Black Box Society: The Secret Algorithms That Control Money and Information,Frank Pasquale,2015,2016,2015,08-Artificial Intelligence & Future Technology,Artificial Intelligence & Future Technology,02-AI-SOCIETY,Ai Ethics,Algorithmic Society,The-Black-Box-Society,Intermediate,planned,md/08-Artificial-Intelligence-and-Future-Technology/02-AI-SOCIETY/The-Black-Box-Society.md,nonfiction,summary,detailed,Foundation,,
1254,1254,P1,New Dark Age: Technology and the End of the Future,James Bridle,2018,2019,2018,08-Artificial Intelligence & Future Technology,Artificial Intelligence & Future Technology,02-AI-SOCIETY,Ai Ethics,Algorithmic Society,New-Dark-Age,Intermediate,planned,md/08-Artificial-Intelligence-and-Future-Technology/02-AI-SOCIETY/New-Dark-Age.md,nonfiction,summary,detailed,Foundation,,
1255,1255,P1,"Ways of Being: Animals, Plants, Machines: The Search for a Planetary Intelligence",James Bridle,2022,2022,2022,08-Artificial Intelligence & Future Technology,Artificial Intelligence & Future Technology,02-AI-SOCIETY,Ai Ethics,Algorithmic Society,Ways-of-Being,Intermediate,planned,md/08-Artificial-Intelligence-and-Future-Technology/02-AI-SOCIETY/Ways-of-Being.md,nonfiction,summary,detailed,Foundation,,
1256,1256,P0,Rise of the Robots: Technology and the Threat of a Jobless Future,Martin Ford,2015,2016,2015,08-Artificial Intelligence & Future Technology,Artificial Intelligence & Future Technology,02-AI-SOCIETY,Future Of Work,Automation & Jobs,Rise-of-the-Robots,Intermediate,planned,md/08-Artificial-Intelligence-and-Future-Technology/02-AI-SOCIETY/Rise-of-the-Robots.md,nonfiction,summary,detailed,Foundation,,
1257,1257,P1,Rule of the Robots: How Artificial Intelligence Will Transform Everything,Martin Ford,2021,2021,2021,08-Artificial Intelligence & Future Technology,Artificial Intelligence & Future Technology,02-AI-SOCIETY,Future Of Work,Automation & Jobs,Rule-of-the-Robots,Intermediate,planned,md/08-Artificial-Intelligence-and-Future-Technology/02-AI-SOCIETY/Rule-of-the-Robots.md,nonfiction,summary,detailed,Foundation,,
1258,1258,P0,"A World Without Work: Technology, Automation, and How We Should Respond",Daniel Susskind,2020,2021,2020,08-Artificial Intelligence & Future Technology,Artificial Intelligence & Future Technology,02-AI-SOCIETY,Future Of Work,Automation & Jobs,A-World-Without-Work,Intermediate,planned,md/08-Artificial-Intelligence-and-Future-Technology/02-AI-SOCIETY/A-World-Without-Work.md,nonfiction,summary,detailed,Foundation,,
1259,1259,P0,The Future of the Professions: How Technology Will Transform the Work of Human Experts,Richard Susskind; Daniel Susskind,2015,2022,2015,08-Artificial Intelligence & Future Technology,Artificial Intelligence & Future Technology,02-AI-SOCIETY,Future Of Work,Automation & Jobs,The-Future-of-the-Professions,Intermediate,planned,md/08-Artificial-Intelligence-and-Future-Technology/02-AI-SOCIETY/The-Future-of-the-Professions.md,nonfiction,summary,detailed,Foundation,,
1260,1260,P1,Humans Need Not Apply: A Guide to Wealth and Work in the Age of Artificial Intelligence,Jerry Kaplan,2015,2016,2015,08-Artificial Intelligence & Future Technology,Artificial Intelligence & Future Technology,02-AI-SOCIETY,Future Of Work,Automation & Jobs,Humans-Need-Not-Apply,Intermediate,planned,md/08-Artificial-Intelligence-and-Future-Technology/02-AI-SOCIETY/Humans-Need-Not-Apply.md,nonfiction,summary,detailed,Foundation,,
1261,1261,P0,Human + Machine: Reimagining Work in the Age of AI,Paul R. Daugherty; H. James Wilson,2018,2018,2018,08-Artificial Intelligence & Future Technology,Artificial Intelligence & Future Technology,02-AI-SOCIETY,Future Of Work,Human-AI Collaboration,Human-Plus-Machine,Intermediate,planned,md/08-Artificial-Intelligence-and-Future-Technology/02-AI-SOCIETY/Human-Plus-Machine.md,nonfiction,summary,detailed,Foundation,,
1262,1262,P1,Radically Human: How New Technology Is Transforming Business and Shaping Our Future,Paul R. Daugherty; H. James Wilson,2022,2022,2022,08-Artificial Intelligence & Future Technology,Artificial Intelligence & Future Technology,02-AI-SOCIETY,Future Of Work,Human-AI Collaboration,Radically-Human,Intermediate,planned,md/08-Artificial-Intelligence-and-Future-Technology/02-AI-SOCIETY/Radically-Human.md,nonfiction,summary,detailed,Foundation,,
1263,1263,P0,Deep Thinking: Where Machine Intelligence Ends and Human Creativity Begins,Garry Kasparov; Mig Greengard,2017,2018,2017,08-Artificial Intelligence & Future Technology,Artificial Intelligence & Future Technology,02-AI-SOCIETY,Future Of Work,Human-AI Collaboration,Deep-Thinking-Kasparov,Intermediate,planned,md/08-Artificial-Intelligence-and-Future-Technology/02-AI-SOCIETY/Deep-Thinking-Kasparov.md,nonfiction,summary,detailed,Foundation,,
1264,1264,P1,Only Humans Need Apply: Winners and Losers in the Age of Smart Machines,Thomas H. Davenport; Julia Kirby,2016,2016,2016,08-Artificial Intelligence & Future Technology,Artificial Intelligence & Future Technology,02-AI-SOCIETY,Future Of Work,Human-AI Collaboration,Only-Humans-Need-Apply,Intermediate,planned,md/08-Artificial-Intelligence-and-Future-Technology/02-AI-SOCIETY/Only-Humans-Need-Apply.md,nonfiction,summary,detailed,Foundation,,
1265,1265,P0,Competing in the Age of AI: Strategy and Leadership When Algorithms and Networks Run the World,Marco Iansiti; Karim R. Lakhani,2020,2020,2020,08-Artificial Intelligence & Future Technology,Artificial Intelligence & Future Technology,02-AI-SOCIETY,Future Of Work,Human-AI Collaboration,Competing-in-the-Age-of-AI,Intermediate,planned,md/08-Artificial-Intelligence-and-Future-Technology/02-AI-SOCIETY/Competing-in-the-Age-of-AI.md,nonfiction,summary,detailed,Foundation,,
1266,1266,P0,Futureproof: 9 Rules for Humans in the Age of Automation,Kevin Roose,2021,2022,2021,08-Artificial Intelligence & Future Technology,Artificial Intelligence & Future Technology,02-AI-SOCIETY,Future Of Work,Future Skills,Futureproof-Roose,Intermediate,planned,md/08-Artificial-Intelligence-and-Future-Technology/02-AI-SOCIETY/Futureproof-Roose.md,nonfiction,summary,detailed,Foundation,,
1267,1267,P1,Robot-Proof: Higher Education in the Age of Artificial Intelligence,Joseph E. Aoun,2017,2018,2017,08-Artificial Intelligence & Future Technology,Artificial Intelligence & Future Technology,02-AI-SOCIETY,Future Of Work,Future Skills,Robot-Proof,Intermediate,planned,md/08-Artificial-Intelligence-and-Future-Technology/02-AI-SOCIETY/Robot-Proof.md,nonfiction,summary,detailed,Foundation,,
1268,1268,P0,21 Lessons for the 21st Century,Yuval Noah Harari,2018,2019,2018,08-Artificial Intelligence & Future Technology,Artificial Intelligence & Future Technology,02-AI-SOCIETY,Future Of Work,Future Skills,21-Lessons-for-the-21st-Century,Intermediate,planned,md/08-Artificial-Intelligence-and-Future-Technology/02-AI-SOCIETY/21-Lessons-for-the-21st-Century.md,nonfiction,summary,detailed,Foundation,,
1269,1269,P0,Homo Deus: A Brief History of Tomorrow,Yuval Noah Harari,2015,2017,2015,08-Artificial Intelligence & Future Technology,Artificial Intelligence & Future Technology,02-AI-SOCIETY,Future Of Work,Future Skills,Homo-Deus,Intermediate,planned,md/08-Artificial-Intelligence-and-Future-Technology/02-AI-SOCIETY/Homo-Deus.md,nonfiction,summary,detailed,Foundation,,
1270,1270,P0,AI 2041: Ten Visions for Our Future,Kai-Fu Lee; Chen Qiufan,2021,2021,2021,08-Artificial Intelligence & Future Technology,Artificial Intelligence & Future Technology,02-AI-SOCIETY,Future Of Work,Future Skills,AI-2041,Intermediate,planned,md/08-Artificial-Intelligence-and-Future-Technology/02-AI-SOCIETY/AI-2041.md,nonfiction,summary,detailed,Foundation,,
1271,1271,P0,"AI Superpowers: China, Silicon Valley, and the New World Order",Kai-Fu Lee,2018,2018,2018,08-Artificial Intelligence & Future Technology,Artificial Intelligence & Future Technology,03-EMERGING-TECHNOLOGY,Robotics,Intelligent Machines,AI-Superpowers,Intermediate,planned,md/08-Artificial-Intelligence-and-Future-Technology/03-EMERGING-TECHNOLOGY/AI-Superpowers.md,nonfiction,summary,detailed,Foundation,,
1272,1272,P0,Probabilistic Robotics,Sebastian Thrun; Wolfram Burgard; Dieter Fox,2005,2005,2005,08-Artificial Intelligence & Future Technology,Artificial Intelligence & Future Technology,03-EMERGING-TECHNOLOGY,Robotics,Intelligent Machines,Probabilistic-Robotics,Intermediate,planned,md/08-Artificial-Intelligence-and-Future-Technology/03-EMERGING-TECHNOLOGY/Probabilistic-Robotics.md,nonfiction,summary,detailed,Foundation,,
1273,1273,P1,Introduction to Autonomous Mobile Robots,Roland Siegwart; Illah R. Nourbakhsh; Davide Scaramuzza,2004,2011,2004,08-Artificial Intelligence & Future Technology,Artificial Intelligence & Future Technology,03-EMERGING-TECHNOLOGY,Robotics,Intelligent Machines,Introduction-to-Autonomous-Mobile-Robots,Intermediate,planned,md/08-Artificial-Intelligence-and-Future-Technology/03-EMERGING-TECHNOLOGY/Introduction-to-Autonomous-Mobile-Robots.md,nonfiction,summary,detailed,Foundation,,
1274,1274,P1,Robot: Mere Machine to Transcendent Mind,Hans Moravec,1998,2000,1998,08-Artificial Intelligence & Future Technology,Artificial Intelligence & Future Technology,03-EMERGING-TECHNOLOGY,Robotics,Intelligent Machines,Robot-Moravec,Intermediate,planned,md/08-Artificial-Intelligence-and-Future-Technology/03-EMERGING-TECHNOLOGY/Robot-Moravec.md,nonfiction,summary,detailed,Foundation,,
1275,1275,P1,Mind Children: The Future of Robot and Human Intelligence,Hans Moravec,1988,1990,1988,08-Artificial Intelligence & Future Technology,Artificial Intelligence & Future Technology,03-EMERGING-TECHNOLOGY,Robotics,Intelligent Machines,Mind-Children,Intermediate,planned,md/08-Artificial-Intelligence-and-Future-Technology/03-EMERGING-TECHNOLOGY/Mind-Children.md,nonfiction,summary,detailed,Foundation,,
1276,1276,P0,The Fourth Industrial Revolution,Klaus Schwab,2016,2017,2016,08-Artificial Intelligence & Future Technology,Artificial Intelligence & Future Technology,03-EMERGING-TECHNOLOGY,Robotics,Automation,The-Fourth-Industrial-Revolution,Intermediate,planned,md/08-Artificial-Intelligence-and-Future-Technology/03-EMERGING-TECHNOLOGY/The-Fourth-Industrial-Revolution.md,nonfiction,summary,detailed,Foundation,,
1277,1277,P1,Shaping the Future of the Fourth Industrial Revolution,Klaus Schwab; Nicholas Davis,2018,2018,2018,08-Artificial Intelligence & Future Technology,Artificial Intelligence & Future Technology,03-EMERGING-TECHNOLOGY,Robotics,Automation,Shaping-the-Future-of-the-Fourth-Industrial-Revolution,Intermediate,planned,md/08-Artificial-Intelligence-and-Future-Technology/03-EMERGING-TECHNOLOGY/Shaping-the-Future-of-the-Fourth-Industrial-Revolution.md,nonfiction,summary,detailed,Foundation,,
1278,1278,P1,"The Lights in the Tunnel: Automation, Accelerating Technology and the Economy of the Future",Martin Ford,2009,2009,2009,08-Artificial Intelligence & Future Technology,Artificial Intelligence & Future Technology,03-EMERGING-TECHNOLOGY,Robotics,Automation,The-Lights-in-the-Tunnel,Intermediate,planned,md/08-Artificial-Intelligence-and-Future-Technology/03-EMERGING-TECHNOLOGY/The-Lights-in-the-Tunnel.md,nonfiction,summary,detailed,Foundation,,
1279,1279,P0,"Race Against the Machine: How the Digital Revolution is Accelerating Innovation, Driving Productivity, and Irreversibly Transforming Employment and the Economy",Erik Brynjolfsson; Andrew McAfee,2011,2012,2011,08-Artificial Intelligence & Future Technology,Artificial Intelligence & Future Technology,03-EMERGING-TECHNOLOGY,Robotics,Automation,Race-Against-the-Machine,Intermediate,planned,md/08-Artificial-Intelligence-and-Future-Technology/03-EMERGING-TECHNOLOGY/Race-Against-the-Machine.md,nonfiction,summary,detailed,Foundation,,
1280,1280,P1,"Autonomous Driving: Technical, Legal and Social Aspects",Markus Maurer; J. Christian Gerdes; Barbara Lenz; Hermann Winner,2016,2016,2016,08-Artificial Intelligence & Future Technology,Artificial Intelligence & Future Technology,03-EMERGING-TECHNOLOGY,Robotics,Automation,Autonomous-Driving-Maurer,Intermediate,planned,md/08-Artificial-Intelligence-and-Future-Technology/03-EMERGING-TECHNOLOGY/Autonomous-Driving-Maurer.md,nonfiction,summary,detailed,Foundation,,
1281,1281,P0,Quantum Computing Since Democritus,Scott Aaronson,2013,2013,2013,08-Artificial Intelligence & Future Technology,Artificial Intelligence & Future Technology,03-EMERGING-TECHNOLOGY,Quantum Technology,Quantum Computing Concepts,Quantum-Computing-Since-Democritus,Intermediate,planned,md/08-Artificial-Intelligence-and-Future-Technology/03-EMERGING-TECHNOLOGY/Quantum-Computing-Since-Democritus.md,nonfiction,summary,detailed,Foundation,,
1282,1282,P0,Quantum Computation and Quantum Information,Michael A. Nielsen; Isaac L. Chuang,2000,2010,2000,08-Artificial Intelligence & Future Technology,Artificial Intelligence & Future Technology,03-EMERGING-TECHNOLOGY,Quantum Technology,Quantum Computing Concepts,Quantum-Computation-and-Quantum-Information,Intermediate,planned,md/08-Artificial-Intelligence-and-Future-Technology/03-EMERGING-TECHNOLOGY/Quantum-Computation-and-Quantum-Information.md,nonfiction,summary,detailed,Foundation,,
1283,1283,P1,Programming Quantum Computers: Essential Algorithms and Code Samples,Eric R. Johnston; Nic Harrigan; Mercedes Gimeno-Segovia,2019,2019,2019,08-Artificial Intelligence & Future Technology,Artificial Intelligence & Future Technology,03-EMERGING-TECHNOLOGY,Quantum Technology,Quantum Computing Concepts,Programming-Quantum-Computers,Intermediate,planned,md/08-Artificial-Intelligence-and-Future-Technology/03-EMERGING-TECHNOLOGY/Programming-Quantum-Computers.md,nonfiction,summary,detailed,Foundation,,
1284,1284,P1,Quantum Computing: An Applied Approach,Jack D. Hidary,2019,2021,2019,08-Artificial Intelligence & Future Technology,Artificial Intelligence & Future Technology,03-EMERGING-TECHNOLOGY,Quantum Technology,Quantum Computing Concepts,Quantum-Computing-Hidary,Intermediate,planned,md/08-Artificial-Intelligence-and-Future-Technology/03-EMERGING-TECHNOLOGY/Quantum-Computing-Hidary.md,nonfiction,summary,detailed,Foundation,,
1285,1285,P0,Quantum Supremacy: How the Quantum Computer Revolution Will Change Everything,Michio Kaku,2023,2023,2023,08-Artificial Intelligence & Future Technology,Artificial Intelligence & Future Technology,03-EMERGING-TECHNOLOGY,Quantum Technology,Quantum Computing Concepts,Quantum-Supremacy-Kaku,Intermediate,planned,md/08-Artificial-Intelligence-and-Future-Technology/03-EMERGING-TECHNOLOGY/Quantum-Supremacy-Kaku.md,nonfiction,summary,detailed,Foundation,,
1286,1286,P0,"The Code Breaker: Jennifer Doudna, Gene Editing, and the Future of the Human Race",Walter Isaacson,2021,2021,2021,08-Artificial Intelligence & Future Technology,Artificial Intelligence & Future Technology,03-EMERGING-TECHNOLOGY,Biotechnology,Biotechnology,The-Code-Breaker,Intermediate,planned,md/08-Artificial-Intelligence-and-Future-Technology/03-EMERGING-TECHNOLOGY/The-Code-Breaker.md,nonfiction,summary,detailed,Foundation,,
1287,1287,P0,A Crack in Creation: Gene Editing and the Unthinkable Power to Control Evolution,Jennifer A. Doudna; Samuel H. Sternberg,2017,2018,2017,08-Artificial Intelligence & Future Technology,Artificial Intelligence & Future Technology,03-EMERGING-TECHNOLOGY,Biotechnology,Biotechnology,A-Crack-in-Creation,Intermediate,planned,md/08-Artificial-Intelligence-and-Future-Technology/03-EMERGING-TECHNOLOGY/A-Crack-in-Creation.md,nonfiction,summary,detailed,Foundation,,
1288,1288,P0,The Genesis Machine: Our Quest to Rewrite Life in the Age of Synthetic Biology,Amy Webb; Andrew Hessel,2022,2022,2022,08-Artificial Intelligence & Future Technology,Artificial Intelligence & Future Technology,03-EMERGING-TECHNOLOGY,Biotechnology,Biotechnology,The-Genesis-Machine,Intermediate,planned,md/08-Artificial-Intelligence-and-Future-Technology/03-EMERGING-TECHNOLOGY/The-Genesis-Machine.md,nonfiction,summary,detailed,Foundation,,
1289,1289,P0,Regenesis: How Synthetic Biology Will Reinvent Nature and Ourselves,George M. Church; Ed Regis,2012,2014,2012,08-Artificial Intelligence & Future Technology,Artificial Intelligence & Future Technology,03-EMERGING-TECHNOLOGY,Biotechnology,Biotechnology,Regenesis-Church,Intermediate,planned,md/08-Artificial-Intelligence-and-Future-Technology/03-EMERGING-TECHNOLOGY/Regenesis-Church.md,nonfiction,summary,detailed,Foundation,,
1290,1290,P1,Synthetic: How Life Got Made,Sophia Roosth,2017,2017,2017,08-Artificial Intelligence & Future Technology,Artificial Intelligence & Future Technology,03-EMERGING-TECHNOLOGY,Biotechnology,Biotechnology,Synthetic-Roosth,Intermediate,planned,md/08-Artificial-Intelligence-and-Future-Technology/03-EMERGING-TECHNOLOGY/Synthetic-Roosth.md,nonfiction,summary,detailed,Foundation,,
1291,1291,P0,The Gene: An Intimate History,Siddhartha Mukherjee,2016,2017,2016,08-Artificial Intelligence & Future Technology,Artificial Intelligence & Future Technology,03-EMERGING-TECHNOLOGY,Biotechnology,Genetic Technology,The-Gene-Mukherjee,Intermediate,planned,md/08-Artificial-Intelligence-and-Future-Technology/03-EMERGING-TECHNOLOGY/The-Gene-Mukherjee.md,nonfiction,summary,detailed,Foundation,,
1292,1292,P0,The Song of the Cell: An Exploration of Medicine and the New Human,Siddhartha Mukherjee,2022,2022,2022,08-Artificial Intelligence & Future Technology,Artificial Intelligence & Future Technology,03-EMERGING-TECHNOLOGY,Biotechnology,Genetic Technology,The-Song-of-the-Cell,Intermediate,planned,md/08-Artificial-Intelligence-and-Future-Technology/03-EMERGING-TECHNOLOGY/The-Song-of-the-Cell.md,nonfiction,summary,detailed,Foundation,,
1293,1293,P0,Hacking Darwin: Genetic Engineering and the Future of Humanity,Jamie Metzl,2019,2020,2019,08-Artificial Intelligence & Future Technology,Artificial Intelligence & Future Technology,03-EMERGING-TECHNOLOGY,Biotechnology,Genetic Technology,Hacking-Darwin,Intermediate,planned,md/08-Artificial-Intelligence-and-Future-Technology/03-EMERGING-TECHNOLOGY/Hacking-Darwin.md,nonfiction,summary,detailed,Foundation,,
1294,1294,P0,"She Has Her Mother's Laugh: The Powers, Perversions, and Potential of Heredity",Carl Zimmer,2018,2019,2018,08-Artificial Intelligence & Future Technology,Artificial Intelligence & Future Technology,03-EMERGING-TECHNOLOGY,Biotechnology,Genetic Technology,She-Has-Her-Mothers-Laugh,Intermediate,planned,md/08-Artificial-Intelligence-and-Future-Technology/03-EMERGING-TECHNOLOGY/She-Has-Her-Mothers-Laugh.md,nonfiction,summary,detailed,Foundation,,
1295,1295,P1,Asimov's Guide to Science,Isaac Asimov,1972,1984,1972,08-Artificial Intelligence & Future Technology,Artificial Intelligence & Future Technology,03-EMERGING-TECHNOLOGY,Biotechnology,Genetic Technology,Asimovs-Guide-to-Science,Intermediate,planned,md/08-Artificial-Intelligence-and-Future-Technology/03-EMERGING-TECHNOLOGY/Asimovs-Guide-to-Science.md,nonfiction,summary,detailed,Foundation,,
1296,1296,P0,The Singularity Is Near: When Humans Transcend Biology,Ray Kurzweil,2005,2006,2005,08-Artificial Intelligence & Future Technology,Artificial Intelligence & Future Technology,03-EMERGING-TECHNOLOGY,Future Technology,Technology Forecasting,The-Singularity-Is-Near,Intermediate,planned,md/08-Artificial-Intelligence-and-Future-Technology/03-EMERGING-TECHNOLOGY/The-Singularity-Is-Near.md,nonfiction,summary,detailed,Foundation,,
1297,1297,P0,The Singularity Is Nearer: When We Merge with AI,Ray Kurzweil,2024,2024,2024,08-Artificial Intelligence & Future Technology,Artificial Intelligence & Future Technology,03-EMERGING-TECHNOLOGY,Future Technology,Technology Forecasting,The-Singularity-Is-Nearer,Intermediate,planned,md/08-Artificial-Intelligence-and-Future-Technology/03-EMERGING-TECHNOLOGY/The-Singularity-Is-Nearer.md,nonfiction,summary,detailed,Foundation,,
1298,1298,P0,How to Create a Mind: The Secret of Human Thought Revealed,Ray Kurzweil,2012,2013,2012,08-Artificial Intelligence & Future Technology,Artificial Intelligence & Future Technology,03-EMERGING-TECHNOLOGY,Future Technology,Technology Forecasting,How-to-Create-a-Mind,Intermediate,planned,md/08-Artificial-Intelligence-and-Future-Technology/03-EMERGING-TECHNOLOGY/How-to-Create-a-Mind.md,nonfiction,summary,detailed,Foundation,,
1299,1299,P0,Abundance: The Future Is Better Than You Think,Peter H. Diamandis; Steven Kotler,2012,2014,2012,08-Artificial Intelligence & Future Technology,Artificial Intelligence & Future Technology,03-EMERGING-TECHNOLOGY,Future Technology,Technology Forecasting,Abundance-Diamandis,Intermediate,planned,md/08-Artificial-Intelligence-and-Future-Technology/03-EMERGING-TECHNOLOGY/Abundance-Diamandis.md,nonfiction,summary,detailed,Foundation,,
1300,1300,P0,"The Future Is Faster Than You Think: How Converging Technologies Are Transforming Business, Industries, and Our Lives",Peter H. Diamandis; Steven Kotler,2020,2020,2020,08-Artificial Intelligence & Future Technology,Artificial Intelligence & Future Technology,03-EMERGING-TECHNOLOGY,Future Technology,Technology Forecasting,The-Future-Is-Faster-Than-You-Think,Intermediate,planned,md/08-Artificial-Intelligence-and-Future-Technology/03-EMERGING-TECHNOLOGY/The-Future-Is-Faster-Than-You-Think.md,nonfiction,summary,detailed,Foundation,,
1301,1301,P0,Physics of the Future: How Science Will Shape Human Destiny and Our Daily Lives by the Year 2100,Michio Kaku,2011,2012,2011,08-Artificial Intelligence & Future Technology,Artificial Intelligence & Future Technology,03-EMERGING-TECHNOLOGY,Future Technology,Emerging Technologies,Physics-of-the-Future,Intermediate,planned,md/08-Artificial-Intelligence-and-Future-Technology/03-EMERGING-TECHNOLOGY/Physics-of-the-Future.md,nonfiction,summary,detailed,Foundation,,
1302,1302,P0,"The Future of Humanity: Terraforming Mars, Interstellar Travel, Immortality, and Our Destiny Beyond Earth",Michio Kaku,2018,2019,2018,08-Artificial Intelligence & Future Technology,Artificial Intelligence & Future Technology,03-EMERGING-TECHNOLOGY,Future Technology,Emerging Technologies,The-Future-of-Humanity-Kaku,Intermediate,planned,md/08-Artificial-Intelligence-and-Future-Technology/03-EMERGING-TECHNOLOGY/The-Future-of-Humanity-Kaku.md,nonfiction,summary,detailed,Foundation,,
1303,1303,P0,Soonish: Ten Emerging Technologies That'll Improve and/or Ruin Everything,Kelly Weinersmith; Zach Weinersmith,2017,2019,2017,08-Artificial Intelligence & Future Technology,Artificial Intelligence & Future Technology,03-EMERGING-TECHNOLOGY,Future Technology,Emerging Technologies,Soonish,Intermediate,planned,md/08-Artificial-Intelligence-and-Future-Technology/03-EMERGING-TECHNOLOGY/Soonish.md,nonfiction,summary,detailed,Foundation,,
1304,1304,P0,"A City on Mars: Can We Settle Space, Should We Settle Space, and Have We Really Thought This Through?",Kelly Weinersmith; Zach Weinersmith,2023,2023,2023,08-Artificial Intelligence & Future Technology,Artificial Intelligence & Future Technology,03-EMERGING-TECHNOLOGY,Future Technology,Emerging Technologies,A-City-on-Mars,Intermediate,planned,md/08-Artificial-Intelligence-and-Future-Technology/03-EMERGING-TECHNOLOGY/A-City-on-Mars.md,nonfiction,summary,detailed,Foundation,,
1305,1305,P1,The Extreme Future: The Top Trends That Will Reshape the World in the Next 20 Years,James Canton,2006,2007,2006,08-Artificial Intelligence & Future Technology,Artificial Intelligence & Future Technology,03-EMERGING-TECHNOLOGY,Future Technology,Emerging Technologies,The-Extreme-Future,Intermediate,planned,md/08-Artificial-Intelligence-and-Future-Technology/03-EMERGING-TECHNOLOGY/The-Extreme-Future.md,nonfiction,summary,detailed,Foundation,,
1306,1306,P0,The Signals Are Talking: Why Today's Fringe Is Tomorrow's Mainstream,Amy Webb,2016,2016,2016,08-Artificial Intelligence & Future Technology,Artificial Intelligence & Future Technology,04-FUTURES-LONG-TERM-THINKING,Futures Studies,Forecasting,The-Signals-Are-Talking,Intermediate,planned,md/08-Artificial-Intelligence-and-Future-Technology/04-FUTURES-LONG-TERM-THINKING/The-Signals-Are-Talking.md,nonfiction,summary,detailed,Foundation,,
1307,1307,P0,The Big Nine: How the Tech Titans and Their Thinking Machines Could Warp Humanity,Amy Webb,2019,2019,2019,08-Artificial Intelligence & Future Technology,Artificial Intelligence & Future Technology,04-FUTURES-LONG-TERM-THINKING,Futures Studies,Forecasting,The-Big-Nine,Intermediate,planned,md/08-Artificial-Intelligence-and-Future-Technology/04-FUTURES-LONG-TERM-THINKING/The-Big-Nine.md,nonfiction,summary,detailed,Foundation,,
1308,1308,P1,Thinking About the Future: Guidelines for Strategic Foresight,Peter C. Bishop; Andy Hines,2007,2012,2007,08-Artificial Intelligence & Future Technology,Artificial Intelligence & Future Technology,04-FUTURES-LONG-TERM-THINKING,Futures Studies,Forecasting,Thinking-About-the-Future-Bishop,Intermediate,planned,md/08-Artificial-Intelligence-and-Future-Technology/04-FUTURES-LONG-TERM-THINKING/Thinking-About-the-Future-Bishop.md,nonfiction,summary,detailed,Foundation,,
1309,1309,P2,"Future Savvy: Quality Anticipation, Responsible Planning, and Robust Decision-Making",Adam Gordon,2008,2008,2008,08-Artificial Intelligence & Future Technology,Artificial Intelligence & Future Technology,04-FUTURES-LONG-TERM-THINKING,Futures Studies,Forecasting,Future-Savvy,Intermediate,planned,md/08-Artificial-Intelligence-and-Future-Technology/04-FUTURES-LONG-TERM-THINKING/Future-Savvy.md,nonfiction,summary,detailed,Foundation,,
1310,1310,P0,The Art of the Long View: Planning for the Future in an Uncertain World,Peter Schwartz,1991,1996,1991,08-Artificial Intelligence & Future Technology,Artificial Intelligence & Future Technology,04-FUTURES-LONG-TERM-THINKING,Futures Studies,Forecasting,The-Art-of-the-Long-View,Intermediate,planned,md/08-Artificial-Intelligence-and-Future-Technology/04-FUTURES-LONG-TERM-THINKING/The-Art-of-the-Long-View.md,nonfiction,summary,detailed,Foundation,,
1311,1311,P1,Scenario Planning: The Link Between Future and Strategy,Mats Lindgren; Hans Bandhold,2003,2009,2003,08-Artificial Intelligence & Future Technology,Artificial Intelligence & Future Technology,04-FUTURES-LONG-TERM-THINKING,Futures Studies,Scenario Thinking,Scenario-Planning-Lindgren,Intermediate,planned,md/08-Artificial-Intelligence-and-Future-Technology/04-FUTURES-LONG-TERM-THINKING/Scenario-Planning-Lindgren.md,nonfiction,summary,detailed,Foundation,,
1312,1312,P1,Learning from the Future: Competitive Foresight Scenarios,Liam Fahey; Robert M. Randall,1997,1997,1997,08-Artificial Intelligence & Future Technology,Artificial Intelligence & Future Technology,04-FUTURES-LONG-TERM-THINKING,Futures Studies,Scenario Thinking,Learning-from-the-Future,Intermediate,planned,md/08-Artificial-Intelligence-and-Future-Technology/04-FUTURES-LONG-TERM-THINKING/Learning-from-the-Future.md,nonfiction,summary,detailed,Foundation,,
1313,1313,P0,Scenarios: The Art of Strategic Conversation,Kees van der Heijden,1996,2005,1996,08-Artificial Intelligence & Future Technology,Artificial Intelligence & Future Technology,04-FUTURES-LONG-TERM-THINKING,Futures Studies,Scenario Thinking,Scenarios-van-der-Heijden,Intermediate,planned,md/08-Artificial-Intelligence-and-Future-Technology/04-FUTURES-LONG-TERM-THINKING/Scenarios-van-der-Heijden.md,nonfiction,summary,detailed,Foundation,,
1314,1314,P1,Strategic Reframing: The Oxford Scenario Planning Approach,Rafael Ramirez; Angela Wilkinson,2016,2016,2016,08-Artificial Intelligence & Future Technology,Artificial Intelligence & Future Technology,04-FUTURES-LONG-TERM-THINKING,Futures Studies,Scenario Thinking,Strategic-Reframing,Intermediate,planned,md/08-Artificial-Intelligence-and-Future-Technology/04-FUTURES-LONG-TERM-THINKING/Strategic-Reframing.md,nonfiction,summary,detailed,Foundation,,
1315,1315,P0,Future Shock,Alvin Toffler,1970,1984,1970,08-Artificial Intelligence & Future Technology,Artificial Intelligence & Future Technology,04-FUTURES-LONG-TERM-THINKING,Futures Studies,Scenario Thinking,Future-Shock,Intermediate,planned,md/08-Artificial-Intelligence-and-Future-Technology/04-FUTURES-LONG-TERM-THINKING/Future-Shock.md,nonfiction,summary,detailed,Foundation,,
1316,1316,P0,The Third Wave,Alvin Toffler,1980,1984,1980,08-Artificial Intelligence & Future Technology,Artificial Intelligence & Future Technology,04-FUTURES-LONG-TERM-THINKING,Long-Term Future,Civilization Futures,The-Third-Wave,Intermediate,planned,md/08-Artificial-Intelligence-and-Future-Technology/04-FUTURES-LONG-TERM-THINKING/The-Third-Wave.md,nonfiction,summary,detailed,Foundation,,
1317,1317,P1,"Powershift: Knowledge, Wealth, and Power at the Edge of the 21st Century",Alvin Toffler,1990,1991,1990,08-Artificial Intelligence & Future Technology,Artificial Intelligence & Future Technology,04-FUTURES-LONG-TERM-THINKING,Long-Term Future,Civilization Futures,Powershift-Toffler,Intermediate,planned,md/08-Artificial-Intelligence-and-Future-Technology/04-FUTURES-LONG-TERM-THINKING/Powershift-Toffler.md,nonfiction,summary,detailed,Foundation,,
1318,1318,P0,What We Owe the Future,William MacAskill,2022,2022,2022,08-Artificial Intelligence & Future Technology,Artificial Intelligence & Future Technology,04-FUTURES-LONG-TERM-THINKING,Long-Term Future,Civilization Futures,What-We-Owe-the-Future,Intermediate,planned,md/08-Artificial-Intelligence-and-Future-Technology/04-FUTURES-LONG-TERM-THINKING/What-We-Owe-the-Future.md,nonfiction,summary,detailed,Foundation,,
1319,1319,P0,Doing Good Better: How Effective Altruism Can Help You Make a Difference,William MacAskill,2015,2016,2015,08-Artificial Intelligence & Future Technology,Artificial Intelligence & Future Technology,04-FUTURES-LONG-TERM-THINKING,Long-Term Future,Civilization Futures,Doing-Good-Better,Intermediate,planned,md/08-Artificial-Intelligence-and-Future-Technology/04-FUTURES-LONG-TERM-THINKING/Doing-Good-Better.md,nonfiction,summary,detailed,Foundation,,
1320,1320,P0,The Good Ancestor: A Radical Prescription for Long-Term Thinking,Roman Krznaric,2020,2020,2020,08-Artificial Intelligence & Future Technology,Artificial Intelligence & Future Technology,04-FUTURES-LONG-TERM-THINKING,Long-Term Future,Civilization Futures,The-Good-Ancestor,Intermediate,planned,md/08-Artificial-Intelligence-and-Future-Technology/04-FUTURES-LONG-TERM-THINKING/The-Good-Ancestor.md,nonfiction,summary,detailed,Foundation,,
1321,1321,P0,"Our Final Hour: A Scientist's Warning: How Terror, Error, and Environmental Disaster Threaten Humankind's Future in This Century—On Earth and Beyond",Martin Rees,2003,2004,2003,08-Artificial Intelligence & Future Technology,Artificial Intelligence & Future Technology,04-FUTURES-LONG-TERM-THINKING,Long-Term Future,Existential Risk,Our-Final-Hour,Intermediate,planned,md/08-Artificial-Intelligence-and-Future-Technology/04-FUTURES-LONG-TERM-THINKING/Our-Final-Hour.md,nonfiction,summary,detailed,Foundation,,
1322,1322,P0,On the Future: Prospects for Humanity,Martin Rees,2018,2021,2018,08-Artificial Intelligence & Future Technology,Artificial Intelligence & Future Technology,04-FUTURES-LONG-TERM-THINKING,Long-Term Future,Existential Risk,On-the-Future-Rees,Intermediate,planned,md/08-Artificial-Intelligence-and-Future-Technology/04-FUTURES-LONG-TERM-THINKING/On-the-Future-Rees.md,nonfiction,summary,detailed,Foundation,,
1323,1323,P1,End Times: A Brief Guide to the End of the World,Bryan Walsh,2019,2019,2019,08-Artificial Intelligence & Future Technology,Artificial Intelligence & Future Technology,04-FUTURES-LONG-TERM-THINKING,Long-Term Future,Existential Risk,End-Times-Walsh,Intermediate,planned,md/08-Artificial-Intelligence-and-Future-Technology/04-FUTURES-LONG-TERM-THINKING/End-Times-Walsh.md,nonfiction,summary,detailed,Foundation,,
1324,1324,P1,X-Risk: How Humanity Discovered Its Own Extinction,Thomas Moynihan,2020,2020,2020,08-Artificial Intelligence & Future Technology,Artificial Intelligence & Future Technology,04-FUTURES-LONG-TERM-THINKING,Long-Term Future,Existential Risk,X-Risk-Moynihan,Intermediate,planned,md/08-Artificial-Intelligence-and-Future-Technology/04-FUTURES-LONG-TERM-THINKING/X-Risk-Moynihan.md,nonfiction,summary,detailed,Foundation,,
1325,1325,P0,Engines of Creation: The Coming Era of Nanotechnology,K. Eric Drexler,1986,1990,1986,08-Artificial Intelligence & Future Technology,Artificial Intelligence & Future Technology,04-FUTURES-LONG-TERM-THINKING,Long-Term Future,Existential Risk,Engines-of-Creation,Intermediate,planned,md/08-Artificial-Intelligence-and-Future-Technology/04-FUTURES-LONG-TERM-THINKING/Engines-of-Creation.md,nonfiction,summary,detailed,Foundation,,
1326,1326,P0,"Enlightenment Now: The Case for Reason, Science, Humanism, and Progress",Steven Pinker,2018,2019,2018,08-Artificial Intelligence & Future Technology,Artificial Intelligence & Future Technology,04-FUTURES-LONG-TERM-THINKING,Long-Term Future,Long-Term Human Progress,Enlightenment-Now,Intermediate,planned,md/08-Artificial-Intelligence-and-Future-Technology/04-FUTURES-LONG-TERM-THINKING/Enlightenment-Now.md,nonfiction,summary,detailed,Foundation,,
1327,1327,P0,The Better Angels of Our Nature: Why Violence Has Declined,Steven Pinker,2011,2012,2011,08-Artificial Intelligence & Future Technology,Artificial Intelligence & Future Technology,04-FUTURES-LONG-TERM-THINKING,Long-Term Future,Long-Term Human Progress,The-Better-Angels-of-Our-Nature,Intermediate,planned,md/08-Artificial-Intelligence-and-Future-Technology/04-FUTURES-LONG-TERM-THINKING/The-Better-Angels-of-Our-Nature.md,nonfiction,summary,detailed,Foundation,,
1328,1328,P0,Factfulness: Ten Reasons We're Wrong About the World—and Why Things Are Better Than You Think,Hans Rosling; Ola Rosling; Anna Rosling Rönnlund,2018,2018,2018,08-Artificial Intelligence & Future Technology,Artificial Intelligence & Future Technology,04-FUTURES-LONG-TERM-THINKING,Long-Term Future,Long-Term Human Progress,Factfulness,Intermediate,planned,md/08-Artificial-Intelligence-and-Future-Technology/04-FUTURES-LONG-TERM-THINKING/Factfulness.md,nonfiction,summary,detailed,Foundation,,
1329,1329,P0,The Rational Optimist: How Prosperity Evolves,Matt Ridley,2010,2020,2010,08-Artificial Intelligence & Future Technology,Artificial Intelligence & Future Technology,04-FUTURES-LONG-TERM-THINKING,Long-Term Future,Long-Term Human Progress,The-Rational-Optimist,Intermediate,planned,md/08-Artificial-Intelligence-and-Future-Technology/04-FUTURES-LONG-TERM-THINKING/The-Rational-Optimist.md,nonfiction,summary,detailed,Foundation,,
1330,1330,P1,Progress: Ten Reasons to Look Forward to the Future,Johan Norberg,2016,2017,2016,08-Artificial Intelligence & Future Technology,Artificial Intelligence & Future Technology,04-FUTURES-LONG-TERM-THINKING,Long-Term Future,Long-Term Human Progress,Progress-Norberg,Intermediate,planned,md/08-Artificial-Intelligence-and-Future-Technology/04-FUTURES-LONG-TERM-THINKING/Progress-Norberg.md,nonfiction,summary,detailed,Foundation,,
1331,1331,P0,The Republic,Plato,-375,2007,-375,"09-Philosophy, Ethics & Decision-Making","Philosophy, Ethics & Decision-Making",01-CLASSICAL-MODERN-PHILOSOPHY,Ancient Philosophy,Greek Philosophy,The-Republic-Plato,Intermediate,planned,md/09-Philosophy-Ethics-and-Decision-Making/01-CLASSICAL-MODERN-PHILOSOPHY/The-Republic-Plato.md,nonfiction,summary,detailed,Foundation,,
1332,1332,P0,Nicomachean Ethics,Aristotle,-340,2014,-340,"09-Philosophy, Ethics & Decision-Making","Philosophy, Ethics & Decision-Making",01-CLASSICAL-MODERN-PHILOSOPHY,Ancient Philosophy,Greek Philosophy,Nicomachean-Ethics,Intermediate,planned,md/09-Philosophy-Ethics-and-Decision-Making/01-CLASSICAL-MODERN-PHILOSOPHY/Nicomachean-Ethics.md,nonfiction,summary,detailed,Foundation,,
1333,1333,P0,The Trial and Death of Socrates,Plato,-399,2000,-399,"09-Philosophy, Ethics & Decision-Making","Philosophy, Ethics & Decision-Making",01-CLASSICAL-MODERN-PHILOSOPHY,Ancient Philosophy,Greek Philosophy,The-Trial-and-Death-of-Socrates,Intermediate,planned,md/09-Philosophy-Ethics-and-Decision-Making/01-CLASSICAL-MODERN-PHILOSOPHY/The-Trial-and-Death-of-Socrates.md,nonfiction,summary,detailed,Foundation,,
1334,1334,P1,The Symposium,Plato,-385,2008,-385,"09-Philosophy, Ethics & Decision-Making","Philosophy, Ethics & Decision-Making",01-CLASSICAL-MODERN-PHILOSOPHY,Ancient Philosophy,Greek Philosophy,The-Symposium-Plato,Intermediate,planned,md/09-Philosophy-Ethics-and-Decision-Making/01-CLASSICAL-MODERN-PHILOSOPHY/The-Symposium-Plato.md,nonfiction,summary,detailed,Foundation,,
1335,1335,P0,Politics,Aristotle,-335,2013,-335,"09-Philosophy, Ethics & Decision-Making","Philosophy, Ethics & Decision-Making",01-CLASSICAL-MODERN-PHILOSOPHY,Ancient Philosophy,Greek Philosophy,Politics-Aristotle,Intermediate,planned,md/09-Philosophy-Ethics-and-Decision-Making/01-CLASSICAL-MODERN-PHILOSOPHY/Politics-Aristotle.md,nonfiction,summary,detailed,Foundation,,
1336,1336,P0,Meditations,Marcus Aurelius,180,2002,180,"09-Philosophy, Ethics & Decision-Making","Philosophy, Ethics & Decision-Making",01-CLASSICAL-MODERN-PHILOSOPHY,Ancient Philosophy,Roman Stoicism,Meditations-Marcus-Aurelius,Intermediate,planned,md/09-Philosophy-Ethics-and-Decision-Making/01-CLASSICAL-MODERN-PHILOSOPHY/Meditations-Marcus-Aurelius.md,nonfiction,summary,detailed,Foundation,,
1337,1337,P0,Letters from a Stoic,Lucius Annaeus Seneca,65,2004,65,"09-Philosophy, Ethics & Decision-Making","Philosophy, Ethics & Decision-Making",01-CLASSICAL-MODERN-PHILOSOPHY,Ancient Philosophy,Roman Stoicism,Letters-from-a-Stoic-Seneca,Intermediate,planned,md/09-Philosophy-Ethics-and-Decision-Making/01-CLASSICAL-MODERN-PHILOSOPHY/Letters-from-a-Stoic-Seneca.md,nonfiction,summary,detailed,Foundation,,
1338,1338,P0,Discourses and Selected Writings,Epictetus,108,2008,108,"09-Philosophy, Ethics & Decision-Making","Philosophy, Ethics & Decision-Making",01-CLASSICAL-MODERN-PHILOSOPHY,Ancient Philosophy,Roman Stoicism,Discourses-Epictetus,Intermediate,planned,md/09-Philosophy-Ethics-and-Decision-Making/01-CLASSICAL-MODERN-PHILOSOPHY/Discourses-Epictetus.md,nonfiction,summary,detailed,Foundation,,
1339,1339,P0,On the Shortness of Life,Lucius Annaeus Seneca,49,2005,49,"09-Philosophy, Ethics & Decision-Making","Philosophy, Ethics & Decision-Making",01-CLASSICAL-MODERN-PHILOSOPHY,Ancient Philosophy,Roman Stoicism,On-the-Shortness-of-Life-Seneca,Intermediate,planned,md/09-Philosophy-Ethics-and-Decision-Making/01-CLASSICAL-MODERN-PHILOSOPHY/On-the-Shortness-of-Life-Seneca.md,nonfiction,summary,detailed,Foundation,,
1340,1340,P0,The Inner Citadel: The Meditations of Marcus Aurelius,Pierre Hadot,1998,2001,1998,"09-Philosophy, Ethics & Decision-Making","Philosophy, Ethics & Decision-Making",01-CLASSICAL-MODERN-PHILOSOPHY,Ancient Philosophy,Roman Stoicism,The-Inner-Citadel-Hadot,Intermediate,planned,md/09-Philosophy-Ethics-and-Decision-Making/01-CLASSICAL-MODERN-PHILOSOPHY/The-Inner-Citadel-Hadot.md,nonfiction,summary,detailed,Foundation,,
1341,1341,P0,Tao Te Ching,Laozi,-400,2006,-400,"09-Philosophy, Ethics & Decision-Making","Philosophy, Ethics & Decision-Making",01-CLASSICAL-MODERN-PHILOSOPHY,Ancient Philosophy,Eastern Philosophy,Tao-Te-Ching,Intermediate,planned,md/09-Philosophy-Ethics-and-Decision-Making/01-CLASSICAL-MODERN-PHILOSOPHY/Tao-Te-Ching.md,nonfiction,summary,detailed,Foundation,,
1342,1342,P0,The Analects,Confucius,-479,2014,-479,"09-Philosophy, Ethics & Decision-Making","Philosophy, Ethics & Decision-Making",01-CLASSICAL-MODERN-PHILOSOPHY,Ancient Philosophy,Eastern Philosophy,The-Analects-Confucius,Intermediate,planned,md/09-Philosophy-Ethics-and-Decision-Making/01-CLASSICAL-MODERN-PHILOSOPHY/The-Analects-Confucius.md,nonfiction,summary,detailed,Foundation,,
1343,1343,P0,The Bhagavad Gita,Vyasa (Eknath Easwaran Trans.),-200,2007,-200,"09-Philosophy, Ethics & Decision-Making","Philosophy, Ethics & Decision-Making",01-CLASSICAL-MODERN-PHILOSOPHY,Ancient Philosophy,Eastern Philosophy,The-Bhagavad-Gita,Intermediate,planned,md/09-Philosophy-Ethics-and-Decision-Making/01-CLASSICAL-MODERN-PHILOSOPHY/The-Bhagavad-Gita.md,nonfiction,summary,detailed,Foundation,,
1344,1344,P0,Zhuangzi: The Essential Writings,Zhuangzi (Brook Ziporyn Trans.),-300,2009,-300,"09-Philosophy, Ethics & Decision-Making","Philosophy, Ethics & Decision-Making",01-CLASSICAL-MODERN-PHILOSOPHY,Ancient Philosophy,Eastern Philosophy,Zhuangzi-Essential-Writings,Intermediate,planned,md/09-Philosophy-Ethics-and-Decision-Making/01-CLASSICAL-MODERN-PHILOSOPHY/Zhuangzi-Essential-Writings.md,nonfiction,summary,detailed,Foundation,,
1345,1345,P0,"Zen Mind, Beginner's Mind",Shunryu Suzuki,1970,2020,1970,"09-Philosophy, Ethics & Decision-Making","Philosophy, Ethics & Decision-Making",01-CLASSICAL-MODERN-PHILOSOPHY,Ancient Philosophy,Eastern Philosophy,Zen-Mind-Beginners-Mind,Intermediate,planned,md/09-Philosophy-Ethics-and-Decision-Making/01-CLASSICAL-MODERN-PHILOSOPHY/Zen-Mind-Beginners-Mind.md,nonfiction,summary,detailed,Foundation,,
1346,1346,P0,Meditations on First Philosophy,René Descartes,1641,2017,1641,"09-Philosophy, Ethics & Decision-Making","Philosophy, Ethics & Decision-Making",01-CLASSICAL-MODERN-PHILOSOPHY,Modern Philosophy,Enlightenment Philosophy,Meditations-on-First-Philosophy,Intermediate,planned,md/09-Philosophy-Ethics-and-Decision-Making/01-CLASSICAL-MODERN-PHILOSOPHY/Meditations-on-First-Philosophy.md,nonfiction,summary,detailed,Foundation,,
1347,1347,P0,An Enquiry Concerning Human Understanding,David Hume,1748,2007,1748,"09-Philosophy, Ethics & Decision-Making","Philosophy, Ethics & Decision-Making",01-CLASSICAL-MODERN-PHILOSOPHY,Modern Philosophy,Enlightenment Philosophy,An-Enquiry-Concerning-Human-Understanding,Intermediate,planned,md/09-Philosophy-Ethics-and-Decision-Making/01-CLASSICAL-MODERN-PHILOSOPHY/An-Enquiry-Concerning-Human-Understanding.md,nonfiction,summary,detailed,Foundation,,
1348,1348,P0,Critique of Pure Reason,Immanuel Kant,1781,2007,1781,"09-Philosophy, Ethics & Decision-Making","Philosophy, Ethics & Decision-Making",01-CLASSICAL-MODERN-PHILOSOPHY,Modern Philosophy,Enlightenment Philosophy,Critique-of-Pure-Reason,Intermediate,planned,md/09-Philosophy-Ethics-and-Decision-Making/01-CLASSICAL-MODERN-PHILOSOPHY/Critique-of-Pure-Reason.md,nonfiction,summary,detailed,Foundation,,
1349,1349,P0,Ethics,Baruch Spinoza,1677,2005,1677,"09-Philosophy, Ethics & Decision-Making","Philosophy, Ethics & Decision-Making",01-CLASSICAL-MODERN-PHILOSOPHY,Modern Philosophy,Enlightenment Philosophy,Ethics-Spinoza,Intermediate,planned,md/09-Philosophy-Ethics-and-Decision-Making/01-CLASSICAL-MODERN-PHILOSOPHY/Ethics-Spinoza.md,nonfiction,summary,detailed,Foundation,,
1350,1350,P0,An Essay Concerning Human Understanding,John Locke,1689,2014,1689,"09-Philosophy, Ethics & Decision-Making","Philosophy, Ethics & Decision-Making",01-CLASSICAL-MODERN-PHILOSOPHY,Modern Philosophy,Enlightenment Philosophy,An-Essay-Concerning-Human-Understanding,Intermediate,planned,md/09-Philosophy-Ethics-and-Decision-Making/01-CLASSICAL-MODERN-PHILOSOPHY/An-Essay-Concerning-Human-Understanding.md,nonfiction,summary,detailed,Foundation,,
1351,1351,P0,Beyond Good and Evil: Prelude to a Philosophy of the Future,Friedrich Nietzsche,1886,2002,1886,"09-Philosophy, Ethics & Decision-Making","Philosophy, Ethics & Decision-Making",01-CLASSICAL-MODERN-PHILOSOPHY,Modern Philosophy,Existentialism,Beyond-Good-and-Evil,Intermediate,planned,md/09-Philosophy-Ethics-and-Decision-Making/01-CLASSICAL-MODERN-PHILOSOPHY/Beyond-Good-and-Evil.md,nonfiction,summary,detailed,Foundation,,
1352,1352,P0,Thus Spoke Zarathustra,Friedrich Nietzsche,1883,2006,1883,"09-Philosophy, Ethics & Decision-Making","Philosophy, Ethics & Decision-Making",01-CLASSICAL-MODERN-PHILOSOPHY,Modern Philosophy,Existentialism,Thus-Spoke-Zarathustra,Intermediate,planned,md/09-Philosophy-Ethics-and-Decision-Making/01-CLASSICAL-MODERN-PHILOSOPHY/Thus-Spoke-Zarathustra.md,nonfiction,summary,detailed,Foundation,,
1353,1353,P0,Being and Nothingness: An Essay on Phenomenological Ontology,Jean-Paul Sartre,1943,2021,1943,"09-Philosophy, Ethics & Decision-Making","Philosophy, Ethics & Decision-Making",01-CLASSICAL-MODERN-PHILOSOPHY,Modern Philosophy,Existentialism,Being-and-Nothingness,Intermediate,planned,md/09-Philosophy-Ethics-and-Decision-Making/01-CLASSICAL-MODERN-PHILOSOPHY/Being-and-Nothingness.md,nonfiction,summary,detailed,Foundation,,
1354,1354,P0,The Myth of Sisyphus,Albert Camus,1942,2018,1942,"09-Philosophy, Ethics & Decision-Making","Philosophy, Ethics & Decision-Making",01-CLASSICAL-MODERN-PHILOSOPHY,Modern Philosophy,Existentialism,The-Myth-of-Sisyphus,Intermediate,planned,md/09-Philosophy-Ethics-and-Decision-Making/01-CLASSICAL-MODERN-PHILOSOPHY/The-Myth-of-Sisyphus.md,nonfiction,summary,detailed,Foundation,,
1355,1355,P0,Fear and Trembling,Søren Kierkegaard,1843,2006,1843,"09-Philosophy, Ethics & Decision-Making","Philosophy, Ethics & Decision-Making",01-CLASSICAL-MODERN-PHILOSOPHY,Modern Philosophy,Existentialism,Fear-and-Trembling,Intermediate,planned,md/09-Philosophy-Ethics-and-Decision-Making/01-CLASSICAL-MODERN-PHILOSOPHY/Fear-and-Trembling.md,nonfiction,summary,detailed,Foundation,,
1356,1356,P0,Pragmatism: A New Name for Some Old Ways of Thinking,William James,1907,2014,1907,"09-Philosophy, Ethics & Decision-Making","Philosophy, Ethics & Decision-Making",01-CLASSICAL-MODERN-PHILOSOPHY,Modern Philosophy,Pragmatism,Pragmatism-James,Intermediate,planned,md/09-Philosophy-Ethics-and-Decision-Making/01-CLASSICAL-MODERN-PHILOSOPHY/Pragmatism-James.md,nonfiction,summary,detailed,Foundation,,
1357,1357,P1,The Will to Believe and Other Essays in Popular Philosophy,William James,1897,2012,1897,"09-Philosophy, Ethics & Decision-Making","Philosophy, Ethics & Decision-Making",01-CLASSICAL-MODERN-PHILOSOPHY,Modern Philosophy,Pragmatism,The-Will-to-Believe,Intermediate,planned,md/09-Philosophy-Ethics-and-Decision-Making/01-CLASSICAL-MODERN-PHILOSOPHY/The-Will-to-Believe.md,nonfiction,summary,detailed,Foundation,,
1358,1358,P0,Democracy and Education: An Introduction to the Philosophy of Education,John Dewey,1916,2018,1916,"09-Philosophy, Ethics & Decision-Making","Philosophy, Ethics & Decision-Making",01-CLASSICAL-MODERN-PHILOSOPHY,Modern Philosophy,Pragmatism,Democracy-and-Education-Dewey,Intermediate,planned,md/09-Philosophy-Ethics-and-Decision-Making/01-CLASSICAL-MODERN-PHILOSOPHY/Democracy-and-Education-Dewey.md,nonfiction,summary,detailed,Foundation,,
1359,1359,P0,Philosophy and the Mirror of Nature,Richard Rorty,1979,2009,1979,"09-Philosophy, Ethics & Decision-Making","Philosophy, Ethics & Decision-Making",01-CLASSICAL-MODERN-PHILOSOPHY,Modern Philosophy,Pragmatism,Philosophy-and-the-Mirror-of-Nature,Intermediate,planned,md/09-Philosophy-Ethics-and-Decision-Making/01-CLASSICAL-MODERN-PHILOSOPHY/Philosophy-and-the-Mirror-of-Nature.md,nonfiction,summary,detailed,Foundation,,
1360,1360,P1,"Contingency, Irony, and Solidarity",Richard Rorty,1989,1989,1989,"09-Philosophy, Ethics & Decision-Making","Philosophy, Ethics & Decision-Making",01-CLASSICAL-MODERN-PHILOSOPHY,Modern Philosophy,Pragmatism,Contingency-Irony-and-Solidarity,Intermediate,planned,md/09-Philosophy-Ethics-and-Decision-Making/01-CLASSICAL-MODERN-PHILOSOPHY/Contingency-Irony-and-Solidarity.md,nonfiction,summary,detailed,Foundation,,
1361,1361,P0,The Problems of Philosophy,Bertrand Russell,1912,2001,1912,"09-Philosophy, Ethics & Decision-Making","Philosophy, Ethics & Decision-Making",01-CLASSICAL-MODERN-PHILOSOPHY,Epistemology,Nature of Knowledge,The-Problems-of-Philosophy,Intermediate,planned,md/09-Philosophy-Ethics-and-Decision-Making/01-CLASSICAL-MODERN-PHILOSOPHY/The-Problems-of-Philosophy.md,nonfiction,summary,detailed,Foundation,,
1362,1362,P0,A History of Western Philosophy,Bertrand Russell,1945,2004,1945,"09-Philosophy, Ethics & Decision-Making","Philosophy, Ethics & Decision-Making",01-CLASSICAL-MODERN-PHILOSOPHY,Epistemology,Nature of Knowledge,A-History-of-Western-Philosophy-Russell,Intermediate,planned,md/09-Philosophy-Ethics-and-Decision-Making/01-CLASSICAL-MODERN-PHILOSOPHY/A-History-of-Western-Philosophy-Russell.md,nonfiction,summary,detailed,Foundation,,
1363,1363,P0,Tractatus Logico-Philosophicus,Ludwig Wittgenstein,1921,2014,1921,"09-Philosophy, Ethics & Decision-Making","Philosophy, Ethics & Decision-Making",01-CLASSICAL-MODERN-PHILOSOPHY,Epistemology,Nature of Knowledge,Tractatus-Logico-Philosophicus,Intermediate,planned,md/09-Philosophy-Ethics-and-Decision-Making/01-CLASSICAL-MODERN-PHILOSOPHY/Tractatus-Logico-Philosophicus.md,nonfiction,summary,detailed,Foundation,,
1364,1364,P0,Philosophical Investigations,Ludwig Wittgenstein,1953,2009,1953,"09-Philosophy, Ethics & Decision-Making","Philosophy, Ethics & Decision-Making",01-CLASSICAL-MODERN-PHILOSOPHY,Epistemology,Nature of Knowledge,Philosophical-Investigations,Intermediate,planned,md/09-Philosophy-Ethics-and-Decision-Making/01-CLASSICAL-MODERN-PHILOSOPHY/Philosophical-Investigations.md,nonfiction,summary,detailed,Foundation,,
1365,1365,P1,Epistemology: A Contemporary Introduction to the Theory of Knowledge,Robert Audi,1998,2010,1998,"09-Philosophy, Ethics & Decision-Making","Philosophy, Ethics & Decision-Making",01-CLASSICAL-MODERN-PHILOSOPHY,Epistemology,Nature of Knowledge,Epistemology-Audi,Intermediate,planned,md/09-Philosophy-Ethics-and-Decision-Making/01-CLASSICAL-MODERN-PHILOSOPHY/Epistemology-Audi.md,nonfiction,summary,detailed,Foundation,,
1366,1366,P0,Truth and Truthfulness: An Essay in Genealogy,Bernard Williams,2002,2004,2002,"09-Philosophy, Ethics & Decision-Making","Philosophy, Ethics & Decision-Making",01-CLASSICAL-MODERN-PHILOSOPHY,Epistemology,Truth & Reality,Truth-and-Truthfulness-Williams,Intermediate,planned,md/09-Philosophy-Ethics-and-Decision-Making/01-CLASSICAL-MODERN-PHILOSOPHY/Truth-and-Truthfulness-Williams.md,nonfiction,summary,detailed,Foundation,,
1367,1367,P0,On Bullshit,Harry G. Frankfurt,2005,2005,2005,"09-Philosophy, Ethics & Decision-Making","Philosophy, Ethics & Decision-Making",01-CLASSICAL-MODERN-PHILOSOPHY,Epistemology,Truth & Reality,On-Bullshit,Intermediate,planned,md/09-Philosophy-Ethics-and-Decision-Making/01-CLASSICAL-MODERN-PHILOSOPHY/On-Bullshit.md,nonfiction,summary,detailed,Foundation,,
1368,1368,P0,The View from Nowhere,Thomas Nagel,1986,1989,1986,"09-Philosophy, Ethics & Decision-Making","Philosophy, Ethics & Decision-Making",01-CLASSICAL-MODERN-PHILOSOPHY,Epistemology,Truth & Reality,The-View-from-Nowhere,Intermediate,planned,md/09-Philosophy-Ethics-and-Decision-Making/01-CLASSICAL-MODERN-PHILOSOPHY/The-View-from-Nowhere.md,nonfiction,summary,detailed,Foundation,,
1369,1369,P1,Mortal Questions,Thomas Nagel,1979,2012,1979,"09-Philosophy, Ethics & Decision-Making","Philosophy, Ethics & Decision-Making",01-CLASSICAL-MODERN-PHILOSOPHY,Epistemology,Truth & Reality,Mortal-Questions-Nagel,Intermediate,planned,md/09-Philosophy-Ethics-and-Decision-Making/01-CLASSICAL-MODERN-PHILOSOPHY/Mortal-Questions-Nagel.md,nonfiction,summary,detailed,Foundation,,
1370,1370,P1,Mind and Cosmos: Why the Materialist Neo-Darwinian Conception of Nature Is Almost Certainly False,Thomas Nagel,2012,2012,2012,"09-Philosophy, Ethics & Decision-Making","Philosophy, Ethics & Decision-Making",01-CLASSICAL-MODERN-PHILOSOPHY,Epistemology,Truth & Reality,Mind-and-Cosmos,Intermediate,planned,md/09-Philosophy-Ethics-and-Decision-Making/01-CLASSICAL-MODERN-PHILOSOPHY/Mind-and-Cosmos.md,nonfiction,summary,detailed,Foundation,,
1371,1371,P0,Utilitarianism,John Stuart Mill,1861,2015,1861,"09-Philosophy, Ethics & Decision-Making","Philosophy, Ethics & Decision-Making",02-ETHICS-MORAL-PHILOSOPHY,Moral Theories,Utilitarianism,Utilitarianism-Mill,Intermediate,planned,md/09-Philosophy-Ethics-and-Decision-Making/02-ETHICS-MORAL-PHILOSOPHY/Utilitarianism-Mill.md,nonfiction,summary,detailed,Foundation,,
1372,1372,P0,On Liberty,John Stuart Mill,1859,2011,1859,"09-Philosophy, Ethics & Decision-Making","Philosophy, Ethics & Decision-Making",02-ETHICS-MORAL-PHILOSOPHY,Moral Theories,Utilitarianism,On-Liberty-Mill,Intermediate,planned,md/09-Philosophy-Ethics-and-Decision-Making/02-ETHICS-MORAL-PHILOSOPHY/On-Liberty-Mill.md,nonfiction,summary,detailed,Foundation,,
1373,1373,P0,Practical Ethics,Peter Singer,1979,2011,1979,"09-Philosophy, Ethics & Decision-Making","Philosophy, Ethics & Decision-Making",02-ETHICS-MORAL-PHILOSOPHY,Moral Theories,Utilitarianism,Practical-Ethics-Singer,Intermediate,planned,md/09-Philosophy-Ethics-and-Decision-Making/02-ETHICS-MORAL-PHILOSOPHY/Practical-Ethics-Singer.md,nonfiction,summary,detailed,Foundation,,
1374,1374,P0,Animal Liberation: The Definitive Classic of the Animal Movement,Peter Singer,1975,2023,1975,"09-Philosophy, Ethics & Decision-Making","Philosophy, Ethics & Decision-Making",02-ETHICS-MORAL-PHILOSOPHY,Moral Theories,Utilitarianism,Animal-Liberation-Singer,Intermediate,planned,md/09-Philosophy-Ethics-and-Decision-Making/02-ETHICS-MORAL-PHILOSOPHY/Animal-Liberation-Singer.md,nonfiction,summary,detailed,Foundation,,
1375,1375,P0,The Life You Can Save: Acting Now to End World Poverty,Peter Singer,2009,2019,2009,"09-Philosophy, Ethics & Decision-Making","Philosophy, Ethics & Decision-Making",02-ETHICS-MORAL-PHILOSOPHY,Moral Theories,Utilitarianism,The-Life-You-Can-Save,Intermediate,planned,md/09-Philosophy-Ethics-and-Decision-Making/02-ETHICS-MORAL-PHILOSOPHY/The-Life-You-Can-Save.md,nonfiction,summary,detailed,Foundation,,
1376,1376,P0,Groundwork of the Metaphysics of Morals,Immanuel Kant,1785,2012,1785,"09-Philosophy, Ethics & Decision-Making","Philosophy, Ethics & Decision-Making",02-ETHICS-MORAL-PHILOSOPHY,Moral Theories,Deontology & Virtue,Groundwork-of-the-Metaphysics-of-Morals,Intermediate,planned,md/09-Philosophy-Ethics-and-Decision-Making/02-ETHICS-MORAL-PHILOSOPHY/Groundwork-of-the-Metaphysics-of-Morals.md,nonfiction,summary,detailed,Foundation,,
1377,1377,P0,After Virtue: A Study in Moral Theory,Alasdair MacIntyre,1981,2007,1981,"09-Philosophy, Ethics & Decision-Making","Philosophy, Ethics & Decision-Making",02-ETHICS-MORAL-PHILOSOPHY,Moral Theories,Deontology & Virtue,After-Virtue,Intermediate,planned,md/09-Philosophy-Ethics-and-Decision-Making/02-ETHICS-MORAL-PHILOSOPHY/After-Virtue.md,nonfiction,summary,detailed,Foundation,,
1378,1378,P1,Whose Justice? Which Rationality?,Alasdair MacIntyre,1988,1989,1988,"09-Philosophy, Ethics & Decision-Making","Philosophy, Ethics & Decision-Making",02-ETHICS-MORAL-PHILOSOPHY,Moral Theories,Deontology & Virtue,Whose-Justice-Which-Rationality,Intermediate,planned,md/09-Philosophy-Ethics-and-Decision-Making/02-ETHICS-MORAL-PHILOSOPHY/Whose-Justice-Which-Rationality.md,nonfiction,summary,detailed,Foundation,,
1379,1379,P0,The Sovereignty of Good,Iris Murdoch,1970,2014,1970,"09-Philosophy, Ethics & Decision-Making","Philosophy, Ethics & Decision-Making",02-ETHICS-MORAL-PHILOSOPHY,Moral Theories,Deontology & Virtue,The-Sovereignty-of-Good,Intermediate,planned,md/09-Philosophy-Ethics-and-Decision-Making/02-ETHICS-MORAL-PHILOSOPHY/The-Sovereignty-of-Good.md,nonfiction,summary,detailed,Foundation,,
1380,1380,P1,Natural Goodness,Philippa Foot,2001,2003,2001,"09-Philosophy, Ethics & Decision-Making","Philosophy, Ethics & Decision-Making",02-ETHICS-MORAL-PHILOSOPHY,Moral Theories,Deontology & Virtue,Natural-Goodness-Foot,Intermediate,planned,md/09-Philosophy-Ethics-and-Decision-Making/02-ETHICS-MORAL-PHILOSOPHY/Natural-Goodness-Foot.md,nonfiction,summary,detailed,Foundation,,
1381,1381,P0,Reasons and Persons,Derek Parfit,1984,1986,1984,"09-Philosophy, Ethics & Decision-Making","Philosophy, Ethics & Decision-Making",02-ETHICS-MORAL-PHILOSOPHY,Moral Theories,Modern Moral Philosophy,Reasons-and-Persons,Intermediate,planned,md/09-Philosophy-Ethics-and-Decision-Making/02-ETHICS-MORAL-PHILOSOPHY/Reasons-and-Persons.md,nonfiction,summary,detailed,Foundation,,
1382,1382,P0,On What Matters: Volume 1,Derek Parfit,2011,2011,2011,"09-Philosophy, Ethics & Decision-Making","Philosophy, Ethics & Decision-Making",02-ETHICS-MORAL-PHILOSOPHY,Moral Theories,Modern Moral Philosophy,On-What-Matters-Vol-1,Intermediate,planned,md/09-Philosophy-Ethics-and-Decision-Making/02-ETHICS-MORAL-PHILOSOPHY/On-What-Matters-Vol-1.md,nonfiction,summary,detailed,Foundation,,
1383,1383,P1,On What Matters: Volume 2,Derek Parfit,2011,2011,2011,"09-Philosophy, Ethics & Decision-Making","Philosophy, Ethics & Decision-Making",02-ETHICS-MORAL-PHILOSOPHY,Moral Theories,Modern Moral Philosophy,On-What-Matters-Vol-2,Intermediate,planned,md/09-Philosophy-Ethics-and-Decision-Making/02-ETHICS-MORAL-PHILOSOPHY/On-What-Matters-Vol-2.md,nonfiction,summary,detailed,Foundation,,
1384,1384,P0,What We Owe to Each Other,T.M. Scanlon,1998,2000,1998,"09-Philosophy, Ethics & Decision-Making","Philosophy, Ethics & Decision-Making",02-ETHICS-MORAL-PHILOSOPHY,Moral Theories,Modern Moral Philosophy,What-We-Owe-to-Each-Other,Intermediate,planned,md/09-Philosophy-Ethics-and-Decision-Making/02-ETHICS-MORAL-PHILOSOPHY/What-We-Owe-to-Each-Other.md,nonfiction,summary,detailed,Foundation,,
1385,1385,P1,"Moral Thinking: Its Levels, Method, and Point",R.M. Hare,1981,1982,1981,"09-Philosophy, Ethics & Decision-Making","Philosophy, Ethics & Decision-Making",02-ETHICS-MORAL-PHILOSOPHY,Moral Theories,Modern Moral Philosophy,Moral-Thinking-Hare,Intermediate,planned,md/09-Philosophy-Ethics-and-Decision-Making/02-ETHICS-MORAL-PHILOSOPHY/Moral-Thinking-Hare.md,nonfiction,summary,detailed,Foundation,,
1386,1386,P0,Principles of Biomedical Ethics,Tom L. Beauchamp; James F. Childress,1979,2019,1979,"09-Philosophy, Ethics & Decision-Making","Philosophy, Ethics & Decision-Making",02-ETHICS-MORAL-PHILOSOPHY,Applied Ethics,Bioethics & Tech Ethics,Principles-of-Biomedical-Ethics,Intermediate,planned,md/09-Philosophy-Ethics-and-Decision-Making/02-ETHICS-MORAL-PHILOSOPHY/Principles-of-Biomedical-Ethics.md,nonfiction,summary,detailed,Foundation,,
1387,1387,P0,The Case Against Perfection: Ethics in the Age of Genetic Engineering,Michael J. Sandel,2007,2009,2007,"09-Philosophy, Ethics & Decision-Making","Philosophy, Ethics & Decision-Making",02-ETHICS-MORAL-PHILOSOPHY,Applied Ethics,Bioethics & Tech Ethics,The-Case-Against-Perfection,Intermediate,planned,md/09-Philosophy-Ethics-and-Decision-Making/02-ETHICS-MORAL-PHILOSOPHY/The-Case-Against-Perfection.md,nonfiction,summary,detailed,Foundation,,
1388,1388,P0,Technology and the Virtues: A Philosophical Guide to a Future Worth Wanting,Shannon Vallor,2016,2018,2016,"09-Philosophy, Ethics & Decision-Making","Philosophy, Ethics & Decision-Making",02-ETHICS-MORAL-PHILOSOPHY,Applied Ethics,Bioethics & Tech Ethics,Technology-and-the-Virtues,Intermediate,planned,md/09-Philosophy-Ethics-and-Decision-Making/02-ETHICS-MORAL-PHILOSOPHY/Technology-and-the-Virtues.md,nonfiction,summary,detailed,Foundation,,
1389,1389,P1,Future Morality: 12 Decisions We Need to Make About the Future of the Human Race,David Edmonds,2023,2023,2023,"09-Philosophy, Ethics & Decision-Making","Philosophy, Ethics & Decision-Making",02-ETHICS-MORAL-PHILOSOPHY,Applied Ethics,Bioethics & Tech Ethics,Future-Morality-Edmonds,Intermediate,planned,md/09-Philosophy-Ethics-and-Decision-Making/02-ETHICS-MORAL-PHILOSOPHY/Future-Morality-Edmonds.md,nonfiction,summary,detailed,Foundation,,
1390,1390,P1,Would You Kill the Fat Man?: The Trolley Problem and What Your Answer Tells Us about Right and Wrong,David Edmonds,2013,2014,2013,"09-Philosophy, Ethics & Decision-Making","Philosophy, Ethics & Decision-Making",02-ETHICS-MORAL-PHILOSOPHY,Applied Ethics,Bioethics & Tech Ethics,Would-You-Kill-the-Fat-Man,Intermediate,planned,md/09-Philosophy-Ethics-and-Decision-Making/02-ETHICS-MORAL-PHILOSOPHY/Would-You-Kill-the-Fat-Man.md,nonfiction,summary,detailed,Foundation,,
1391,1391,P0,Justice: What's the Right Thing to Do?,Michael J. Sandel,2009,2010,2009,"09-Philosophy, Ethics & Decision-Making","Philosophy, Ethics & Decision-Making",02-ETHICS-MORAL-PHILOSOPHY,Applied Ethics,Social Ethics,Justice-Sandel,Intermediate,planned,md/09-Philosophy-Ethics-and-Decision-Making/02-ETHICS-MORAL-PHILOSOPHY/Justice-Sandel.md,nonfiction,summary,detailed,Foundation,,
1392,1392,P0,What Money Can't Buy: The Moral Limits of Markets,Michael J. Sandel,2012,2013,2012,"09-Philosophy, Ethics & Decision-Making","Philosophy, Ethics & Decision-Making",02-ETHICS-MORAL-PHILOSOPHY,Applied Ethics,Social Ethics,What-Money-Cant-Buy,Intermediate,planned,md/09-Philosophy-Ethics-and-Decision-Making/02-ETHICS-MORAL-PHILOSOPHY/What-Money-Cant-Buy.md,nonfiction,summary,detailed,Foundation,,
1393,1393,P0,The Tyranny of Merit: What's Become of the Common Good?,Michael J. Sandel,2020,2021,2020,"09-Philosophy, Ethics & Decision-Making","Philosophy, Ethics & Decision-Making",02-ETHICS-MORAL-PHILOSOPHY,Applied Ethics,Social Ethics,The-Tyranny-of-Merit,Intermediate,planned,md/09-Philosophy-Ethics-and-Decision-Making/02-ETHICS-MORAL-PHILOSOPHY/The-Tyranny-of-Merit.md,nonfiction,summary,detailed,Foundation,,
1394,1394,P0,Just Babies: The Origins of Good and Evil,Paul Bloom,2013,2014,2013,"09-Philosophy, Ethics & Decision-Making","Philosophy, Ethics & Decision-Making",02-ETHICS-MORAL-PHILOSOPHY,Applied Ethics,Social Ethics,Just-Babies-Bloom,Intermediate,planned,md/09-Philosophy-Ethics-and-Decision-Making/02-ETHICS-MORAL-PHILOSOPHY/Just-Babies-Bloom.md,nonfiction,summary,detailed,Foundation,,
1395,1395,P0,"Moral Tribes: Emotion, Reason, and the Gap Between Us and Them",Joshua Greene,2013,2014,2013,"09-Philosophy, Ethics & Decision-Making","Philosophy, Ethics & Decision-Making",02-ETHICS-MORAL-PHILOSOPHY,Applied Ethics,Social Ethics,Moral-Tribes-Greene,Intermediate,planned,md/09-Philosophy-Ethics-and-Decision-Making/02-ETHICS-MORAL-PHILOSOPHY/Moral-Tribes-Greene.md,nonfiction,summary,detailed,Foundation,,
1396,1396,P0,A Guide to the Good Life: The Ancient Art of Stoic Joy,William B. Irvine,2008,2009,2008,"09-Philosophy, Ethics & Decision-Making","Philosophy, Ethics & Decision-Making",02-ETHICS-MORAL-PHILOSOPHY,Meaning & Good Life,The Good Life,A-Guide-to-the-Good-Life,Intermediate,planned,md/09-Philosophy-Ethics-and-Decision-Making/02-ETHICS-MORAL-PHILOSOPHY/A-Guide-to-the-Good-Life.md,nonfiction,summary,detailed,Foundation,,
1397,1397,P1,"The Stoic Challenge: A Philosopher's Guide to Becoming Tougher, Calmer, and More Resilient",William B. Irvine,2019,2019,2019,"09-Philosophy, Ethics & Decision-Making","Philosophy, Ethics & Decision-Making",02-ETHICS-MORAL-PHILOSOPHY,Meaning & Good Life,The Good Life,The-Stoic-Challenge,Intermediate,planned,md/09-Philosophy-Ethics-and-Decision-Making/02-ETHICS-MORAL-PHILOSOPHY/The-Stoic-Challenge.md,nonfiction,summary,detailed,Foundation,,
1398,1398,P0,"The Art of Living: The Classical Manual on Virtue, Happiness, and Effectiveness",Epictetus; Sharon Lebell,1995,2013,1995,"09-Philosophy, Ethics & Decision-Making","Philosophy, Ethics & Decision-Making",02-ETHICS-MORAL-PHILOSOPHY,Meaning & Good Life,The Good Life,The-Art-of-Living-Epictetus,Intermediate,planned,md/09-Philosophy-Ethics-and-Decision-Making/02-ETHICS-MORAL-PHILOSOPHY/The-Art-of-Living-Epictetus.md,nonfiction,summary,detailed,Foundation,,
1399,1399,P0,How to Be a Stoic: Using Ancient Philosophy to Live a Modern Life,Massimo Pigliucci,2017,2018,2017,"09-Philosophy, Ethics & Decision-Making","Philosophy, Ethics & Decision-Making",02-ETHICS-MORAL-PHILOSOPHY,Meaning & Good Life,The Good Life,How-to-Be-a-Stoic,Intermediate,planned,md/09-Philosophy-Ethics-and-Decision-Making/02-ETHICS-MORAL-PHILOSOPHY/How-to-Be-a-Stoic.md,nonfiction,summary,detailed,Foundation,,
1400,1400,P1,A Field Guide to a Happy Life: 53 Brief Lessons for Living,Massimo Pigliucci,2020,2020,2020,"09-Philosophy, Ethics & Decision-Making","Philosophy, Ethics & Decision-Making",02-ETHICS-MORAL-PHILOSOPHY,Meaning & Good Life,The Good Life,A-Field-Guide-to-a-Happy-Life,Intermediate,planned,md/09-Philosophy-Ethics-and-Decision-Making/02-ETHICS-MORAL-PHILOSOPHY/A-Field-Guide-to-a-Happy-Life.md,nonfiction,summary,detailed,Foundation,,
1401,1401,P0,The Will to Meaning: Foundations and Applications of Logotherapy,Viktor E. Frankl,1969,2014,1969,"09-Philosophy, Ethics & Decision-Making","Philosophy, Ethics & Decision-Making",02-ETHICS-MORAL-PHILOSOPHY,Meaning & Good Life,Meaning of Life,The-Will-to-Meaning-Frankl,Intermediate,planned,md/09-Philosophy-Ethics-and-Decision-Making/02-ETHICS-MORAL-PHILOSOPHY/The-Will-to-Meaning-Frankl.md,nonfiction,summary,detailed,Foundation,,
1402,1402,P1,The Meaning of Things: Applying Philosophy to Life,A.C. Grayling,2001,2002,2001,"09-Philosophy, Ethics & Decision-Making","Philosophy, Ethics & Decision-Making",02-ETHICS-MORAL-PHILOSOPHY,Meaning & Good Life,Meaning of Life,The-Meaning-of-Things-Grayling,Intermediate,planned,md/09-Philosophy-Ethics-and-Decision-Making/02-ETHICS-MORAL-PHILOSOPHY/The-Meaning-of-Things-Grayling.md,nonfiction,summary,detailed,Foundation,,
1403,1403,P0,Philosophy for Life and Other Dangerous Situations: Ancient Philosophy for Modern Problems,Jules Evans,2012,2013,2012,"09-Philosophy, Ethics & Decision-Making","Philosophy, Ethics & Decision-Making",02-ETHICS-MORAL-PHILOSOPHY,Meaning & Good Life,Meaning of Life,Philosophy-for-Life,Intermediate,planned,md/09-Philosophy-Ethics-and-Decision-Making/02-ETHICS-MORAL-PHILOSOPHY/Philosophy-for-Life.md,nonfiction,summary,detailed,Foundation,,
1404,1404,P2,"Every Time I Find the Meaning of Life, They Change It: Wisdom of the Great Philosophers on How to Live",Daniel Klein,2015,2016,2015,"09-Philosophy, Ethics & Decision-Making","Philosophy, Ethics & Decision-Making",02-ETHICS-MORAL-PHILOSOPHY,Meaning & Good Life,Meaning of Life,Every-Time-I-Find-the-Meaning-of-Life,Intermediate,planned,md/09-Philosophy-Ethics-and-Decision-Making/02-ETHICS-MORAL-PHILOSOPHY/Every-Time-I-Find-the-Meaning-of-Life.md,nonfiction,summary,detailed,Foundation,,
1405,1405,P0,Life Is Hard: How Philosophy Can Help Us Find Our Way,Kieran Setiya,2022,2022,2022,"09-Philosophy, Ethics & Decision-Making","Philosophy, Ethics & Decision-Making",02-ETHICS-MORAL-PHILOSOPHY,Meaning & Good Life,Meaning of Life,Life-Is-Hard-Setiya,Intermediate,planned,md/09-Philosophy-Ethics-and-Decision-Making/02-ETHICS-MORAL-PHILOSOPHY/Life-Is-Hard-Setiya.md,nonfiction,summary,detailed,Foundation,,
1406,1406,P0,Decisive: How to Make Better Choices in Life and Work,Chip Heath; Dan Heath,2013,2013,2013,"09-Philosophy, Ethics & Decision-Making","Philosophy, Ethics & Decision-Making",03-DECISION-MAKING-PRACTICAL-RATIONALITY,Rational Decision Making,Decision Theory,Decisive-Heath,Intermediate,planned,md/09-Philosophy-Ethics-and-Decision-Making/03-DECISION-MAKING-PRACTICAL-RATIONALITY/Decisive-Heath.md,nonfiction,summary,detailed,Foundation,,
1407,1407,P0,Smart Choices: A Practical Guide to Making Better Decisions,John S. Hammond; Ralph L. Keeney; Howard Raiffa,1999,2015,1999,"09-Philosophy, Ethics & Decision-Making","Philosophy, Ethics & Decision-Making",03-DECISION-MAKING-PRACTICAL-RATIONALITY,Rational Decision Making,Decision Theory,Smart-Choices,Intermediate,planned,md/09-Philosophy-Ethics-and-Decision-Making/03-DECISION-MAKING-PRACTICAL-RATIONALITY/Smart-Choices.md,nonfiction,summary,detailed,Foundation,,
1408,1408,P1,Value-Focused Thinking: A Path to Creative Decisionmaking,Ralph L. Keeney,1992,1996,1992,"09-Philosophy, Ethics & Decision-Making","Philosophy, Ethics & Decision-Making",03-DECISION-MAKING-PRACTICAL-RATIONALITY,Rational Decision Making,Decision Theory,Value-Focused-Thinking,Intermediate,planned,md/09-Philosophy-Ethics-and-Decision-Making/03-DECISION-MAKING-PRACTICAL-RATIONALITY/Value-Focused-Thinking.md,nonfiction,summary,detailed,Foundation,,
1409,1409,P1,Decisions with Multiple Objectives: Preferences and Value Trade-Offs,Ralph L. Keeney; Howard Raiffa,1976,1993,1976,"09-Philosophy, Ethics & Decision-Making","Philosophy, Ethics & Decision-Making",03-DECISION-MAKING-PRACTICAL-RATIONALITY,Rational Decision Making,Decision Theory,Decisions-with-Multiple-Objectives,Intermediate,planned,md/09-Philosophy-Ethics-and-Decision-Making/03-DECISION-MAKING-PRACTICAL-RATIONALITY/Decisions-with-Multiple-Objectives.md,nonfiction,summary,detailed,Foundation,,
1410,1410,P2,The Art of Decision Making: How We Move from Indecision to Smart Action,Joseph Bikart,2019,2019,2019,"09-Philosophy, Ethics & Decision-Making","Philosophy, Ethics & Decision-Making",03-DECISION-MAKING-PRACTICAL-RATIONALITY,Rational Decision Making,Decision Theory,The-Art-of-Decision-Making-Bikart,Intermediate,planned,md/09-Philosophy-Ethics-and-Decision-Making/03-DECISION-MAKING-PRACTICAL-RATIONALITY/The-Art-of-Decision-Making-Bikart.md,nonfiction,summary,detailed,Foundation,,
1411,1411,P0,Noise: A Flaw in Human Judgment,Daniel Kahneman; Olivier Sibony; Cass R. Sunstein,2021,2021,2021,"09-Philosophy, Ethics & Decision-Making","Philosophy, Ethics & Decision-Making",03-DECISION-MAKING-PRACTICAL-RATIONALITY,Rational Decision Making,Cognitive Bias in Decisions,Noise-Kahneman,Intermediate,planned,md/09-Philosophy-Ethics-and-Decision-Making/03-DECISION-MAKING-PRACTICAL-RATIONALITY/Noise-Kahneman.md,nonfiction,summary,detailed,Foundation,,
1412,1412,P0,You're About to Make a Terrible Mistake!: How Biases Distort Decision-Making and What You Can Do to Fight Them,Olivier Sibony,2020,2020,2020,"09-Philosophy, Ethics & Decision-Making","Philosophy, Ethics & Decision-Making",03-DECISION-MAKING-PRACTICAL-RATIONALITY,Rational Decision Making,Cognitive Bias in Decisions,Youre-About-to-Make-a-Terrible-Mistake,Intermediate,planned,md/09-Philosophy-Ethics-and-Decision-Making/03-DECISION-MAKING-PRACTICAL-RATIONALITY/Youre-About-to-Make-a-Terrible-Mistake.md,nonfiction,summary,detailed,Foundation,,
1413,1413,P0,The Thinker's Toolkit: 14 Powerful Techniques for Problem Solving,Morgan D. Jones,1995,1998,1995,"09-Philosophy, Ethics & Decision-Making","Philosophy, Ethics & Decision-Making",03-DECISION-MAKING-PRACTICAL-RATIONALITY,Rational Decision Making,Cognitive Bias in Decisions,The-Thinkers-Toolkit,Intermediate,planned,md/09-Philosophy-Ethics-and-Decision-Making/03-DECISION-MAKING-PRACTICAL-RATIONALITY/The-Thinkers-Toolkit.md,nonfiction,summary,detailed,Foundation,,
1414,1414,P0,Seeing What Others Don't: The Remarkable Ways We Gain Insights,Gary Klein,2013,2015,2013,"09-Philosophy, Ethics & Decision-Making","Philosophy, Ethics & Decision-Making",03-DECISION-MAKING-PRACTICAL-RATIONALITY,Rational Decision Making,Cognitive Bias in Decisions,Seeing-What-Others-Dont-Klein,Intermediate,planned,md/09-Philosophy-Ethics-and-Decision-Making/03-DECISION-MAKING-PRACTICAL-RATIONALITY/Seeing-What-Others-Dont-Klein.md,nonfiction,summary,detailed,Foundation,,
1415,1415,P1,Streetlights and Shadows: Searching for the Keys to Adaptive Decision Making,Gary Klein,2009,2011,2009,"09-Philosophy, Ethics & Decision-Making","Philosophy, Ethics & Decision-Making",03-DECISION-MAKING-PRACTICAL-RATIONALITY,Rational Decision Making,Cognitive Bias in Decisions,Streetlights-and-Shadows,Intermediate,planned,md/09-Philosophy-Ethics-and-Decision-Making/03-DECISION-MAKING-PRACTICAL-RATIONALITY/Streetlights-and-Shadows.md,nonfiction,summary,detailed,Foundation,,
1416,1416,P0,Thinking in Bets: Making Smarter Decisions When You Don't Have All the Facts,Annie Duke,2018,2018,2018,"09-Philosophy, Ethics & Decision-Making","Philosophy, Ethics & Decision-Making",03-DECISION-MAKING-PRACTICAL-RATIONALITY,Rational Decision Making,Probabilistic Decisions,Thinking-in-Bets,Intermediate,planned,md/09-Philosophy-Ethics-and-Decision-Making/03-DECISION-MAKING-PRACTICAL-RATIONALITY/Thinking-in-Bets.md,nonfiction,summary,detailed,Foundation,,
1417,1417,P0,How to Decide: Simple Tools for Making Better Choices,Annie Duke,2020,2020,2020,"09-Philosophy, Ethics & Decision-Making","Philosophy, Ethics & Decision-Making",03-DECISION-MAKING-PRACTICAL-RATIONALITY,Rational Decision Making,Probabilistic Decisions,How-to-Decide-Duke,Intermediate,planned,md/09-Philosophy-Ethics-and-Decision-Making/03-DECISION-MAKING-PRACTICAL-RATIONALITY/How-to-Decide-Duke.md,nonfiction,summary,detailed,Foundation,,
1418,1418,P1,"Decisions, Decisions: How to Get It Right Every Time",Robert H. Frank,2008,2008,2008,"09-Philosophy, Ethics & Decision-Making","Philosophy, Ethics & Decision-Making",03-DECISION-MAKING-PRACTICAL-RATIONALITY,Rational Decision Making,Probabilistic Decisions,Decisions-Decisions-Frank,Intermediate,planned,md/09-Philosophy-Ethics-and-Decision-Making/03-DECISION-MAKING-PRACTICAL-RATIONALITY/Decisions-Decisions-Frank.md,nonfiction,summary,detailed,Foundation,,
1419,1419,P0,Superforecasting: The Art and Science of Prediction,Philip E. Tetlock; Dan Gardner,2015,2016,2015,"09-Philosophy, Ethics & Decision-Making","Philosophy, Ethics & Decision-Making",03-DECISION-MAKING-PRACTICAL-RATIONALITY,Rational Decision Making,Probabilistic Decisions,Superforecasting,Intermediate,planned,md/09-Philosophy-Ethics-and-Decision-Making/03-DECISION-MAKING-PRACTICAL-RATIONALITY/Superforecasting.md,nonfiction,summary,detailed,Foundation,,
1420,1420,P0,Expert Political Judgment: How Good Is It? How Can We Know?,Philip E. Tetlock,2005,2017,2005,"09-Philosophy, Ethics & Decision-Making","Philosophy, Ethics & Decision-Making",03-DECISION-MAKING-PRACTICAL-RATIONALITY,Rational Decision Making,Probabilistic Decisions,Expert-Political-Judgment,Intermediate,planned,md/09-Philosophy-Ethics-and-Decision-Making/03-DECISION-MAKING-PRACTICAL-RATIONALITY/Expert-Political-Judgment.md,nonfiction,summary,detailed,Foundation,,
1421,1421,P0,The Great Mental Models Volume 1: General Thinking Concepts,Shane Parrish; Rhiannon Beaubien,2019,2019,2019,"09-Philosophy, Ethics & Decision-Making","Philosophy, Ethics & Decision-Making",03-DECISION-MAKING-PRACTICAL-RATIONALITY,Mental Models & Frameworks,Systems Decisions,The-Great-Mental-Models-Vol-1,Intermediate,planned,md/09-Philosophy-Ethics-and-Decision-Making/03-DECISION-MAKING-PRACTICAL-RATIONALITY/The-Great-Mental-Models-Vol-1.md,nonfiction,summary,detailed,Foundation,,
1422,1422,P0,"The Great Mental Models Volume 2: Physics, Chemistry and Biology",Shane Parrish; Rhiannon Beaubien,2020,2020,2020,"09-Philosophy, Ethics & Decision-Making","Philosophy, Ethics & Decision-Making",03-DECISION-MAKING-PRACTICAL-RATIONALITY,Mental Models & Frameworks,Systems Decisions,The-Great-Mental-Models-Vol-2,Intermediate,planned,md/09-Philosophy-Ethics-and-Decision-Making/03-DECISION-MAKING-PRACTICAL-RATIONALITY/The-Great-Mental-Models-Vol-2.md,nonfiction,summary,detailed,Foundation,,
1423,1423,P0,The Great Mental Models Volume 3: Systems and Mathematics,Shane Parrish; Rhiannon Beaubien,2021,2021,2021,"09-Philosophy, Ethics & Decision-Making","Philosophy, Ethics & Decision-Making",03-DECISION-MAKING-PRACTICAL-RATIONALITY,Mental Models & Frameworks,Systems Decisions,The-Great-Mental-Models-Vol-3,Intermediate,planned,md/09-Philosophy-Ethics-and-Decision-Making/03-DECISION-MAKING-PRACTICAL-RATIONALITY/The-Great-Mental-Models-Vol-3.md,nonfiction,summary,detailed,Foundation,,
1424,1424,P0,Clear Thinking: Turning Ordinary Moments into Extraordinary Results,Shane Parrish,2023,2023,2023,"09-Philosophy, Ethics & Decision-Making","Philosophy, Ethics & Decision-Making",03-DECISION-MAKING-PRACTICAL-RATIONALITY,Mental Models & Frameworks,Systems Decisions,Clear-Thinking-Parrish,Intermediate,planned,md/09-Philosophy-Ethics-and-Decision-Making/03-DECISION-MAKING-PRACTICAL-RATIONALITY/Clear-Thinking-Parrish.md,nonfiction,summary,detailed,Foundation,,
1425,1425,P0,Super Thinking: The Big Book of Mental Models,Gabriel Weinberg; Lauren McCann,2019,2019,2019,"09-Philosophy, Ethics & Decision-Making","Philosophy, Ethics & Decision-Making",03-DECISION-MAKING-PRACTICAL-RATIONALITY,Mental Models & Frameworks,Systems Decisions,Super-Thinking,Intermediate,planned,md/09-Philosophy-Ethics-and-Decision-Making/03-DECISION-MAKING-PRACTICAL-RATIONALITY/Super-Thinking.md,nonfiction,summary,detailed,Foundation,,
1426,1426,P0,Simple Rules: How to Thrive in a Complex World,Donald Sull; Kathleen M. Eisenhardt,2015,2015,2015,"09-Philosophy, Ethics & Decision-Making","Philosophy, Ethics & Decision-Making",03-DECISION-MAKING-PRACTICAL-RATIONALITY,Mental Models & Frameworks,Strategic Heuristics,Simple-Rules,Intermediate,planned,md/09-Philosophy-Ethics-and-Decision-Making/03-DECISION-MAKING-PRACTICAL-RATIONALITY/Simple-Rules.md,nonfiction,summary,detailed,Foundation,,
1427,1427,P0,Simply Rational: Decision Making in the Real World,Gerd Gigerenzer,2015,2015,2015,"09-Philosophy, Ethics & Decision-Making","Philosophy, Ethics & Decision-Making",03-DECISION-MAKING-PRACTICAL-RATIONALITY,Mental Models & Frameworks,Strategic Heuristics,Simply-Rational-Gigerenzer,Intermediate,planned,md/09-Philosophy-Ethics-and-Decision-Making/03-DECISION-MAKING-PRACTICAL-RATIONALITY/Simply-Rational-Gigerenzer.md,nonfiction,summary,detailed,Foundation,,
1428,1428,P0,Bounded Rationality: The Adaptive Toolbox,Gerd Gigerenzer; Reinhard Selten,2001,2002,2001,"09-Philosophy, Ethics & Decision-Making","Philosophy, Ethics & Decision-Making",03-DECISION-MAKING-PRACTICAL-RATIONALITY,Mental Models & Frameworks,Strategic Heuristics,Bounded-Rationality-Gigerenzer,Intermediate,planned,md/09-Philosophy-Ethics-and-Decision-Making/03-DECISION-MAKING-PRACTICAL-RATIONALITY/Bounded-Rationality-Gigerenzer.md,nonfiction,summary,detailed,Foundation,,
1429,1429,P1,Calculated Risks: How to Know When Numbers Deceive You,Gerd Gigerenzer,2002,2003,2002,"09-Philosophy, Ethics & Decision-Making","Philosophy, Ethics & Decision-Making",03-DECISION-MAKING-PRACTICAL-RATIONALITY,Mental Models & Frameworks,Strategic Heuristics,Calculated-Risks,Intermediate,planned,md/09-Philosophy-Ethics-and-Decision-Making/03-DECISION-MAKING-PRACTICAL-RATIONALITY/Calculated-Risks.md,nonfiction,summary,detailed,Foundation,,
1430,1430,P1,Heuristics: How to Make Decisions Without Math,Gerd Gigerenzer; Peter M. Todd,2011,2011,2011,"09-Philosophy, Ethics & Decision-Making","Philosophy, Ethics & Decision-Making",03-DECISION-MAKING-PRACTICAL-RATIONALITY,Mental Models & Frameworks,Strategic Heuristics,Heuristics-Gigerenzer,Intermediate,planned,md/09-Philosophy-Ethics-and-Decision-Making/03-DECISION-MAKING-PRACTICAL-RATIONALITY/Heuristics-Gigerenzer.md,nonfiction,summary,detailed,Foundation,,
1431,1431,P0,The Clock of the Long Now: Time and Responsibility,Stewart Brand,1999,2000,1999,"09-Philosophy, Ethics & Decision-Making","Philosophy, Ethics & Decision-Making",03-DECISION-MAKING-PRACTICAL-RATIONALITY,Mental Models & Frameworks,Long-Term Decisions,The-Clock-of-the-Long-Now,Intermediate,planned,md/09-Philosophy-Ethics-and-Decision-Making/03-DECISION-MAKING-PRACTICAL-RATIONALITY/The-Clock-of-the-Long-Now.md,nonfiction,summary,detailed,Foundation,,
1432,1432,P1,Longpath: Becoming the Great Ancestors Our Future Needs,Ari Wallach,2022,2022,2022,"09-Philosophy, Ethics & Decision-Making","Philosophy, Ethics & Decision-Making",03-DECISION-MAKING-PRACTICAL-RATIONALITY,Mental Models & Frameworks,Long-Term Decisions,Longpath-Wallach,Intermediate,planned,md/09-Philosophy-Ethics-and-Decision-Making/03-DECISION-MAKING-PRACTICAL-RATIONALITY/Longpath-Wallach.md,nonfiction,summary,detailed,Foundation,,
1433,1433,P0,Farsighted: How We Make the Decisions That Matter the Most,Steven Johnson,2018,2018,2018,"09-Philosophy, Ethics & Decision-Making","Philosophy, Ethics & Decision-Making",03-DECISION-MAKING-PRACTICAL-RATIONALITY,Mental Models & Frameworks,Long-Term Decisions,Farsighted-Johnson,Intermediate,planned,md/09-Philosophy-Ethics-and-Decision-Making/03-DECISION-MAKING-PRACTICAL-RATIONALITY/Farsighted-Johnson.md,nonfiction,summary,detailed,Foundation,,
1434,1434,P0,The Scout Mindset: Why Some People See Things Clearly and Others Don't,Julia Galef,2021,2021,2021,"09-Philosophy, Ethics & Decision-Making","Philosophy, Ethics & Decision-Making",03-DECISION-MAKING-PRACTICAL-RATIONALITY,Mental Models & Frameworks,Long-Term Decisions,The-Scout-Mindset-Decisions,Intermediate,planned,md/09-Philosophy-Ethics-and-Decision-Making/03-DECISION-MAKING-PRACTICAL-RATIONALITY/The-Scout-Mindset-Decisions.md,nonfiction,summary,detailed,Foundation,,
1435,1435,P0,Algorithms to Live By: The Computer Science of Human Decisions,Brian Christian; Tom Griffiths,2016,2017,2016,"09-Philosophy, Ethics & Decision-Making","Philosophy, Ethics & Decision-Making",03-DECISION-MAKING-PRACTICAL-RATIONALITY,Mental Models & Frameworks,Long-Term Decisions,Algorithms-to-Live-By-Phil,Intermediate,planned,md/09-Philosophy-Ethics-and-Decision-Making/03-DECISION-MAKING-PRACTICAL-RATIONALITY/Algorithms-to-Live-By-Phil.md,nonfiction,summary,detailed,Foundation,,
1436,1436,P0,A Theory of Justice,John Rawls,1971,1999,1971,"09-Philosophy, Ethics & Decision-Making","Philosophy, Ethics & Decision-Making",04-POLITICAL-PHILOSOPHY,Justice & Rights,Theories of Justice,A-Theory-of-Justice-Rawls,Intermediate,planned,md/09-Philosophy-Ethics-and-Decision-Making/04-POLITICAL-PHILOSOPHY/A-Theory-of-Justice-Rawls.md,nonfiction,summary,detailed,Foundation,,
1437,1437,P0,Political Liberalism,John Rawls,1993,2005,1993,"09-Philosophy, Ethics & Decision-Making","Philosophy, Ethics & Decision-Making",04-POLITICAL-PHILOSOPHY,Justice & Rights,Theories of Justice,Political-Liberalism,Intermediate,planned,md/09-Philosophy-Ethics-and-Decision-Making/04-POLITICAL-PHILOSOPHY/Political-Liberalism.md,nonfiction,summary,detailed,Foundation,,
1438,1438,P1,Justice as Fairness: A Restatement,John Rawls,2001,2001,2001,"09-Philosophy, Ethics & Decision-Making","Philosophy, Ethics & Decision-Making",04-POLITICAL-PHILOSOPHY,Justice & Rights,Theories of Justice,Justice-as-Fairness,Intermediate,planned,md/09-Philosophy-Ethics-and-Decision-Making/04-POLITICAL-PHILOSOPHY/Justice-as-Fairness.md,nonfiction,summary,detailed,Foundation,,
1439,1439,P0,The Idea of Justice,Amartya Sen,2009,2011,2009,"09-Philosophy, Ethics & Decision-Making","Philosophy, Ethics & Decision-Making",04-POLITICAL-PHILOSOPHY,Justice & Rights,Theories of Justice,The-Idea-of-Justice-Sen,Intermediate,planned,md/09-Philosophy-Ethics-and-Decision-Making/04-POLITICAL-PHILOSOPHY/The-Idea-of-Justice-Sen.md,nonfiction,summary,detailed,Foundation,,
1440,1440,P1,Spheres of Justice: A Defense of Pluralism and Equality,Michael Walzer,1983,1984,1983,"09-Philosophy, Ethics & Decision-Making","Philosophy, Ethics & Decision-Making",04-POLITICAL-PHILOSOPHY,Justice & Rights,Theories of Justice,Spheres-of-Justice,Intermediate,planned,md/09-Philosophy-Ethics-and-Decision-Making/04-POLITICAL-PHILOSOPHY/Spheres-of-Justice.md,nonfiction,summary,detailed,Foundation,,
1441,1441,P0,"Anarchy, State, and Utopia",Robert Nozick,1974,2013,1974,"09-Philosophy, Ethics & Decision-Making","Philosophy, Ethics & Decision-Making",04-POLITICAL-PHILOSOPHY,Justice & Rights,Human Rights & Freedom,Anarchy-State-and-Utopia,Intermediate,planned,md/09-Philosophy-Ethics-and-Decision-Making/04-POLITICAL-PHILOSOPHY/Anarchy-State-and-Utopia.md,nonfiction,summary,detailed,Foundation,,
1442,1442,P0,Two Concepts of Liberty,Isaiah Berlin,1958,2002,1958,"09-Philosophy, Ethics & Decision-Making","Philosophy, Ethics & Decision-Making",04-POLITICAL-PHILOSOPHY,Justice & Rights,Human Rights & Freedom,Two-Concepts-of-Liberty,Intermediate,planned,md/09-Philosophy-Ethics-and-Decision-Making/04-POLITICAL-PHILOSOPHY/Two-Concepts-of-Liberty.md,nonfiction,summary,detailed,Foundation,,
1443,1443,P0,The Crooked Timber of Humanity: Chapters in the History of Ideas,Isaiah Berlin,1990,2013,1990,"09-Philosophy, Ethics & Decision-Making","Philosophy, Ethics & Decision-Making",04-POLITICAL-PHILOSOPHY,Justice & Rights,Human Rights & Freedom,The-Crooked-Timber-of-Humanity,Intermediate,planned,md/09-Philosophy-Ethics-and-Decision-Making/04-POLITICAL-PHILOSOPHY/The-Crooked-Timber-of-Humanity.md,nonfiction,summary,detailed,Foundation,,
1444,1444,P0,Taking Rights Seriously,Ronald Dworkin,1977,2013,1977,"09-Philosophy, Ethics & Decision-Making","Philosophy, Ethics & Decision-Making",04-POLITICAL-PHILOSOPHY,Justice & Rights,Human Rights & Freedom,Taking-Rights-Seriously,Intermediate,planned,md/09-Philosophy-Ethics-and-Decision-Making/04-POLITICAL-PHILOSOPHY/Taking-Rights-Seriously.md,nonfiction,summary,detailed,Foundation,,
1445,1445,P0,Justice for Hedgehogs,Ronald Dworkin,2011,2013,2011,"09-Philosophy, Ethics & Decision-Making","Philosophy, Ethics & Decision-Making",04-POLITICAL-PHILOSOPHY,Justice & Rights,Human Rights & Freedom,Justice-for-Hedgehogs-Dworkin,Intermediate,planned,md/09-Philosophy-Ethics-and-Decision-Making/04-POLITICAL-PHILOSOPHY/Justice-for-Hedgehogs-Dworkin.md,nonfiction,summary,detailed,Foundation,,
1446,1446,P0,Leviathan,Thomas Hobbes,1651,2018,1651,"09-Philosophy, Ethics & Decision-Making","Philosophy, Ethics & Decision-Making",04-POLITICAL-PHILOSOPHY,Governance & Power,Political Order,Leviathan-Hobbes,Intermediate,planned,md/09-Philosophy-Ethics-and-Decision-Making/04-POLITICAL-PHILOSOPHY/Leviathan-Hobbes.md,nonfiction,summary,detailed,Foundation,,
1447,1447,P0,Two Treatises of Government,John Locke,1689,2016,1689,"09-Philosophy, Ethics & Decision-Making","Philosophy, Ethics & Decision-Making",04-POLITICAL-PHILOSOPHY,Governance & Power,Political Order,Two-Treatises-of-Government,Intermediate,planned,md/09-Philosophy-Ethics-and-Decision-Making/04-POLITICAL-PHILOSOPHY/Two-Treatises-of-Government.md,nonfiction,summary,detailed,Foundation,,
1448,1448,P0,The Social Contract,Jean-Jacques Rousseau,1762,2008,1762,"09-Philosophy, Ethics & Decision-Making","Philosophy, Ethics & Decision-Making",04-POLITICAL-PHILOSOPHY,Governance & Power,Political Order,The-Social-Contract-Rousseau,Intermediate,planned,md/09-Philosophy-Ethics-and-Decision-Making/04-POLITICAL-PHILOSOPHY/The-Social-Contract-Rousseau.md,nonfiction,summary,detailed,Foundation,,
1449,1449,P0,The Spirit of the Laws,Montesquieu,1748,1989,1748,"09-Philosophy, Ethics & Decision-Making","Philosophy, Ethics & Decision-Making",04-POLITICAL-PHILOSOPHY,Governance & Power,Political Order,The-Spirit-of-the-Laws,Intermediate,planned,md/09-Philosophy-Ethics-and-Decision-Making/04-POLITICAL-PHILOSOPHY/The-Spirit-of-the-Laws.md,nonfiction,summary,detailed,Foundation,,
1450,1450,P0,The Prince,Niccolò Machiavelli,1532,2014,1532,"09-Philosophy, Ethics & Decision-Making","Philosophy, Ethics & Decision-Making",04-POLITICAL-PHILOSOPHY,Governance & Power,Political Order,The-Prince-Machiavelli,Intermediate,planned,md/09-Philosophy-Ethics-and-Decision-Making/04-POLITICAL-PHILOSOPHY/The-Prince-Machiavelli.md,nonfiction,summary,detailed,Foundation,,
1451,1451,P0,The Constitution of Liberty,Friedrich A. Hayek,1960,2011,1960,"09-Philosophy, Ethics & Decision-Making","Philosophy, Ethics & Decision-Making",04-POLITICAL-PHILOSOPHY,Governance & Power,Liberty & State,The-Constitution-of-Liberty,Intermediate,planned,md/09-Philosophy-Ethics-and-Decision-Making/04-POLITICAL-PHILOSOPHY/The-Constitution-of-Liberty.md,nonfiction,summary,detailed,Foundation,,
1452,1452,P1,"Law, Legislation and Liberty, Volume 1: Rules and Order",Friedrich A. Hayek,1973,1983,1973,"09-Philosophy, Ethics & Decision-Making","Philosophy, Ethics & Decision-Making",04-POLITICAL-PHILOSOPHY,Governance & Power,Liberty & State,Law-Legislation-and-Liberty-Vol-1,Intermediate,planned,md/09-Philosophy-Ethics-and-Decision-Making/04-POLITICAL-PHILOSOPHY/Law-Legislation-and-Liberty-Vol-1.md,nonfiction,summary,detailed,Foundation,,
1453,1453,P1,"Law, Legislation and Liberty, Volume 2: The Mirage of Social Justice",Friedrich A. Hayek,1976,1983,1976,"09-Philosophy, Ethics & Decision-Making","Philosophy, Ethics & Decision-Making",04-POLITICAL-PHILOSOPHY,Governance & Power,Liberty & State,Law-Legislation-and-Liberty-Vol-2,Intermediate,planned,md/09-Philosophy-Ethics-and-Decision-Making/04-POLITICAL-PHILOSOPHY/Law-Legislation-and-Liberty-Vol-2.md,nonfiction,summary,detailed,Foundation,,
1454,1454,P0,The Open Society and Its Enemies,Karl Popper,1945,2020,1945,"09-Philosophy, Ethics & Decision-Making","Philosophy, Ethics & Decision-Making",04-POLITICAL-PHILOSOPHY,Governance & Power,Liberty & State,The-Open-Society-and-Its-Enemies,Intermediate,planned,md/09-Philosophy-Ethics-and-Decision-Making/04-POLITICAL-PHILOSOPHY/The-Open-Society-and-Its-Enemies.md,nonfiction,summary,detailed,Foundation,,
1455,1455,P1,The Poverty of Historicism,Karl Popper,1957,2002,1957,"09-Philosophy, Ethics & Decision-Making","Philosophy, Ethics & Decision-Making",04-POLITICAL-PHILOSOPHY,Governance & Power,Liberty & State,The-Poverty-of-Historicism,Intermediate,planned,md/09-Philosophy-Ethics-and-Decision-Making/04-POLITICAL-PHILOSOPHY/The-Poverty-of-Historicism.md,nonfiction,summary,detailed,Foundation,,
1456,1456,P0,Democracy in America,Alexis de Tocqueville,1835,2003,1835,"09-Philosophy, Ethics & Decision-Making","Philosophy, Ethics & Decision-Making",04-POLITICAL-PHILOSOPHY,Governance & Power,Democracy & Institutions,Democracy-in-America-Tocqueville,Intermediate,planned,md/09-Philosophy-Ethics-and-Decision-Making/04-POLITICAL-PHILOSOPHY/Democracy-in-America-Tocqueville.md,nonfiction,summary,detailed,Foundation,,
1457,1457,P0,The Federalist Papers,Alexander Hamilton; James Madison; John Jay,1788,2008,1788,"09-Philosophy, Ethics & Decision-Making","Philosophy, Ethics & Decision-Making",04-POLITICAL-PHILOSOPHY,Governance & Power,Democracy & Institutions,The-Federalist-Papers,Intermediate,planned,md/09-Philosophy-Ethics-and-Decision-Making/04-POLITICAL-PHILOSOPHY/The-Federalist-Papers.md,nonfiction,summary,detailed,Foundation,,
1458,1458,P0,Reflections on the Revolution in France,Edmund Burke,1790,2009,1790,"09-Philosophy, Ethics & Decision-Making","Philosophy, Ethics & Decision-Making",04-POLITICAL-PHILOSOPHY,Governance & Power,Democracy & Institutions,Reflections-on-the-Revolution-in-France,Intermediate,planned,md/09-Philosophy-Ethics-and-Decision-Making/04-POLITICAL-PHILOSOPHY/Reflections-on-the-Revolution-in-France.md,nonfiction,summary,detailed,Foundation,,
1459,1459,P0,On Revolution,Hannah Arendt,1963,2006,1963,"09-Philosophy, Ethics & Decision-Making","Philosophy, Ethics & Decision-Making",04-POLITICAL-PHILOSOPHY,Governance & Power,Democracy & Institutions,On-Revolution-Arendt,Intermediate,planned,md/09-Philosophy-Ethics-and-Decision-Making/04-POLITICAL-PHILOSOPHY/On-Revolution-Arendt.md,nonfiction,summary,detailed,Foundation,,
1460,1460,P0,The Human Condition,Hannah Arendt,1958,2018,1958,"09-Philosophy, Ethics & Decision-Making","Philosophy, Ethics & Decision-Making",04-POLITICAL-PHILOSOPHY,Governance & Power,Democracy & Institutions,The-Human-Condition-Arendt,Intermediate,planned,md/09-Philosophy-Ethics-and-Decision-Making/04-POLITICAL-PHILOSOPHY/The-Human-Condition-Arendt.md,nonfiction,summary,detailed,Foundation,,
1461,1461,P0,Sapiens: A Brief History of Humankind,Yuval Noah Harari,2011,2015,2011,"10-History, Civilization & Geopolitics","History, Civilization & Geopolitics",01-WORLD-HISTORY,Ancient Civilizations,Origins of Civilization,Sapiens-Harari,Intermediate,planned,md/10-History-Civilization-and-Geopolitics/01-WORLD-HISTORY/Sapiens-Harari.md,nonfiction,summary,detailed,Foundation,,
1462,1462,P0,"Guns, Germs, and Steel: The Fates of Human Societies",Jared Diamond,1997,2017,1997,"10-History, Civilization & Geopolitics","History, Civilization & Geopolitics",01-WORLD-HISTORY,Ancient Civilizations,Origins of Civilization,Guns-Germs-and-Steel,Intermediate,planned,md/10-History-Civilization-and-Geopolitics/01-WORLD-HISTORY/Guns-Germs-and-Steel.md,nonfiction,summary,detailed,Foundation,,
1463,1463,P0,The Dawn of Everything: A New History of Humanity,David Graeber; David Wengrow,2021,2021,2021,"10-History, Civilization & Geopolitics","History, Civilization & Geopolitics",01-WORLD-HISTORY,Ancient Civilizations,Origins of Civilization,The-Dawn-of-Everything,Intermediate,planned,md/10-History-Civilization-and-Geopolitics/01-WORLD-HISTORY/The-Dawn-of-Everything.md,nonfiction,summary,detailed,Foundation,,
1464,1464,P0,Against the Grain: A Deep History of the Earliest States,James C. Scott,2017,2018,2017,"10-History, Civilization & Geopolitics","History, Civilization & Geopolitics",01-WORLD-HISTORY,Ancient Civilizations,Origins of Civilization,Against-the-Grain-Scott,Intermediate,planned,md/10-History-Civilization-and-Geopolitics/01-WORLD-HISTORY/Against-the-Grain-Scott.md,nonfiction,summary,detailed,Foundation,,
1465,1465,P0,1177 B.C.: The Year Civilization Collapsed,Eric H. Cline,2014,2021,2014,"10-History, Civilization & Geopolitics","History, Civilization & Geopolitics",01-WORLD-HISTORY,Ancient Civilizations,Origins of Civilization,1177-BC-Cline,Intermediate,planned,md/10-History-Civilization-and-Geopolitics/01-WORLD-HISTORY/1177-BC-Cline.md,nonfiction,summary,detailed,Foundation,,
1466,1466,P0,The Histories,Herodotus,-440,2008,-440,"10-History, Civilization & Geopolitics","History, Civilization & Geopolitics",01-WORLD-HISTORY,Ancient Civilizations,Ancient Mediterranean,The-Histories-Herodotus,Intermediate,planned,md/10-History-Civilization-and-Geopolitics/01-WORLD-HISTORY/The-Histories-Herodotus.md,nonfiction,summary,detailed,Foundation,,
1467,1467,P0,History of the Peloponnesian War,Thucydides,-400,2009,-400,"10-History, Civilization & Geopolitics","History, Civilization & Geopolitics",01-WORLD-HISTORY,Ancient Civilizations,Ancient Mediterranean,History-of-the-Peloponnesian-War,Intermediate,planned,md/10-History-Civilization-and-Geopolitics/01-WORLD-HISTORY/History-of-the-Peloponnesian-War.md,nonfiction,summary,detailed,Foundation,,
1468,1468,P0,SPQR: A History of Ancient Rome,Mary Beard,2015,2016,2015,"10-History, Civilization & Geopolitics","History, Civilization & Geopolitics",01-WORLD-HISTORY,Ancient Civilizations,Ancient Mediterranean,SPQR-Mary-Beard,Intermediate,planned,md/10-History-Civilization-and-Geopolitics/01-WORLD-HISTORY/SPQR-Mary-Beard.md,nonfiction,summary,detailed,Foundation,,
1469,1469,P0,The History of the Decline and Fall of the Roman Empire,Edward Gibbon,1776,2005,1776,"10-History, Civilization & Geopolitics","History, Civilization & Geopolitics",01-WORLD-HISTORY,Ancient Civilizations,Ancient Mediterranean,The-Decline-and-Fall-of-the-Roman-Empire,Intermediate,planned,md/10-History-Civilization-and-Geopolitics/01-WORLD-HISTORY/The-Decline-and-Fall-of-the-Roman-Empire.md,nonfiction,summary,detailed,Foundation,,
1470,1470,P0,Rubicon: The Last Years of the Roman Republic,Tom Holland,2003,2005,2003,"10-History, Civilization & Geopolitics","History, Civilization & Geopolitics",01-WORLD-HISTORY,Ancient Civilizations,Ancient Mediterranean,Rubicon-Tom-Holland,Intermediate,planned,md/10-History-Civilization-and-Geopolitics/01-WORLD-HISTORY/Rubicon-Tom-Holland.md,nonfiction,summary,detailed,Foundation,,
1471,1471,P0,Records of the Grand Historian,Sima Qian (Burton Watson Trans.),-94,1993,-94,"10-History, Civilization & Geopolitics","History, Civilization & Geopolitics",01-WORLD-HISTORY,Ancient Civilizations,Ancient Asian Civilizations,Records-of-the-Grand-Historian,Intermediate,planned,md/10-History-Civilization-and-Geopolitics/01-WORLD-HISTORY/Records-of-the-Grand-Historian.md,nonfiction,summary,detailed,Foundation,,
1472,1472,P1,The Early Chinese Empires: Qin and Han,Mark Edward Lewis,2007,2010,2007,"10-History, Civilization & Geopolitics","History, Civilization & Geopolitics",01-WORLD-HISTORY,Ancient Civilizations,Ancient Asian Civilizations,The-Early-Chinese-Empires,Intermediate,planned,md/10-History-Civilization-and-Geopolitics/01-WORLD-HISTORY/The-Early-Chinese-Empires.md,nonfiction,summary,detailed,Foundation,,
1473,1473,P0,India: A History,John Keay,2000,2010,2000,"10-History, Civilization & Geopolitics","History, Civilization & Geopolitics",01-WORLD-HISTORY,Ancient Civilizations,Ancient Asian Civilizations,India-A-History-Keay,Intermediate,planned,md/10-History-Civilization-and-Geopolitics/01-WORLD-HISTORY/India-A-History-Keay.md,nonfiction,summary,detailed,Foundation,,
1474,1474,P0,China: A History,John Keay,2008,2011,2008,"10-History, Civilization & Geopolitics","History, Civilization & Geopolitics",01-WORLD-HISTORY,Ancient Civilizations,Ancient Asian Civilizations,China-A-History-Keay,Intermediate,planned,md/10-History-Civilization-and-Geopolitics/01-WORLD-HISTORY/China-A-History-Keay.md,nonfiction,summary,detailed,Foundation,,
1475,1475,P0,The Wonder That Was India,A.L. Basham,1954,2004,1954,"10-History, Civilization & Geopolitics","History, Civilization & Geopolitics",01-WORLD-HISTORY,Ancient Civilizations,Ancient Asian Civilizations,The-Wonder-That-Was-India,Intermediate,planned,md/10-History-Civilization-and-Geopolitics/01-WORLD-HISTORY/The-Wonder-That-Was-India.md,nonfiction,summary,detailed,Foundation,,
1476,1476,P0,Powers and Thrones: A New History of the Middle Ages,Dan Jones,2021,2022,2021,"10-History, Civilization & Geopolitics","History, Civilization & Geopolitics",01-WORLD-HISTORY,Medieval & Early Modern,Medieval World,Powers-and-Thrones-Dan-Jones,Intermediate,planned,md/10-History-Civilization-and-Geopolitics/01-WORLD-HISTORY/Powers-and-Thrones-Dan-Jones.md,nonfiction,summary,detailed,Foundation,,
1477,1477,P0,The Plantagenets: The Warrior Kings and Queens Who Made England,Dan Jones,2012,2013,2012,"10-History, Civilization & Geopolitics","History, Civilization & Geopolitics",01-WORLD-HISTORY,Medieval & Early Modern,Medieval World,The-Plantagenets-Dan-Jones,Intermediate,planned,md/10-History-Civilization-and-Geopolitics/01-WORLD-HISTORY/The-Plantagenets-Dan-Jones.md,nonfiction,summary,detailed,Foundation,,
1478,1478,P0,The Templars: The Rise and Spectacular Fall of God's Holy Warriors,Dan Jones,2017,2018,2017,"10-History, Civilization & Geopolitics","History, Civilization & Geopolitics",01-WORLD-HISTORY,Medieval & Early Modern,Medieval World,The-Templars-Dan-Jones,Intermediate,planned,md/10-History-Civilization-and-Geopolitics/01-WORLD-HISTORY/The-Templars-Dan-Jones.md,nonfiction,summary,detailed,Foundation,,
1479,1479,P0,The Crusades: The Authoritative History of the War for the Holy Land,Thomas Asbridge,2010,2011,2010,"10-History, Civilization & Geopolitics","History, Civilization & Geopolitics",01-WORLD-HISTORY,Medieval & Early Modern,Medieval World,The-Crusades-Asbridge,Intermediate,planned,md/10-History-Civilization-and-Geopolitics/01-WORLD-HISTORY/The-Crusades-Asbridge.md,nonfiction,summary,detailed,Foundation,,
1480,1480,P0,Genghis Khan and the Making of the Modern World,Jack Weatherford,2004,2005,2004,"10-History, Civilization & Geopolitics","History, Civilization & Geopolitics",01-WORLD-HISTORY,Medieval & Early Modern,Medieval World,Genghis-Khan-and-the-Making-of-the-Modern-World,Intermediate,planned,md/10-History-Civilization-and-Geopolitics/01-WORLD-HISTORY/Genghis-Khan-and-the-Making-of-the-Modern-World.md,nonfiction,summary,detailed,Foundation,,
1481,1481,P0,1491: New Revelations of the Americas Before Columbus,Charles C. Mann,2005,2011,2005,"10-History, Civilization & Geopolitics","History, Civilization & Geopolitics",01-WORLD-HISTORY,Medieval & Early Modern,Age of Discovery,1491-Charles-Mann,Intermediate,planned,md/10-History-Civilization-and-Geopolitics/01-WORLD-HISTORY/1491-Charles-Mann.md,nonfiction,summary,detailed,Foundation,,
1482,1482,P0,1493: Uncovering the New World Columbus Created,Charles C. Mann,2011,2012,2011,"10-History, Civilization & Geopolitics","History, Civilization & Geopolitics",01-WORLD-HISTORY,Medieval & Early Modern,Age of Discovery,1493-Charles-Mann,Intermediate,planned,md/10-History-Civilization-and-Geopolitics/01-WORLD-HISTORY/1493-Charles-Mann.md,nonfiction,summary,detailed,Foundation,,
1483,1483,P0,Conquerors: How Portugal Forged the First Global Empire,Roger Crowley,2015,2016,2015,"10-History, Civilization & Geopolitics","History, Civilization & Geopolitics",01-WORLD-HISTORY,Medieval & Early Modern,Age of Discovery,Conquerors-Roger-Crowley,Intermediate,planned,md/10-History-Civilization-and-Geopolitics/01-WORLD-HISTORY/Conquerors-Roger-Crowley.md,nonfiction,summary,detailed,Foundation,,
1484,1484,P1,City of Fortune: How Venice Ruled the Seas,Roger Crowley,2011,2013,2011,"10-History, Civilization & Geopolitics","History, Civilization & Geopolitics",01-WORLD-HISTORY,Medieval & Early Modern,Age of Discovery,City-of-Fortune-Crowley,Intermediate,planned,md/10-History-Civilization-and-Geopolitics/01-WORLD-HISTORY/City-of-Fortune-Crowley.md,nonfiction,summary,detailed,Foundation,,
1485,1485,P0,"Empires of the Sea: The Siege of Malta, the Battle of Lepanto, and the Contest for the Center of the World",Roger Crowley,2008,2009,2008,"10-History, Civilization & Geopolitics","History, Civilization & Geopolitics",01-WORLD-HISTORY,Medieval & Early Modern,Age of Discovery,Empires-of-the-Sea-Crowley,Intermediate,planned,md/10-History-Civilization-and-Geopolitics/01-WORLD-HISTORY/Empires-of-the-Sea-Crowley.md,nonfiction,summary,detailed,Foundation,,
1486,1486,P0,The French Revolution: From Enlightenment to Tyranny,Ian Davidson,2016,2018,2016,"10-History, Civilization & Geopolitics","History, Civilization & Geopolitics",01-WORLD-HISTORY,Medieval & Early Modern,Enlightenment & Revolution,The-French-Revolution-Davidson,Intermediate,planned,md/10-History-Civilization-and-Geopolitics/01-WORLD-HISTORY/The-French-Revolution-Davidson.md,nonfiction,summary,detailed,Foundation,,
1487,1487,P0,Citizens: A Chronicle of the French Revolution,Simon Schama,1989,2004,1989,"10-History, Civilization & Geopolitics","History, Civilization & Geopolitics",01-WORLD-HISTORY,Medieval & Early Modern,Enlightenment & Revolution,Citizens-Simon-Schama,Intermediate,planned,md/10-History-Civilization-and-Geopolitics/01-WORLD-HISTORY/Citizens-Simon-Schama.md,nonfiction,summary,detailed,Foundation,,
1488,1488,P0,The Age of Revolution: 1789-1848,Eric Hobsbawm,1962,1996,1962,"10-History, Civilization & Geopolitics","History, Civilization & Geopolitics",01-WORLD-HISTORY,Medieval & Early Modern,Enlightenment & Revolution,The-Age-of-Revolution-Hobsbawm,Intermediate,planned,md/10-History-Civilization-and-Geopolitics/01-WORLD-HISTORY/The-Age-of-Revolution-Hobsbawm.md,nonfiction,summary,detailed,Foundation,,
1489,1489,P0,The Age of Capital: 1848-1875,Eric Hobsbawm,1975,1996,1975,"10-History, Civilization & Geopolitics","History, Civilization & Geopolitics",01-WORLD-HISTORY,Medieval & Early Modern,Enlightenment & Revolution,The-Age-of-Capital-Hobsbawm,Intermediate,planned,md/10-History-Civilization-and-Geopolitics/01-WORLD-HISTORY/The-Age-of-Capital-Hobsbawm.md,nonfiction,summary,detailed,Foundation,,
1490,1490,P0,The Age of Empire: 1875-1914,Eric Hobsbawm,1987,1989,1987,"10-History, Civilization & Geopolitics","History, Civilization & Geopolitics",01-WORLD-HISTORY,Medieval & Early Modern,Enlightenment & Revolution,The-Age-of-Empire-Hobsbawm,Intermediate,planned,md/10-History-Civilization-and-Geopolitics/01-WORLD-HISTORY/The-Age-of-Empire-Hobsbawm.md,nonfiction,summary,detailed,Foundation,,
1491,1491,P0,The British Industrial Revolution in Global Perspective,Robert C. Allen,2009,2009,2009,"10-History, Civilization & Geopolitics","History, Civilization & Geopolitics",01-WORLD-HISTORY,Modern History,Industrial Revolution,The-British-Industrial-Revolution-Allen,Intermediate,planned,md/10-History-Civilization-and-Geopolitics/01-WORLD-HISTORY/The-British-Industrial-Revolution-Allen.md,nonfiction,summary,detailed,Foundation,,
1492,1492,P0,The Lever of Riches: Technological Creativity and Economic Progress,Joel Mokyr,1990,1992,1990,"10-History, Civilization & Geopolitics","History, Civilization & Geopolitics",01-WORLD-HISTORY,Modern History,Industrial Revolution,The-Lever-of-Riches,Intermediate,planned,md/10-History-Civilization-and-Geopolitics/01-WORLD-HISTORY/The-Lever-of-Riches.md,nonfiction,summary,detailed,Foundation,,
1493,1493,P0,The Gifts of Athena: Historical Origins of the Knowledge Economy,Joel Mokyr,2002,2004,2002,"10-History, Civilization & Geopolitics","History, Civilization & Geopolitics",01-WORLD-HISTORY,Modern History,Industrial Revolution,The-Gifts-of-Athena,Intermediate,planned,md/10-History-Civilization-and-Geopolitics/01-WORLD-HISTORY/The-Gifts-of-Athena.md,nonfiction,summary,detailed,Foundation,,
1494,1494,P0,A Culture of Growth: The Origins of the Modern Economy,Joel Mokyr,2016,2018,2016,"10-History, Civilization & Geopolitics","History, Civilization & Geopolitics",01-WORLD-HISTORY,Modern History,Industrial Revolution,A-Culture-of-Growth,Intermediate,planned,md/10-History-Civilization-and-Geopolitics/01-WORLD-HISTORY/A-Culture-of-Growth.md,nonfiction,summary,detailed,Foundation,,
1495,1495,P0,Empire of Cotton: A Global History,Sven Beckert,2014,2015,2014,"10-History, Civilization & Geopolitics","History, Civilization & Geopolitics",01-WORLD-HISTORY,Modern History,Industrial Revolution,Empire-of-Cotton,Intermediate,planned,md/10-History-Civilization-and-Geopolitics/01-WORLD-HISTORY/Empire-of-Cotton.md,nonfiction,summary,detailed,Foundation,,
1496,1496,P0,"The Age of Extremes: A History of the World, 1914-1991",Eric Hobsbawm,1994,1996,1994,"10-History, Civilization & Geopolitics","History, Civilization & Geopolitics",01-WORLD-HISTORY,Modern History,20th Century,The-Age-of-Extremes-Hobsbawm,Intermediate,planned,md/10-History-Civilization-and-Geopolitics/01-WORLD-HISTORY/The-Age-of-Extremes-Hobsbawm.md,nonfiction,summary,detailed,Foundation,,
1497,1497,P0,The Sleepwalkers: How Europe Went to War in 1914,Christopher Clark,2012,2014,2012,"10-History, Civilization & Geopolitics","History, Civilization & Geopolitics",01-WORLD-HISTORY,Modern History,20th Century,The-Sleepwalkers-Clark,Intermediate,planned,md/10-History-Civilization-and-Geopolitics/01-WORLD-HISTORY/The-Sleepwalkers-Clark.md,nonfiction,summary,detailed,Foundation,,
1498,1498,P0,The Guns of August,Barbara W. Tuchman,1962,2004,1962,"10-History, Civilization & Geopolitics","History, Civilization & Geopolitics",01-WORLD-HISTORY,Modern History,20th Century,The-Guns-of-August,Intermediate,planned,md/10-History-Civilization-and-Geopolitics/01-WORLD-HISTORY/The-Guns-of-August.md,nonfiction,summary,detailed,Foundation,,
1499,1499,P0,The Second World War,Antony Beevor,2012,2013,2012,"10-History, Civilization & Geopolitics","History, Civilization & Geopolitics",01-WORLD-HISTORY,Modern History,20th Century,The-Second-World-War-Beevor,Intermediate,planned,md/10-History-Civilization-and-Geopolitics/01-WORLD-HISTORY/The-Second-World-War-Beevor.md,nonfiction,summary,detailed,Foundation,,
1500,1500,P0,Postwar: A History of Europe Since 1945,Tony Judt,2005,2006,2005,"10-History, Civilization & Geopolitics","History, Civilization & Geopolitics",01-WORLD-HISTORY,Modern History,20th Century,Postwar-Tony-Judt,Intermediate,planned,md/10-History-Civilization-and-Geopolitics/01-WORLD-HISTORY/Postwar-Tony-Judt.md,nonfiction,summary,detailed,Foundation,,
1501,1501,P0,The Cold War: A New History,John Lewis Gaddis,2005,2006,2005,"10-History, Civilization & Geopolitics","History, Civilization & Geopolitics",01-WORLD-HISTORY,Modern History,Cold War,The-Cold-War-Gaddis,Intermediate,planned,md/10-History-Civilization-and-Geopolitics/01-WORLD-HISTORY/The-Cold-War-Gaddis.md,nonfiction,summary,detailed,Foundation,,
1502,1502,P0,The Cold War: A World History,Odd Arne Westad,2017,2019,2017,"10-History, Civilization & Geopolitics","History, Civilization & Geopolitics",01-WORLD-HISTORY,Modern History,Cold War,The-Cold-War-Westad,Intermediate,planned,md/10-History-Civilization-and-Geopolitics/01-WORLD-HISTORY/The-Cold-War-Westad.md,nonfiction,summary,detailed,Foundation,,
1503,1503,P0,The Global Cold War: Third World Interventions and the Making of Our Times,Odd Arne Westad,2005,2007,2005,"10-History, Civilization & Geopolitics","History, Civilization & Geopolitics",01-WORLD-HISTORY,Modern History,Cold War,The-Global-Cold-War-Westad,Intermediate,planned,md/10-History-Civilization-and-Geopolitics/01-WORLD-HISTORY/The-Global-Cold-War-Westad.md,nonfiction,summary,detailed,Foundation,,
1504,1504,P0,Strategies of Containment: A Critical Appraisal of American National Security Policy During the Cold War,John Lewis Gaddis,1982,2005,1982,"10-History, Civilization & Geopolitics","History, Civilization & Geopolitics",01-WORLD-HISTORY,Modern History,Cold War,Strategies-of-Containment,Intermediate,planned,md/10-History-Civilization-and-Geopolitics/01-WORLD-HISTORY/Strategies-of-Containment.md,nonfiction,summary,detailed,Foundation,,
1505,1505,P1,Armageddon and Paranoia: The Cold War Nuclear Confrontation,Rodric Braithwaite,2017,2018,2017,"10-History, Civilization & Geopolitics","History, Civilization & Geopolitics",01-WORLD-HISTORY,Modern History,Cold War,Armageddon-and-Paranoia,Intermediate,planned,md/10-History-Civilization-and-Geopolitics/01-WORLD-HISTORY/Armageddon-and-Paranoia.md,nonfiction,summary,detailed,Foundation,,
1506,1506,P0,Maps of Time: An Introduction to Big History,David Christian,2004,2011,2004,"10-History, Civilization & Geopolitics","History, Civilization & Geopolitics",01-WORLD-HISTORY,Global History,Big History,Maps-of-Time-Christian,Intermediate,planned,md/10-History-Civilization-and-Geopolitics/01-WORLD-HISTORY/Maps-of-Time-Christian.md,nonfiction,summary,detailed,Foundation,,
1507,1507,P0,Origin Story: A Big History of Everything,David Christian,2018,2019,2018,"10-History, Civilization & Geopolitics","History, Civilization & Geopolitics",01-WORLD-HISTORY,Global History,Big History,Origin-Story-Christian,Intermediate,planned,md/10-History-Civilization-and-Geopolitics/01-WORLD-HISTORY/Origin-Story-Christian.md,nonfiction,summary,detailed,Foundation,,
1508,1508,P0,A Short History of Nearly Everything,Bill Bryson,2003,2004,2003,"10-History, Civilization & Geopolitics","History, Civilization & Geopolitics",01-WORLD-HISTORY,Global History,Big History,A-Short-History-of-Nearly-Everything,Intermediate,planned,md/10-History-Civilization-and-Geopolitics/01-WORLD-HISTORY/A-Short-History-of-Nearly-Everything.md,nonfiction,summary,detailed,Foundation,,
1509,1509,P0,The Human Web: A Bird's-Eye View of World History,J.R. McNeill; William H. McNeill,2003,2003,2003,"10-History, Civilization & Geopolitics","History, Civilization & Geopolitics",01-WORLD-HISTORY,Global History,Big History,The-Human-Web,Intermediate,planned,md/10-History-Civilization-and-Geopolitics/01-WORLD-HISTORY/The-Human-Web.md,nonfiction,summary,detailed,Foundation,,
1510,1510,P0,A History of the World in 100 Objects,Neil MacGregor,2010,2013,2010,"10-History, Civilization & Geopolitics","History, Civilization & Geopolitics",01-WORLD-HISTORY,Global History,Big History,A-History-of-the-World-in-100-Objects,Intermediate,planned,md/10-History-Civilization-and-Geopolitics/01-WORLD-HISTORY/A-History-of-the-World-in-100-Objects.md,nonfiction,summary,detailed,Foundation,,
1511,1511,P0,The Anarchy: The Relentless Rise of the East India Company,William Dalrymple,2019,2020,2019,"10-History, Civilization & Geopolitics","History, Civilization & Geopolitics",01-WORLD-HISTORY,Global History,Transnational History,The-Anarchy-Dalrymple,Intermediate,planned,md/10-History-Civilization-and-Geopolitics/01-WORLD-HISTORY/The-Anarchy-Dalrymple.md,nonfiction,summary,detailed,Foundation,,
1512,1512,P0,The Golden Road: How Ancient India Transformed the World,William Dalrymple,2024,2024,2024,"10-History, Civilization & Geopolitics","History, Civilization & Geopolitics",01-WORLD-HISTORY,Global History,Transnational History,The-Golden-Road-Dalrymple,Intermediate,planned,md/10-History-Civilization-and-Geopolitics/01-WORLD-HISTORY/The-Golden-Road-Dalrymple.md,nonfiction,summary,detailed,Foundation,,
1513,1513,P1,"Return of a King: The Battle for Afghanistan, 1839-42",William Dalrymple,2012,2014,2012,"10-History, Civilization & Geopolitics","History, Civilization & Geopolitics",01-WORLD-HISTORY,Global History,Transnational History,Return-of-a-King-Dalrymple,Intermediate,planned,md/10-History-Civilization-and-Geopolitics/01-WORLD-HISTORY/Return-of-a-King-Dalrymple.md,nonfiction,summary,detailed,Foundation,,
1514,1514,P1,White Mughals: Love and Betrayal in Eighteenth-Century India,William Dalrymple,2002,2004,2002,"10-History, Civilization & Geopolitics","History, Civilization & Geopolitics",01-WORLD-HISTORY,Global History,Transnational History,White-Mughals-Dalrymple,Intermediate,planned,md/10-History-Civilization-and-Geopolitics/01-WORLD-HISTORY/White-Mughals-Dalrymple.md,nonfiction,summary,detailed,Foundation,,
1515,1515,P1,"The Last Mughal: The Fall of a Dynasty, Delhi, 1857",William Dalrymple,2006,2008,2006,"10-History, Civilization & Geopolitics","History, Civilization & Geopolitics",01-WORLD-HISTORY,Global History,Transnational History,The-Last-Mughal-Dalrymple,Intermediate,planned,md/10-History-Civilization-and-Geopolitics/01-WORLD-HISTORY/The-Last-Mughal-Dalrymple.md,nonfiction,summary,detailed,Foundation,,
1516,1516,P0,Something New Under the Sun: An Environmental History of the Twentieth-Century World,J.R. McNeill,2000,2001,2000,"10-History, Civilization & Geopolitics","History, Civilization & Geopolitics",01-WORLD-HISTORY,Global History,Environmental History,Something-New-Under-the-Sun,Intermediate,planned,md/10-History-Civilization-and-Geopolitics/01-WORLD-HISTORY/Something-New-Under-the-Sun.md,nonfiction,summary,detailed,Foundation,,
1517,1517,P1,The Great Acceleration: An Environmental History of the Anthropocene since 1945,J.R. McNeill; Peter Engelke,2014,2016,2014,"10-History, Civilization & Geopolitics","History, Civilization & Geopolitics",01-WORLD-HISTORY,Global History,Environmental History,The-Great-Acceleration,Intermediate,planned,md/10-History-Civilization-and-Geopolitics/01-WORLD-HISTORY/The-Great-Acceleration.md,nonfiction,summary,detailed,Foundation,,
1518,1518,P0,The Earth Transformed: An Untold History,Peter Frankopan,2023,2023,2023,"10-History, Civilization & Geopolitics","History, Civilization & Geopolitics",01-WORLD-HISTORY,Global History,Environmental History,The-Earth-Transformed-Frankopan,Intermediate,planned,md/10-History-Civilization-and-Geopolitics/01-WORLD-HISTORY/The-Earth-Transformed-Frankopan.md,nonfiction,summary,detailed,Foundation,,
1519,1519,P0,Plagues and Peoples,William H. McNeill,1976,1998,1976,"10-History, Civilization & Geopolitics","History, Civilization & Geopolitics",01-WORLD-HISTORY,Global History,Environmental History,Plagues-and-Peoples,Intermediate,planned,md/10-History-Civilization-and-Geopolitics/01-WORLD-HISTORY/Plagues-and-Peoples.md,nonfiction,summary,detailed,Foundation,,
1520,1520,P0,The Columbian Exchange: Biological and Cultural Consequences of 1492,Alfred W. Crosby,1972,2003,1972,"10-History, Civilization & Geopolitics","History, Civilization & Geopolitics",01-WORLD-HISTORY,Global History,Environmental History,The-Columbian-Exchange-Crosby,Intermediate,planned,md/10-History-Civilization-and-Geopolitics/01-WORLD-HISTORY/The-Columbian-Exchange-Crosby.md,nonfiction,summary,detailed,Foundation,,
1521,1521,P0,Collapse: How Societies Choose to Fail or Succeed,Jared Diamond,2005,2011,2005,"10-History, Civilization & Geopolitics","History, Civilization & Geopolitics",02-CIVILIZATION-CULTURE,Rise & Fall,Collapse & Renewal,Collapse-Jared-Diamond,Intermediate,planned,md/10-History-Civilization-and-Geopolitics/02-CIVILIZATION-CULTURE/Collapse-Jared-Diamond.md,nonfiction,summary,detailed,Foundation,,
1522,1522,P0,Upheaval: Turning Points for Nations in Crisis,Jared Diamond,2019,2020,2019,"10-History, Civilization & Geopolitics","History, Civilization & Geopolitics",02-CIVILIZATION-CULTURE,Rise & Fall,Collapse & Renewal,Upheaval-Jared-Diamond,Intermediate,planned,md/10-History-Civilization-and-Geopolitics/02-CIVILIZATION-CULTURE/Upheaval-Jared-Diamond.md,nonfiction,summary,detailed,Foundation,,
1523,1523,P0,The Collapse of Complex Societies,Joseph A. Tainter,1988,1988,1988,"10-History, Civilization & Geopolitics","History, Civilization & Geopolitics",02-CIVILIZATION-CULTURE,Rise & Fall,Collapse & Renewal,The-Collapse-of-Complex-Societies,Intermediate,planned,md/10-History-Civilization-and-Geopolitics/02-CIVILIZATION-CULTURE/The-Collapse-of-Complex-Societies.md,nonfiction,summary,detailed,Foundation,,
1524,1524,P0,War and Peace and War: The Rise and Fall of Empires,Peter Turchin,2006,2007,2006,"10-History, Civilization & Geopolitics","History, Civilization & Geopolitics",02-CIVILIZATION-CULTURE,Rise & Fall,Collapse & Renewal,War-and-Peace-and-War-Turchin,Intermediate,planned,md/10-History-Civilization-and-Geopolitics/02-CIVILIZATION-CULTURE/War-and-Peace-and-War-Turchin.md,nonfiction,summary,detailed,Foundation,,
1525,1525,P0,"End Times: Elites, Counter-Elites, and the Path of Political Disintegration",Peter Turchin,2023,2023,2023,"10-History, Civilization & Geopolitics","History, Civilization & Geopolitics",02-CIVILIZATION-CULTURE,Rise & Fall,Collapse & Renewal,End-Times-Turchin,Intermediate,planned,md/10-History-Civilization-and-Geopolitics/02-CIVILIZATION-CULTURE/End-Times-Turchin.md,nonfiction,summary,detailed,Foundation,,
1526,1526,P0,The Rise and Fall of the Great Powers: Economic Change and Military Conflict from 1500 to 2000,Paul Kennedy,1987,1989,1987,"10-History, Civilization & Geopolitics","History, Civilization & Geopolitics",02-CIVILIZATION-CULTURE,Rise & Fall,Imperial Systems,The-Rise-and-Fall-of-the-Great-Powers,Intermediate,planned,md/10-History-Civilization-and-Geopolitics/02-CIVILIZATION-CULTURE/The-Rise-and-Fall-of-the-Great-Powers.md,nonfiction,summary,detailed,Foundation,,
1527,1527,P0,Empires in World History: Power and the Politics of Difference,Jane Burbank; Frederick Cooper,2010,2011,2010,"10-History, Civilization & Geopolitics","History, Civilization & Geopolitics",02-CIVILIZATION-CULTURE,Rise & Fall,Imperial Systems,Empires-in-World-History,Intermediate,planned,md/10-History-Civilization-and-Geopolitics/02-CIVILIZATION-CULTURE/Empires-in-World-History.md,nonfiction,summary,detailed,Foundation,,
1528,1528,P0,Empire: How Britain Made the Modern World,Niall Ferguson,2002,2004,2002,"10-History, Civilization & Geopolitics","History, Civilization & Geopolitics",02-CIVILIZATION-CULTURE,Rise & Fall,Imperial Systems,Empire-Ferguson,Intermediate,planned,md/10-History-Civilization-and-Geopolitics/02-CIVILIZATION-CULTURE/Empire-Ferguson.md,nonfiction,summary,detailed,Foundation,,
1529,1529,P1,Colossus: The Rise and Fall of the American Empire,Niall Ferguson,2004,2005,2004,"10-History, Civilization & Geopolitics","History, Civilization & Geopolitics",02-CIVILIZATION-CULTURE,Rise & Fall,Imperial Systems,Colossus-Ferguson,Intermediate,planned,md/10-History-Civilization-and-Geopolitics/02-CIVILIZATION-CULTURE/Colossus-Ferguson.md,nonfiction,summary,detailed,Foundation,,
1530,1530,P0,Civilization: The West and the Rest,Niall Ferguson,2011,2012,2011,"10-History, Civilization & Geopolitics","History, Civilization & Geopolitics",02-CIVILIZATION-CULTURE,Rise & Fall,Imperial Systems,Civilization-Ferguson,Intermediate,planned,md/10-History-Civilization-and-Geopolitics/02-CIVILIZATION-CULTURE/Civilization-Ferguson.md,nonfiction,summary,detailed,Foundation,,
1531,1531,P0,The Clash of Civilizations and the Remaking of World Order,Samuel P. Huntington,1996,2011,1996,"10-History, Civilization & Geopolitics","History, Civilization & Geopolitics",02-CIVILIZATION-CULTURE,Rise & Fall,Civilizational Dynamics,The-Clash-of-Civilizations,Intermediate,planned,md/10-History-Civilization-and-Geopolitics/02-CIVILIZATION-CULTURE/The-Clash-of-Civilizations.md,nonfiction,summary,detailed,Foundation,,
1532,1532,P0,"Why the West Rules—For Now: The Patterns of History, and What They Reveal About the Future",Ian Morris,2010,2011,2010,"10-History, Civilization & Geopolitics","History, Civilization & Geopolitics",02-CIVILIZATION-CULTURE,Rise & Fall,Civilizational Dynamics,Why-the-West-Rules-For-Now,Intermediate,planned,md/10-History-Civilization-and-Geopolitics/02-CIVILIZATION-CULTURE/Why-the-West-Rules-For-Now.md,nonfiction,summary,detailed,Foundation,,
1533,1533,P0,"Foragers, Farmers, and Fossil Fuels: How Human Values Evolve",Ian Morris,2015,2017,2015,"10-History, Civilization & Geopolitics","History, Civilization & Geopolitics",02-CIVILIZATION-CULTURE,Rise & Fall,Civilizational Dynamics,Foragers-Farmers-and-Fossil-Fuels,Intermediate,planned,md/10-History-Civilization-and-Geopolitics/02-CIVILIZATION-CULTURE/Foragers-Farmers-and-Fossil-Fuels.md,nonfiction,summary,detailed,Foundation,,
1534,1534,P1,"Geography Is Destiny: Britain and the World, a 10,000-Year History",Ian Morris,2022,2022,2022,"10-History, Civilization & Geopolitics","History, Civilization & Geopolitics",02-CIVILIZATION-CULTURE,Rise & Fall,Civilizational Dynamics,Geography-Is-Destiny-Morris,Intermediate,planned,md/10-History-Civilization-and-Geopolitics/02-CIVILIZATION-CULTURE/Geography-Is-Destiny-Morris.md,nonfiction,summary,detailed,Foundation,,
1535,1535,P0,A Study of History,Arnold J. Toynbee,1934,1987,1934,"10-History, Civilization & Geopolitics","History, Civilization & Geopolitics",02-CIVILIZATION-CULTURE,Rise & Fall,Civilizational Dynamics,A-Study-of-History-Toynbee,Intermediate,planned,md/10-History-Civilization-and-Geopolitics/02-CIVILIZATION-CULTURE/A-Study-of-History-Toynbee.md,nonfiction,summary,detailed,Foundation,,
1536,1536,P0,The Structure of Scientific Revolutions,Thomas S. Kuhn,1962,2012,1962,"10-History, Civilization & Geopolitics","History, Civilization & Geopolitics",02-CIVILIZATION-CULTURE,Ideas & Science,History of Science,The-Structure-of-Scientific-Revolutions,Intermediate,planned,md/10-History-Civilization-and-Geopolitics/02-CIVILIZATION-CULTURE/The-Structure-of-Scientific-Revolutions.md,nonfiction,summary,detailed,Foundation,,
1537,1537,P0,The Invention of Science: A New History of the Scientific Revolution,David Wootton,2015,2016,2015,"10-History, Civilization & Geopolitics","History, Civilization & Geopolitics",02-CIVILIZATION-CULTURE,Ideas & Science,History of Science,The-Invention-of-Science-Wootton,Intermediate,planned,md/10-History-Civilization-and-Geopolitics/02-CIVILIZATION-CULTURE/The-Invention-of-Science-Wootton.md,nonfiction,summary,detailed,Foundation,,
1538,1538,P0,To Explain the World: The Discovery of Modern Science,Steven Weinberg,2015,2016,2015,"10-History, Civilization & Geopolitics","History, Civilization & Geopolitics",02-CIVILIZATION-CULTURE,Ideas & Science,History of Science,To-Explain-the-World-Weinberg,Intermediate,planned,md/10-History-Civilization-and-Geopolitics/02-CIVILIZATION-CULTURE/To-Explain-the-World-Weinberg.md,nonfiction,summary,detailed,Foundation,,
1539,1539,P1,The Scientific Revolution: A Very Short Introduction,Lawrence M. Principe,2011,2011,2011,"10-History, Civilization & Geopolitics","History, Civilization & Geopolitics",02-CIVILIZATION-CULTURE,Ideas & Science,History of Science,The-Scientific-Revolution-Principe,Intermediate,planned,md/10-History-Civilization-and-Geopolitics/02-CIVILIZATION-CULTURE/The-Scientific-Revolution-Principe.md,nonfiction,summary,detailed,Foundation,,
1540,1540,P1,"Leviathan and the Air-Pump: Hobbes, Boyle, and the Experimental Life",Steven Shapin; Simon Schaffer,1985,2011,1985,"10-History, Civilization & Geopolitics","History, Civilization & Geopolitics",02-CIVILIZATION-CULTURE,Ideas & Science,History of Science,Leviathan-and-the-Air-Pump,Intermediate,planned,md/10-History-Civilization-and-Geopolitics/02-CIVILIZATION-CULTURE/Leviathan-and-the-Air-Pump.md,nonfiction,summary,detailed,Foundation,,
1541,1541,P0,The Swerve: How the World Became Modern,Stephen Greenblatt,2011,2012,2011,"10-History, Civilization & Geopolitics","History, Civilization & Geopolitics",02-CIVILIZATION-CULTURE,Ideas & Science,History of Ideas,The-Swerve-Greenblatt,Intermediate,planned,md/10-History-Civilization-and-Geopolitics/02-CIVILIZATION-CULTURE/The-Swerve-Greenblatt.md,nonfiction,summary,detailed,Foundation,,
1542,1542,P0,"The Cave and the Light: Plato Versus Aristotle, and the Struggle for the Soul of Western Civilization",Arthur Herman,2013,2014,2013,"10-History, Civilization & Geopolitics","History, Civilization & Geopolitics",02-CIVILIZATION-CULTURE,Ideas & Science,History of Ideas,The-Cave-and-the-Light,Intermediate,planned,md/10-History-Civilization-and-Geopolitics/02-CIVILIZATION-CULTURE/The-Cave-and-the-Light.md,nonfiction,summary,detailed,Foundation,,
1543,1543,P0,How the Scots Invented the Modern World,Arthur Herman,2001,2007,2001,"10-History, Civilization & Geopolitics","History, Civilization & Geopolitics",02-CIVILIZATION-CULTURE,Ideas & Science,History of Ideas,How-the-Scots-Invented-the-Modern-World,Intermediate,planned,md/10-History-Civilization-and-Geopolitics/02-CIVILIZATION-CULTURE/How-the-Scots-Invented-the-Modern-World.md,nonfiction,summary,detailed,Foundation,,
1544,1544,P1,The Closing of the Western Mind: The Rise of Faith and the Fall of Reason,Charles Freeman,2002,2005,2002,"10-History, Civilization & Geopolitics","History, Civilization & Geopolitics",02-CIVILIZATION-CULTURE,Ideas & Science,History of Ideas,The-Closing-of-the-Western-Mind,Intermediate,planned,md/10-History-Civilization-and-Geopolitics/02-CIVILIZATION-CULTURE/The-Closing-of-the-Western-Mind.md,nonfiction,summary,detailed,Foundation,,
1545,1545,P1,"The Awakening: A History of the Western Mind, AD 500-1700",Charles Freeman,2020,2022,2020,"10-History, Civilization & Geopolitics","History, Civilization & Geopolitics",02-CIVILIZATION-CULTURE,Ideas & Science,History of Ideas,The-Awakening-Freeman,Intermediate,planned,md/10-History-Civilization-and-Geopolitics/02-CIVILIZATION-CULTURE/The-Awakening-Freeman.md,nonfiction,summary,detailed,Foundation,,
1546,1546,P0,The WEIRDest People in the World: How the West Became Psychologically Peculiar and Particularly Prosperous,Joseph Henrich,2020,2021,2020,"10-History, Civilization & Geopolitics","History, Civilization & Geopolitics",02-CIVILIZATION-CULTURE,Ideas & Science,Cultural Evolution,The-WEIRDest-People-in-the-World,Intermediate,planned,md/10-History-Civilization-and-Geopolitics/02-CIVILIZATION-CULTURE/The-WEIRDest-People-in-the-World.md,nonfiction,summary,detailed,Foundation,,
1547,1547,P0,"The Secret of Our Success: How Culture Is Driving Human Evolution, Domesticating Our Species, and Making Us Smarter",Joseph Henrich,2015,2017,2015,"10-History, Civilization & Geopolitics","History, Civilization & Geopolitics",02-CIVILIZATION-CULTURE,Ideas & Science,Cultural Evolution,The-Secret-of-Our-Success,Intermediate,planned,md/10-History-Civilization-and-Geopolitics/02-CIVILIZATION-CULTURE/The-Secret-of-Our-Success.md,nonfiction,summary,detailed,Foundation,,
1548,1548,P1,Ultrasocial: The Evolution of Human Nature and the Rise of Civilizations,John M. Gowdy,2021,2021,2021,"10-History, Civilization & Geopolitics","History, Civilization & Geopolitics",02-CIVILIZATION-CULTURE,Ideas & Science,Cultural Evolution,Ultrasocial-Gowdy,Intermediate,planned,md/10-History-Civilization-and-Geopolitics/02-CIVILIZATION-CULTURE/Ultrasocial-Gowdy.md,nonfiction,summary,detailed,Foundation,,
1549,1549,P0,Darwin's Unfinished Symphony: How Culture Made the Human Mind,Kevin N. Laland,2017,2018,2017,"10-History, Civilization & Geopolitics","History, Civilization & Geopolitics",02-CIVILIZATION-CULTURE,Ideas & Science,Cultural Evolution,Darwins-Unfinished-Symphony,Intermediate,planned,md/10-History-Civilization-and-Geopolitics/02-CIVILIZATION-CULTURE/Darwins-Unfinished-Symphony.md,nonfiction,summary,detailed,Foundation,,
1550,1550,P1,Not by Genes Alone: How Culture Transformed Human Evolution,Peter J. Richerson; Robert Boyd,2005,2006,2005,"10-History, Civilization & Geopolitics","History, Civilization & Geopolitics",02-CIVILIZATION-CULTURE,Ideas & Science,Cultural Evolution,Not-by-Genes-Alone,Intermediate,planned,md/10-History-Civilization-and-Geopolitics/02-CIVILIZATION-CULTURE/Not-by-Genes-Alone.md,nonfiction,summary,detailed,Foundation,,
1551,1551,P0,The Silk Roads: A New History of the World,Peter Frankopan,2015,2017,2015,"10-History, Civilization & Geopolitics","History, Civilization & Geopolitics",02-CIVILIZATION-CULTURE,Global Connections,Silk Roads,The-Silk-Roads-Frankopan,Intermediate,planned,md/10-History-Civilization-and-Geopolitics/02-CIVILIZATION-CULTURE/The-Silk-Roads-Frankopan.md,nonfiction,summary,detailed,Foundation,,
1552,1552,P0,The New Silk Roads: The Present and Future of the World,Peter Frankopan,2018,2019,2018,"10-History, Civilization & Geopolitics","History, Civilization & Geopolitics",02-CIVILIZATION-CULTURE,Global Connections,Silk Roads,The-New-Silk-Roads-Frankopan,Intermediate,planned,md/10-History-Civilization-and-Geopolitics/02-CIVILIZATION-CULTURE/The-New-Silk-Roads-Frankopan.md,nonfiction,summary,detailed,Foundation,,
1553,1553,P0,Empires of the Silk Road: A History of Central Eurasia from the Bronze Age to the Present,Christopher I. Beckwith,2009,2011,2009,"10-History, Civilization & Geopolitics","History, Civilization & Geopolitics",02-CIVILIZATION-CULTURE,Global Connections,Silk Roads,Empires-of-the-Silk-Road,Intermediate,planned,md/10-History-Civilization-and-Geopolitics/02-CIVILIZATION-CULTURE/Empires-of-the-Silk-Road.md,nonfiction,summary,detailed,Foundation,,
1554,1554,P1,The Silk Road: A Very Short Introduction,James A. Millward,2013,2013,2013,"10-History, Civilization & Geopolitics","History, Civilization & Geopolitics",02-CIVILIZATION-CULTURE,Global Connections,Silk Roads,The-Silk-Road-Millward,Intermediate,planned,md/10-History-Civilization-and-Geopolitics/02-CIVILIZATION-CULTURE/The-Silk-Road-Millward.md,nonfiction,summary,detailed,Foundation,,
1555,1555,P1,Shadow of the Silk Road,Colin Thubron,2006,2008,2006,"10-History, Civilization & Geopolitics","History, Civilization & Geopolitics",02-CIVILIZATION-CULTURE,Global Connections,Silk Roads,Shadow-of-the-Silk-Road,Intermediate,planned,md/10-History-Civilization-and-Geopolitics/02-CIVILIZATION-CULTURE/Shadow-of-the-Silk-Road.md,nonfiction,summary,detailed,Foundation,,
1556,1556,P0,The Boundless Sea: A Human History of the Oceans,David Abulafia,2019,2021,2019,"10-History, Civilization & Geopolitics","History, Civilization & Geopolitics",02-CIVILIZATION-CULTURE,Global Connections,Maritime History,The-Boundless-Sea-Abulafia,Intermediate,planned,md/10-History-Civilization-and-Geopolitics/02-CIVILIZATION-CULTURE/The-Boundless-Sea-Abulafia.md,nonfiction,summary,detailed,Foundation,,
1557,1557,P0,The Great Sea: A Human History of the Mediterranean,David Abulafia,2011,2013,2011,"10-History, Civilization & Geopolitics","History, Civilization & Geopolitics",02-CIVILIZATION-CULTURE,Global Connections,Maritime History,The-Great-Sea-Abulafia,Intermediate,planned,md/10-History-Civilization-and-Geopolitics/02-CIVILIZATION-CULTURE/The-Great-Sea-Abulafia.md,nonfiction,summary,detailed,Foundation,,
1558,1558,P0,The Mediterranean in the Ancient World,Fernand Braudel,1998,2002,1998,"10-History, Civilization & Geopolitics","History, Civilization & Geopolitics",02-CIVILIZATION-CULTURE,Global Connections,Maritime History,The-Mediterranean-in-the-Ancient-World-Braudel,Intermediate,planned,md/10-History-Civilization-and-Geopolitics/02-CIVILIZATION-CULTURE/The-Mediterranean-in-the-Ancient-World-Braudel.md,nonfiction,summary,detailed,Foundation,,
1559,1559,P0,The Sea and Civilization: A Maritime History of the World,Lincoln Paine,2013,2015,2013,"10-History, Civilization & Geopolitics","History, Civilization & Geopolitics",02-CIVILIZATION-CULTURE,Global Connections,Maritime History,The-Sea-and-Civilization-Paine,Intermediate,planned,md/10-History-Civilization-and-Geopolitics/02-CIVILIZATION-CULTURE/The-Sea-and-Civilization-Paine.md,nonfiction,summary,detailed,Foundation,,
1560,1560,P0,To Rule the Waves: How the British Navy Shaped the Modern World,Arthur Herman,2004,2005,2004,"10-History, Civilization & Geopolitics","History, Civilization & Geopolitics",02-CIVILIZATION-CULTURE,Global Connections,Maritime History,To-Rule-the-Waves-Herman,Intermediate,planned,md/10-History-Civilization-and-Geopolitics/02-CIVILIZATION-CULTURE/To-Rule-the-Waves-Herman.md,nonfiction,summary,detailed,Foundation,,
1561,1561,P0,The Warmth of Other Suns: The Epic Story of America's Great Migration,Isabel Wilkerson,2010,2011,2010,"10-History, Civilization & Geopolitics","History, Civilization & Geopolitics",02-CIVILIZATION-CULTURE,Global Connections,Migration History,The-Warmth-of-Other-Suns,Intermediate,planned,md/10-History-Civilization-and-Geopolitics/02-CIVILIZATION-CULTURE/The-Warmth-of-Other-Suns.md,nonfiction,summary,detailed,Foundation,,
1562,1562,P0,Caste: The Origins of Our Discontents,Isabel Wilkerson,2020,2020,2020,"10-History, Civilization & Geopolitics","History, Civilization & Geopolitics",02-CIVILIZATION-CULTURE,Global Connections,Migration History,Caste-Wilkerson,Intermediate,planned,md/10-History-Civilization-and-Geopolitics/02-CIVILIZATION-CULTURE/Caste-Wilkerson.md,nonfiction,summary,detailed,Foundation,,
1563,1563,P0,The Next Great Migration: The Beauty and Terror of Life on the Move,Sonia Shah,2020,2021,2020,"10-History, Civilization & Geopolitics","History, Civilization & Geopolitics",02-CIVILIZATION-CULTURE,Global Connections,Migration History,The-Next-Great-Migration,Intermediate,planned,md/10-History-Civilization-and-Geopolitics/02-CIVILIZATION-CULTURE/The-Next-Great-Migration.md,nonfiction,summary,detailed,Foundation,,
1564,1564,P0,Move: How Mass Migration Will Reshape the World -- and What It Means for You,Parag Khanna,2021,2021,2021,"10-History, Civilization & Geopolitics","History, Civilization & Geopolitics",02-CIVILIZATION-CULTURE,Global Connections,Migration History,Move-Parag-Khanna,Intermediate,planned,md/10-History-Civilization-and-Geopolitics/02-CIVILIZATION-CULTURE/Move-Parag-Khanna.md,nonfiction,summary,detailed,Foundation,,
1565,1565,P0,Nomad Century: How Climate Migration Will Reshape Our World,Gaia Vince,2022,2022,2022,"10-History, Civilization & Geopolitics","History, Civilization & Geopolitics",02-CIVILIZATION-CULTURE,Global Connections,Migration History,Nomad-Century-Vince,Intermediate,planned,md/10-History-Civilization-and-Geopolitics/02-CIVILIZATION-CULTURE/Nomad-Century-Vince.md,nonfiction,summary,detailed,Foundation,,
1566,1566,P0,A History of the World in 6 Glasses,Tom Standage,2005,2006,2005,"10-History, Civilization & Geopolitics","History, Civilization & Geopolitics",02-CIVILIZATION-CULTURE,Global Connections,Global Exchange,A-History-of-the-World-in-6-Glasses,Intermediate,planned,md/10-History-Civilization-and-Geopolitics/02-CIVILIZATION-CULTURE/A-History-of-the-World-in-6-Glasses.md,nonfiction,summary,detailed,Foundation,,
1567,1567,P0,An Edible History of Humanity,Tom Standage,2009,2010,2009,"10-History, Civilization & Geopolitics","History, Civilization & Geopolitics",02-CIVILIZATION-CULTURE,Global Connections,Global Exchange,An-Edible-History-of-Humanity,Intermediate,planned,md/10-History-Civilization-and-Geopolitics/02-CIVILIZATION-CULTURE/An-Edible-History-of-Humanity.md,nonfiction,summary,detailed,Foundation,,
1568,1568,P1,"Writing on the Wall: Social Media - The First 2,000 Years",Tom Standage,2013,2014,2013,"10-History, Civilization & Geopolitics","History, Civilization & Geopolitics",02-CIVILIZATION-CULTURE,Global Connections,Global Exchange,Writing-on-the-Wall-Standage,Intermediate,planned,md/10-History-Civilization-and-Geopolitics/02-CIVILIZATION-CULTURE/Writing-on-the-Wall-Standage.md,nonfiction,summary,detailed,Foundation,,
1569,1569,P0,The Victorian Internet: The Remarkable Story of the Telegraph and the Nineteenth Century's On-line Pioneers,Tom Standage,1998,2014,1998,"10-History, Civilization & Geopolitics","History, Civilization & Geopolitics",02-CIVILIZATION-CULTURE,Global Connections,Global Exchange,The-Victorian-Internet,Intermediate,planned,md/10-History-Civilization-and-Geopolitics/02-CIVILIZATION-CULTURE/The-Victorian-Internet.md,nonfiction,summary,detailed,Foundation,,
1570,1570,P0,Salt: A World History,Mark Kurlansky,2002,2003,2002,"10-History, Civilization & Geopolitics","History, Civilization & Geopolitics",02-CIVILIZATION-CULTURE,Global Connections,Global Exchange,Salt-Kurlansky,Intermediate,planned,md/10-History-Civilization-and-Geopolitics/02-CIVILIZATION-CULTURE/Salt-Kurlansky.md,nonfiction,summary,detailed,Foundation,,
1571,1571,P0,The Art of War,Sun Tzu,-500,2005,-500,"10-History, Civilization & Geopolitics","History, Civilization & Geopolitics",03-GEOPOLITICS-STRATEGY,Grand Strategy,Classical Strategy,The-Art-of-War-Sun-Tzu,Intermediate,planned,md/10-History-Civilization-and-Geopolitics/03-GEOPOLITICS-STRATEGY/The-Art-of-War-Sun-Tzu.md,nonfiction,summary,detailed,Foundation,,
1572,1572,P0,On War,Carl von Clausewitz,1832,2008,1832,"10-History, Civilization & Geopolitics","History, Civilization & Geopolitics",03-GEOPOLITICS-STRATEGY,Grand Strategy,Classical Strategy,On-War-Clausewitz,Intermediate,planned,md/10-History-Civilization-and-Geopolitics/03-GEOPOLITICS-STRATEGY/On-War-Clausewitz.md,nonfiction,summary,detailed,Foundation,,
1573,1573,P0,Strategy,B.H. Liddell Hart,1954,1991,1954,"10-History, Civilization & Geopolitics","History, Civilization & Geopolitics",03-GEOPOLITICS-STRATEGY,Grand Strategy,Classical Strategy,Strategy-Liddell-Hart,Intermediate,planned,md/10-History-Civilization-and-Geopolitics/03-GEOPOLITICS-STRATEGY/Strategy-Liddell-Hart.md,nonfiction,summary,detailed,Foundation,,
1574,1574,P0,The Book of Five Rings,Miyamoto Musashi,1645,2018,1645,"10-History, Civilization & Geopolitics","History, Civilization & Geopolitics",03-GEOPOLITICS-STRATEGY,Grand Strategy,Classical Strategy,The-Book-of-Five-Rings,Intermediate,planned,md/10-History-Civilization-and-Geopolitics/03-GEOPOLITICS-STRATEGY/The-Book-of-Five-Rings.md,nonfiction,summary,detailed,Foundation,,
1575,1575,P0,The Arthashastra,Kautilya (L.N. Rangarajan Trans.),-300,1992,-300,"10-History, Civilization & Geopolitics","History, Civilization & Geopolitics",03-GEOPOLITICS-STRATEGY,Grand Strategy,Classical Strategy,The-Arthashastra-Kautilya,Intermediate,planned,md/10-History-Civilization-and-Geopolitics/03-GEOPOLITICS-STRATEGY/The-Arthashastra-Kautilya.md,nonfiction,summary,detailed,Foundation,,
1576,1576,P0,On Grand Strategy,John Lewis Gaddis,2018,2019,2018,"10-History, Civilization & Geopolitics","History, Civilization & Geopolitics",03-GEOPOLITICS-STRATEGY,Grand Strategy,Modern Strategy,On-Grand-Strategy-Gaddis,Intermediate,planned,md/10-History-Civilization-and-Geopolitics/03-GEOPOLITICS-STRATEGY/On-Grand-Strategy-Gaddis.md,nonfiction,summary,detailed,Foundation,,
1577,1577,P0,Makers of Modern Strategy from Machiavelli to the Nuclear Age,Peter Paret; Gordon A. Craig; Felix Gilbert,1986,1986,1986,"10-History, Civilization & Geopolitics","History, Civilization & Geopolitics",03-GEOPOLITICS-STRATEGY,Grand Strategy,Modern Strategy,Makers-of-Modern-Strategy,Intermediate,planned,md/10-History-Civilization-and-Geopolitics/03-GEOPOLITICS-STRATEGY/Makers-of-Modern-Strategy.md,nonfiction,summary,detailed,Foundation,,
1578,1578,P1,"Grand Strategies: Literature, Statecraft, and World Order",Charles Hill,2010,2011,2010,"10-History, Civilization & Geopolitics","History, Civilization & Geopolitics",03-GEOPOLITICS-STRATEGY,Grand Strategy,Modern Strategy,Grand-Strategies-Charles-Hill,Intermediate,planned,md/10-History-Civilization-and-Geopolitics/03-GEOPOLITICS-STRATEGY/Grand-Strategies-Charles-Hill.md,nonfiction,summary,detailed,Foundation,,
1579,1579,P0,The Strategy of Conflict,Thomas C. Schelling,1960,1980,1960,"10-History, Civilization & Geopolitics","History, Civilization & Geopolitics",03-GEOPOLITICS-STRATEGY,Grand Strategy,Modern Strategy,The-Strategy-of-Conflict,Intermediate,planned,md/10-History-Civilization-and-Geopolitics/03-GEOPOLITICS-STRATEGY/The-Strategy-of-Conflict.md,nonfiction,summary,detailed,Foundation,,
1580,1580,P0,Arms and Influence,Thomas C. Schelling,1966,2020,1966,"10-History, Civilization & Geopolitics","History, Civilization & Geopolitics",03-GEOPOLITICS-STRATEGY,Grand Strategy,Modern Strategy,Arms-and-Influence,Intermediate,planned,md/10-History-Civilization-and-Geopolitics/03-GEOPOLITICS-STRATEGY/Arms-and-Influence.md,nonfiction,summary,detailed,Foundation,,
1581,1581,P0,Destined for War: Can America and China Escape Thucydides's Trap?,Graham Allison,2017,2018,2017,"10-History, Civilization & Geopolitics","History, Civilization & Geopolitics",03-GEOPOLITICS-STRATEGY,Grand Strategy,Strategic Rivalry,Destined-for-War-Graham-Allison,Intermediate,planned,md/10-History-Civilization-and-Geopolitics/03-GEOPOLITICS-STRATEGY/Destined-for-War-Graham-Allison.md,nonfiction,summary,detailed,Foundation,,
1582,1582,P0,Essence of Decision: Explaining the Cuban Missile Crisis,Graham Allison; Philip Zelikow,1971,1999,1971,"10-History, Civilization & Geopolitics","History, Civilization & Geopolitics",03-GEOPOLITICS-STRATEGY,Grand Strategy,Strategic Rivalry,Essence-of-Decision,Intermediate,planned,md/10-History-Civilization-and-Geopolitics/03-GEOPOLITICS-STRATEGY/Essence-of-Decision.md,nonfiction,summary,detailed,Foundation,,
1583,1583,P0,The Tragedy of Great Power Politics,John J. Mearsheimer,2001,2014,2001,"10-History, Civilization & Geopolitics","History, Civilization & Geopolitics",03-GEOPOLITICS-STRATEGY,Grand Strategy,Strategic Rivalry,The-Tragedy-of-Great-Power-Politics,Intermediate,planned,md/10-History-Civilization-and-Geopolitics/03-GEOPOLITICS-STRATEGY/The-Tragedy-of-Great-Power-Politics.md,nonfiction,summary,detailed,Foundation,,
1584,1584,P0,The Great Delusion: Liberal Dreams and International Realities,John J. Mearsheimer,2018,2019,2018,"10-History, Civilization & Geopolitics","History, Civilization & Geopolitics",03-GEOPOLITICS-STRATEGY,Grand Strategy,Strategic Rivalry,The-Great-Delusion-Mearsheimer,Intermediate,planned,md/10-History-Civilization-and-Geopolitics/03-GEOPOLITICS-STRATEGY/The-Great-Delusion-Mearsheimer.md,nonfiction,summary,detailed,Foundation,,
1585,1585,P0,The Long Game: China's Grand Strategy to Displace American Order,Rush Doshi,2021,2021,2021,"10-History, Civilization & Geopolitics","History, Civilization & Geopolitics",03-GEOPOLITICS-STRATEGY,Grand Strategy,Strategic Rivalry,The-Long-Game-Doshi,Intermediate,planned,md/10-History-Civilization-and-Geopolitics/03-GEOPOLITICS-STRATEGY/The-Long-Game-Doshi.md,nonfiction,summary,detailed,Foundation,,
1586,1586,P0,Diplomacy,Henry Kissinger,1994,1995,1994,"10-History, Civilization & Geopolitics","History, Civilization & Geopolitics",03-GEOPOLITICS-STRATEGY,Grand Strategy,Balance of Power,Diplomacy-Kissinger,Intermediate,planned,md/10-History-Civilization-and-Geopolitics/03-GEOPOLITICS-STRATEGY/Diplomacy-Kissinger.md,nonfiction,summary,detailed,Foundation,,
1587,1587,P0,World Order,Henry Kissinger,2014,2015,2014,"10-History, Civilization & Geopolitics","History, Civilization & Geopolitics",03-GEOPOLITICS-STRATEGY,Grand Strategy,Balance of Power,World-Order-Kissinger,Intermediate,planned,md/10-History-Civilization-and-Geopolitics/03-GEOPOLITICS-STRATEGY/World-Order-Kissinger.md,nonfiction,summary,detailed,Foundation,,
1588,1588,P0,"A World Restored: Metternich, Castlereagh and the Problems of Peace, 1812-22",Henry Kissinger,1957,2013,1957,"10-History, Civilization & Geopolitics","History, Civilization & Geopolitics",03-GEOPOLITICS-STRATEGY,Grand Strategy,Balance of Power,A-World-Restored-Kissinger,Intermediate,planned,md/10-History-Civilization-and-Geopolitics/03-GEOPOLITICS-STRATEGY/A-World-Restored-Kissinger.md,nonfiction,summary,detailed,Foundation,,
1589,1589,P0,The Grand Chessboard: American Primacy and Its Geostrategic Imperatives,Zbigniew Brzezinski,1997,2016,1997,"10-History, Civilization & Geopolitics","History, Civilization & Geopolitics",03-GEOPOLITICS-STRATEGY,Grand Strategy,Balance of Power,The-Grand-Chessboard,Intermediate,planned,md/10-History-Civilization-and-Geopolitics/03-GEOPOLITICS-STRATEGY/The-Grand-Chessboard.md,nonfiction,summary,detailed,Foundation,,
1590,1590,P1,Strategic Vision: America and the Crisis of Global Power,Zbigniew Brzezinski,2012,2013,2012,"10-History, Civilization & Geopolitics","History, Civilization & Geopolitics",03-GEOPOLITICS-STRATEGY,Grand Strategy,Balance of Power,Strategic-Vision-Brzezinski,Intermediate,planned,md/10-History-Civilization-and-Geopolitics/03-GEOPOLITICS-STRATEGY/Strategic-Vision-Brzezinski.md,nonfiction,summary,detailed,Foundation,,
1591,1591,P0,Prisoners of Geography: Ten Maps That Explain Everything About the World,Tim Marshall,2015,2016,2015,"10-History, Civilization & Geopolitics","History, Civilization & Geopolitics",03-GEOPOLITICS-STRATEGY,Geopolitics,Geographic Strategy,Prisoners-of-Geography,Intermediate,planned,md/10-History-Civilization-and-Geopolitics/03-GEOPOLITICS-STRATEGY/Prisoners-of-Geography.md,nonfiction,summary,detailed,Foundation,,
1592,1592,P0,The Power of Geography: Ten Maps That Reveal the Future of Our World,Tim Marshall,2021,2022,2021,"10-History, Civilization & Geopolitics","History, Civilization & Geopolitics",03-GEOPOLITICS-STRATEGY,Geopolitics,Geographic Strategy,The-Power-of-Geography,Intermediate,planned,md/10-History-Civilization-and-Geopolitics/03-GEOPOLITICS-STRATEGY/The-Power-of-Geography.md,nonfiction,summary,detailed,Foundation,,
1593,1593,P0,The Revenge of Geography: What the Map Tells Us About Coming Conflicts and the Battle Against Fate,Robert D. Kaplan,2012,2013,2012,"10-History, Civilization & Geopolitics","History, Civilization & Geopolitics",03-GEOPOLITICS-STRATEGY,Geopolitics,Geographic Strategy,The-Revenge-of-Geography,Intermediate,planned,md/10-History-Civilization-and-Geopolitics/03-GEOPOLITICS-STRATEGY/The-Revenge-of-Geography.md,nonfiction,summary,detailed,Foundation,,
1594,1594,P0,"The Loom of Time: Between Empire and Anarchy, from the Mediterranean to China",Robert D. Kaplan,2023,2023,2023,"10-History, Civilization & Geopolitics","History, Civilization & Geopolitics",03-GEOPOLITICS-STRATEGY,Geopolitics,Geographic Strategy,The-Loom-of-Time-Kaplan,Intermediate,planned,md/10-History-Civilization-and-Geopolitics/03-GEOPOLITICS-STRATEGY/The-Loom-of-Time-Kaplan.md,nonfiction,summary,detailed,Foundation,,
1595,1595,P0,Monsoon: The Indian Ocean and the Future of American Power,Robert D. Kaplan,2010,2011,2010,"10-History, Civilization & Geopolitics","History, Civilization & Geopolitics",03-GEOPOLITICS-STRATEGY,Geopolitics,Geographic Strategy,Monsoon-Kaplan,Intermediate,planned,md/10-History-Civilization-and-Geopolitics/03-GEOPOLITICS-STRATEGY/Monsoon-Kaplan.md,nonfiction,summary,detailed,Foundation,,
1596,1596,P0,Asia's Cauldron: The South China Sea and the End of a Stable Pacific,Robert D. Kaplan,2014,2015,2014,"10-History, Civilization & Geopolitics","History, Civilization & Geopolitics",03-GEOPOLITICS-STRATEGY,Geopolitics,Regional Dynamics,Asias-Cauldron-Kaplan,Intermediate,planned,md/10-History-Civilization-and-Geopolitics/03-GEOPOLITICS-STRATEGY/Asias-Cauldron-Kaplan.md,nonfiction,summary,detailed,Foundation,,
1597,1597,P0,"The Future Is Asian: Commerce, Conflict, and Culture in the 21st Century",Parag Khanna,2019,2019,2019,"10-History, Civilization & Geopolitics","History, Civilization & Geopolitics",03-GEOPOLITICS-STRATEGY,Geopolitics,Regional Dynamics,The-Future-Is-Asian,Intermediate,planned,md/10-History-Civilization-and-Geopolitics/03-GEOPOLITICS-STRATEGY/The-Future-Is-Asian.md,nonfiction,summary,detailed,Foundation,,
1598,1598,P0,Connectography: Mapping the Future of Global Civilization,Parag Khanna,2016,2016,2016,"10-History, Civilization & Geopolitics","History, Civilization & Geopolitics",03-GEOPOLITICS-STRATEGY,Geopolitics,Regional Dynamics,Connectography,Intermediate,planned,md/10-History-Civilization-and-Geopolitics/03-GEOPOLITICS-STRATEGY/Connectography.md,nonfiction,summary,detailed,Foundation,,
1599,1599,P1,The Second World: Empires and Influence in the New Global Order,Parag Khanna,2008,2009,2008,"10-History, Civilization & Geopolitics","History, Civilization & Geopolitics",03-GEOPOLITICS-STRATEGY,Geopolitics,Regional Dynamics,The-Second-World-Khanna,Intermediate,planned,md/10-History-Civilization-and-Geopolitics/03-GEOPOLITICS-STRATEGY/The-Second-World-Khanna.md,nonfiction,summary,detailed,Foundation,,
1600,1600,P1,The European Union: A Very Short Introduction,John Pinder; Simon Usherwood,2001,2018,2001,"10-History, Civilization & Geopolitics","History, Civilization & Geopolitics",03-GEOPOLITICS-STRATEGY,Geopolitics,Regional Dynamics,The-European-Union-Pinder,Intermediate,planned,md/10-History-Civilization-and-Geopolitics/03-GEOPOLITICS-STRATEGY/The-European-Union-Pinder.md,nonfiction,summary,detailed,Foundation,,
1601,1601,P0,"The Influence of Sea Power Upon History, 1660-1783",Alfred Thayer Mahan,1890,1987,1890,"10-History, Civilization & Geopolitics","History, Civilization & Geopolitics",03-GEOPOLITICS-STRATEGY,Geopolitics,Sea & Land Power,The-Influence-of-Sea-Power-Upon-History,Intermediate,planned,md/10-History-Civilization-and-Geopolitics/03-GEOPOLITICS-STRATEGY/The-Influence-of-Sea-Power-Upon-History.md,nonfiction,summary,detailed,Foundation,,
1602,1602,P0,The Geographical Pivot of History,Halford J. Mackinder,1904,2004,1904,"10-History, Civilization & Geopolitics","History, Civilization & Geopolitics",03-GEOPOLITICS-STRATEGY,Geopolitics,Sea & Land Power,The-Geographical-Pivot-of-History,Intermediate,planned,md/10-History-Civilization-and-Geopolitics/03-GEOPOLITICS-STRATEGY/The-Geographical-Pivot-of-History.md,nonfiction,summary,detailed,Foundation,,
1603,1603,P1,Democratic Ideals and Reality: A Study in the Politics of Reconstruction,Halford J. Mackinder,1919,1996,1919,"10-History, Civilization & Geopolitics","History, Civilization & Geopolitics",03-GEOPOLITICS-STRATEGY,Geopolitics,Sea & Land Power,Democratic-Ideals-and-Reality,Intermediate,planned,md/10-History-Civilization-and-Geopolitics/03-GEOPOLITICS-STRATEGY/Democratic-Ideals-and-Reality.md,nonfiction,summary,detailed,Foundation,,
1604,1604,P1,The Geography of the Peace,Nicholas J. Spykman,1944,2007,1944,"10-History, Civilization & Geopolitics","History, Civilization & Geopolitics",03-GEOPOLITICS-STRATEGY,Geopolitics,Sea & Land Power,The-Geography-of-the-Peace,Intermediate,planned,md/10-History-Civilization-and-Geopolitics/03-GEOPOLITICS-STRATEGY/The-Geography-of-the-Peace.md,nonfiction,summary,detailed,Foundation,,
1605,1605,P1,America's Strategy in World Politics: The United States and the Balance of Power,Nicholas J. Spykman,1942,2007,1942,"10-History, Civilization & Geopolitics","History, Civilization & Geopolitics",03-GEOPOLITICS-STRATEGY,Geopolitics,Sea & Land Power,Americas-Strategy-in-World-Politics,Intermediate,planned,md/10-History-Civilization-and-Geopolitics/03-GEOPOLITICS-STRATEGY/Americas-Strategy-in-World-Politics.md,nonfiction,summary,detailed,Foundation,,
1606,1606,P0,The Jungle Grows Back: America and Our Imperiled World,Robert Kagan,2018,2019,2018,"10-History, Civilization & Geopolitics","History, Civilization & Geopolitics",03-GEOPOLITICS-STRATEGY,Geopolitics,Global Order,The-Jungle-Grows-Back,Intermediate,planned,md/10-History-Civilization-and-Geopolitics/03-GEOPOLITICS-STRATEGY/The-Jungle-Grows-Back.md,nonfiction,summary,detailed,Foundation,,
1607,1607,P1,The World America Made,Robert Kagan,2012,2013,2012,"10-History, Civilization & Geopolitics","History, Civilization & Geopolitics",03-GEOPOLITICS-STRATEGY,Geopolitics,Global Order,The-World-America-Made,Intermediate,planned,md/10-History-Civilization-and-Geopolitics/03-GEOPOLITICS-STRATEGY/The-World-America-Made.md,nonfiction,summary,detailed,Foundation,,
1608,1608,P0,"The Ghost at the Feast: America and the Collapse of World Order, 1900-1941",Robert Kagan,2023,2023,2023,"10-History, Civilization & Geopolitics","History, Civilization & Geopolitics",03-GEOPOLITICS-STRATEGY,Geopolitics,Global Order,The-Ghost-at-the-Feast,Intermediate,planned,md/10-History-Civilization-and-Geopolitics/03-GEOPOLITICS-STRATEGY/The-Ghost-at-the-Feast.md,nonfiction,summary,detailed,Foundation,,
1609,1609,P2,A Foreign Policy for the Left,Michael Walzer,2018,2018,2018,"10-History, Civilization & Geopolitics","History, Civilization & Geopolitics",03-GEOPOLITICS-STRATEGY,Geopolitics,Global Order,A-Foreign-Policy-for-the-Left,Intermediate,planned,md/10-History-Civilization-and-Geopolitics/03-GEOPOLITICS-STRATEGY/A-Foreign-Policy-for-the-Left.md,nonfiction,summary,detailed,Foundation,,
1610,1610,P1,The End of the Myth: From the Frontier to the Border Wall in the Mind of America,Greg Grandin,2019,2020,2019,"10-History, Civilization & Geopolitics","History, Civilization & Geopolitics",03-GEOPOLITICS-STRATEGY,Geopolitics,Global Order,The-End-of-the-Myth,Intermediate,planned,md/10-History-Civilization-and-Geopolitics/03-GEOPOLITICS-STRATEGY/The-End-of-the-Myth.md,nonfiction,summary,detailed,Foundation,,
1611,1611,P0,A History of Warfare,John Keegan,1993,1994,1993,"10-History, Civilization & Geopolitics","History, Civilization & Geopolitics",03-GEOPOLITICS-STRATEGY,War & Conflict,History of Warfare,A-History-of-Warfare-Keegan,Intermediate,planned,md/10-History-Civilization-and-Geopolitics/03-GEOPOLITICS-STRATEGY/A-History-of-Warfare-Keegan.md,nonfiction,summary,detailed,Foundation,,
1612,1612,P0,"The Face of Battle: A Study of Agincourt, Waterloo, and the Somme",John Keegan,1976,1983,1976,"10-History, Civilization & Geopolitics","History, Civilization & Geopolitics",03-GEOPOLITICS-STRATEGY,War & Conflict,History of Warfare,The-Face-of-Battle,Intermediate,planned,md/10-History-Civilization-and-Geopolitics/03-GEOPOLITICS-STRATEGY/The-Face-of-Battle.md,nonfiction,summary,detailed,Foundation,,
1613,1613,P1,The Mask of Command,John Keegan,1987,1988,1987,"10-History, Civilization & Geopolitics","History, Civilization & Geopolitics",03-GEOPOLITICS-STRATEGY,War & Conflict,History of Warfare,The-Mask-of-Command,Intermediate,planned,md/10-History-Civilization-and-Geopolitics/03-GEOPOLITICS-STRATEGY/The-Mask-of-Command.md,nonfiction,summary,detailed,Foundation,,
1614,1614,P0,War in European History,Michael Howard,1976,2009,1976,"10-History, Civilization & Geopolitics","History, Civilization & Geopolitics",03-GEOPOLITICS-STRATEGY,War & Conflict,History of Warfare,War-in-European-History,Intermediate,planned,md/10-History-Civilization-and-Geopolitics/03-GEOPOLITICS-STRATEGY/War-in-European-History.md,nonfiction,summary,detailed,Foundation,,
1615,1615,P0,"The Pursuit of Power: Technology, Armed Force, and Society since A.D. 1000",William H. McNeill,1982,1984,1982,"10-History, Civilization & Geopolitics","History, Civilization & Geopolitics",03-GEOPOLITICS-STRATEGY,War & Conflict,History of Warfare,The-Pursuit-of-Power-McNeill,Intermediate,planned,md/10-History-Civilization-and-Geopolitics/03-GEOPOLITICS-STRATEGY/The-Pursuit-of-Power-McNeill.md,nonfiction,summary,detailed,Foundation,,
1616,1616,P0,LikeWar: The Weaponization of Social Media,P.W. Singer; Emerson T. Brooking,2018,2019,2018,"10-History, Civilization & Geopolitics","History, Civilization & Geopolitics",03-GEOPOLITICS-STRATEGY,War & Conflict,Modern Conflict,LikeWar-Singer,Intermediate,planned,md/10-History-Civilization-and-Geopolitics/03-GEOPOLITICS-STRATEGY/LikeWar-Singer.md,nonfiction,summary,detailed,Foundation,,
1617,1617,P0,Wired for War: The Robotics Revolution and Conflict in the 21st Century,P.W. Singer,2009,2009,2009,"10-History, Civilization & Geopolitics","History, Civilization & Geopolitics",03-GEOPOLITICS-STRATEGY,War & Conflict,Modern Conflict,Wired-for-War,Intermediate,planned,md/10-History-Civilization-and-Geopolitics/03-GEOPOLITICS-STRATEGY/Wired-for-War.md,nonfiction,summary,detailed,Foundation,,
1618,1618,P0,The Utility of Force: The Art of War in the Modern World,Rupert Smith,2005,2007,2005,"10-History, Civilization & Geopolitics","History, Civilization & Geopolitics",03-GEOPOLITICS-STRATEGY,War & Conflict,Modern Conflict,The-Utility-of-Force,Intermediate,planned,md/10-History-Civilization-and-Geopolitics/03-GEOPOLITICS-STRATEGY/The-Utility-of-Force.md,nonfiction,summary,detailed,Foundation,,
1619,1619,P1,"The New Rules of War: How America Can Win--Against Russia, China, and Other Threats",Sean McFate,2019,2019,2019,"10-History, Civilization & Geopolitics","History, Civilization & Geopolitics",03-GEOPOLITICS-STRATEGY,War & Conflict,Modern Conflict,The-New-Rules-of-War,Intermediate,planned,md/10-History-Civilization-and-Geopolitics/03-GEOPOLITICS-STRATEGY/The-New-Rules-of-War.md,nonfiction,summary,detailed,Foundation,,
1620,1620,P1,The Accidental Guerrilla: Fighting Small Wars in the Midst of a Big One,David Kilcullen,2009,2011,2009,"10-History, Civilization & Geopolitics","History, Civilization & Geopolitics",03-GEOPOLITICS-STRATEGY,War & Conflict,Modern Conflict,The-Accidental-Guerrilla,Intermediate,planned,md/10-History-Civilization-and-Geopolitics/03-GEOPOLITICS-STRATEGY/The-Accidental-Guerrilla.md,nonfiction,summary,detailed,Foundation,,
1621,1621,P0,Legacy of Ashes: The History of the CIA,Tim Weiner,2007,2008,2007,"10-History, Civilization & Geopolitics","History, Civilization & Geopolitics",03-GEOPOLITICS-STRATEGY,War & Conflict,Intelligence & Espionage,Legacy-of-Ashes,Intermediate,planned,md/10-History-Civilization-and-Geopolitics/03-GEOPOLITICS-STRATEGY/Legacy-of-Ashes.md,nonfiction,summary,detailed,Foundation,,
1622,1622,P1,Enemies: A History of the FBI,Tim Weiner,2012,2013,2012,"10-History, Civilization & Geopolitics","History, Civilization & Geopolitics",03-GEOPOLITICS-STRATEGY,War & Conflict,Intelligence & Espionage,Enemies-Weiner,Intermediate,planned,md/10-History-Civilization-and-Geopolitics/03-GEOPOLITICS-STRATEGY/Enemies-Weiner.md,nonfiction,summary,detailed,Foundation,,
1623,1623,P0,The Spy and the Traitor: The Greatest Espionage Story of the Cold War,Ben Macintyre,2018,2019,2018,"10-History, Civilization & Geopolitics","History, Civilization & Geopolitics",03-GEOPOLITICS-STRATEGY,War & Conflict,Intelligence & Espionage,The-Spy-and-the-Traitor,Intermediate,planned,md/10-History-Civilization-and-Geopolitics/03-GEOPOLITICS-STRATEGY/The-Spy-and-the-Traitor.md,nonfiction,summary,detailed,Foundation,,
1624,1624,P1,"Agent Zigzag: A True Story of Nazi Espionage, Love, and Betrayal",Ben Macintyre,2007,2008,2007,"10-History, Civilization & Geopolitics","History, Civilization & Geopolitics",03-GEOPOLITICS-STRATEGY,War & Conflict,Intelligence & Espionage,Agent-Zigzag,Intermediate,planned,md/10-History-Civilization-and-Geopolitics/03-GEOPOLITICS-STRATEGY/Agent-Zigzag.md,nonfiction,summary,detailed,Foundation,,
1625,1625,P1,Operation Mincemeat: How a Dead Man and a Bizarre Plan Fooled the Nazis and Assured an Allied Victory,Ben Macintyre,2010,2011,2010,"10-History, Civilization & Geopolitics","History, Civilization & Geopolitics",03-GEOPOLITICS-STRATEGY,War & Conflict,Intelligence & Espionage,Operation-Mincemeat,Intermediate,planned,md/10-History-Civilization-and-Geopolitics/03-GEOPOLITICS-STRATEGY/Operation-Mincemeat.md,nonfiction,summary,detailed,Foundation,,
1626,1626,P0,"Command and Control: Nuclear Weapons, the Damascus Accident, and the Illusion of Safety",Eric Schlosser,2013,2014,2013,"10-History, Civilization & Geopolitics","History, Civilization & Geopolitics",03-GEOPOLITICS-STRATEGY,War & Conflict,Nuclear Strategy,Command-and-Control-Schlosser,Intermediate,planned,md/10-History-Civilization-and-Geopolitics/03-GEOPOLITICS-STRATEGY/Command-and-Control-Schlosser.md,nonfiction,summary,detailed,Foundation,,
1627,1627,P0,The Doomsday Machine: Confessions of a Nuclear War Planner,Daniel Ellsberg,2017,2019,2017,"10-History, Civilization & Geopolitics","History, Civilization & Geopolitics",03-GEOPOLITICS-STRATEGY,War & Conflict,Nuclear Strategy,The-Doomsday-Machine-Ellsberg,Intermediate,planned,md/10-History-Civilization-and-Geopolitics/03-GEOPOLITICS-STRATEGY/The-Doomsday-Machine-Ellsberg.md,nonfiction,summary,detailed,Foundation,,
1628,1628,P0,The Making of the Atomic Bomb,Richard Rhodes,1986,2012,1986,"10-History, Civilization & Geopolitics","History, Civilization & Geopolitics",03-GEOPOLITICS-STRATEGY,War & Conflict,Nuclear Strategy,The-Making-of-the-Atomic-Bomb,Intermediate,planned,md/10-History-Civilization-and-Geopolitics/03-GEOPOLITICS-STRATEGY/The-Making-of-the-Atomic-Bomb.md,nonfiction,summary,detailed,Foundation,,
1629,1629,P1,Dark Sun: The Making of the Hydrogen Bomb,Richard Rhodes,1995,1996,1995,"10-History, Civilization & Geopolitics","History, Civilization & Geopolitics",03-GEOPOLITICS-STRATEGY,War & Conflict,Nuclear Strategy,Dark-Sun-Rhodes,Intermediate,planned,md/10-History-Civilization-and-Geopolitics/03-GEOPOLITICS-STRATEGY/Dark-Sun-Rhodes.md,nonfiction,summary,detailed,Foundation,,
1630,1630,P0,Nuclear War: A Scenario,Annie Jacobsen,2024,2024,2024,"10-History, Civilization & Geopolitics","History, Civilization & Geopolitics",03-GEOPOLITICS-STRATEGY,War & Conflict,Nuclear Strategy,Nuclear-War-A-Scenario,Intermediate,planned,md/10-History-Civilization-and-Geopolitics/03-GEOPOLITICS-STRATEGY/Nuclear-War-A-Scenario.md,nonfiction,summary,detailed,Foundation,,
1631,1631,P0,These Truths: A History of the United States,Jill Lepore,2018,2019,2018,"10-History, Civilization & Geopolitics","History, Civilization & Geopolitics",04-NATIONS-EMPIRES,Great Powers,American Power,These-Truths-Lepore,Intermediate,planned,md/10-History-Civilization-and-Geopolitics/04-NATIONS-EMPIRES/These-Truths-Lepore.md,nonfiction,summary,detailed,Foundation,,
1632,1632,P0,Battle Cry of Freedom: The Civil War Era,James M. McPherson,1988,2003,1988,"10-History, Civilization & Geopolitics","History, Civilization & Geopolitics",04-NATIONS-EMPIRES,Great Powers,American Power,Battle-Cry-of-Freedom,Intermediate,planned,md/10-History-Civilization-and-Geopolitics/04-NATIONS-EMPIRES/Battle-Cry-of-Freedom.md,nonfiction,summary,detailed,Foundation,,
1633,1633,P1,A Brilliant Solution: Inventing the American Constitution,Carol Berkin,2002,2003,2002,"10-History, Civilization & Geopolitics","History, Civilization & Geopolitics",04-NATIONS-EMPIRES,Great Powers,American Power,A-Brilliant-Solution-Berkin,Intermediate,planned,md/10-History-Civilization-and-Geopolitics/04-NATIONS-EMPIRES/A-Brilliant-Solution-Berkin.md,nonfiction,summary,detailed,Foundation,,
1634,1634,P0,Founding Brothers: The Revolutionary Generation,Joseph J. Ellis,2000,2002,2000,"10-History, Civilization & Geopolitics","History, Civilization & Geopolitics",04-NATIONS-EMPIRES,Great Powers,American Power,Founding-Brothers-Ellis,Intermediate,planned,md/10-History-Civilization-and-Geopolitics/04-NATIONS-EMPIRES/Founding-Brothers-Ellis.md,nonfiction,summary,detailed,Foundation,,
1635,1635,P0,The Ideological Origins of the American Revolution,Bernard Bailyn,1967,2017,1967,"10-History, Civilization & Geopolitics","History, Civilization & Geopolitics",04-NATIONS-EMPIRES,Great Powers,American Power,The-Ideological-Origins-of-the-American-Revolution,Intermediate,planned,md/10-History-Civilization-and-Geopolitics/04-NATIONS-EMPIRES/The-Ideological-Origins-of-the-American-Revolution.md,nonfiction,summary,detailed,Foundation,,
1636,1636,P0,The Pursuit of Glory: Europe 1648-1815,Tim Blanning,2007,2008,2007,"10-History, Civilization & Geopolitics","History, Civilization & Geopolitics",04-NATIONS-EMPIRES,Great Powers,European History,The-Pursuit-of-Glory-Blanning,Intermediate,planned,md/10-History-Civilization-and-Geopolitics/04-NATIONS-EMPIRES/The-Pursuit-of-Glory-Blanning.md,nonfiction,summary,detailed,Foundation,,
1637,1637,P0,The Pursuit of Power: Europe 1815-1914,Richard J. Evans,2016,2017,2016,"10-History, Civilization & Geopolitics","History, Civilization & Geopolitics",04-NATIONS-EMPIRES,Great Powers,European History,The-Pursuit-of-Power-Evans,Intermediate,planned,md/10-History-Civilization-and-Geopolitics/04-NATIONS-EMPIRES/The-Pursuit-of-Power-Evans.md,nonfiction,summary,detailed,Foundation,,
1638,1638,P0,The Coming of the Third Reich,Richard J. Evans,2003,2005,2003,"10-History, Civilization & Geopolitics","History, Civilization & Geopolitics",04-NATIONS-EMPIRES,Great Powers,European History,The-Coming-of-the-Third-Reich,Intermediate,planned,md/10-History-Civilization-and-Geopolitics/04-NATIONS-EMPIRES/The-Coming-of-the-Third-Reich.md,nonfiction,summary,detailed,Foundation,,
1639,1639,P1,The Third Reich in Power,Richard J. Evans,2005,2006,2005,"10-History, Civilization & Geopolitics","History, Civilization & Geopolitics",04-NATIONS-EMPIRES,Great Powers,European History,The-Third-Reich-in-Power,Intermediate,planned,md/10-History-Civilization-and-Geopolitics/04-NATIONS-EMPIRES/The-Third-Reich-in-Power.md,nonfiction,summary,detailed,Foundation,,
1640,1640,P1,The Third Reich at War,Richard J. Evans,2008,2010,2008,"10-History, Civilization & Geopolitics","History, Civilization & Geopolitics",04-NATIONS-EMPIRES,Great Powers,European History,The-Third-Reich-at-War,Intermediate,planned,md/10-History-Civilization-and-Geopolitics/04-NATIONS-EMPIRES/The-Third-Reich-at-War.md,nonfiction,summary,detailed,Foundation,,
1641,1641,P0,The Romanovs: 1613-1918,Simon Sebag Montefiore,2016,2017,2016,"10-History, Civilization & Geopolitics","History, Civilization & Geopolitics",04-NATIONS-EMPIRES,Great Powers,Russian History,The-Romanovs-Montefiore,Intermediate,planned,md/10-History-Civilization-and-Geopolitics/04-NATIONS-EMPIRES/The-Romanovs-Montefiore.md,nonfiction,summary,detailed,Foundation,,
1642,1642,P0,Stalin: The Court of the Red Tsar,Simon Sebag Montefiore,2003,2005,2003,"10-History, Civilization & Geopolitics","History, Civilization & Geopolitics",04-NATIONS-EMPIRES,Great Powers,Russian History,Stalin-The-Court-of-the-Red-Tsar,Intermediate,planned,md/10-History-Civilization-and-Geopolitics/04-NATIONS-EMPIRES/Stalin-The-Court-of-the-Red-Tsar.md,nonfiction,summary,detailed,Foundation,,
1643,1643,P1,Young Stalin,Simon Sebag Montefiore,2007,2008,2007,"10-History, Civilization & Geopolitics","History, Civilization & Geopolitics",04-NATIONS-EMPIRES,Great Powers,Russian History,Young-Stalin-Montefiore,Intermediate,planned,md/10-History-Civilization-and-Geopolitics/04-NATIONS-EMPIRES/Young-Stalin-Montefiore.md,nonfiction,summary,detailed,Foundation,,
1644,1644,P0,A People's Tragedy: The Russian Revolution: 1891-1924,Orlando Figes,1996,2017,1996,"10-History, Civilization & Geopolitics","History, Civilization & Geopolitics",04-NATIONS-EMPIRES,Great Powers,Russian History,A-Peoples-Tragedy-Figes,Intermediate,planned,md/10-History-Civilization-and-Geopolitics/04-NATIONS-EMPIRES/A-Peoples-Tragedy-Figes.md,nonfiction,summary,detailed,Foundation,,
1645,1645,P0,The Story of Russia,Orlando Figes,2022,2022,2022,"10-History, Civilization & Geopolitics","History, Civilization & Geopolitics",04-NATIONS-EMPIRES,Great Powers,Russian History,The-Story-of-Russia-Figes,Intermediate,planned,md/10-History-Civilization-and-Geopolitics/04-NATIONS-EMPIRES/The-Story-of-Russia-Figes.md,nonfiction,summary,detailed,Foundation,,
1646,1646,P0,The Search for Modern China,Jonathan D. Spence,1990,2013,1990,"10-History, Civilization & Geopolitics","History, Civilization & Geopolitics",04-NATIONS-EMPIRES,Great Powers,Asian Powers,The-Search-for-Modern-China,Intermediate,planned,md/10-History-Civilization-and-Geopolitics/04-NATIONS-EMPIRES/The-Search-for-Modern-China.md,nonfiction,summary,detailed,Foundation,,
1647,1647,P0,"Mao's Great Famine: The History of China's Most Devastating Catastrophe, 1958-1962",Frank Dikötter,2010,2011,2010,"10-History, Civilization & Geopolitics","History, Civilization & Geopolitics",04-NATIONS-EMPIRES,Great Powers,Asian Powers,Maos-Great-Famine,Intermediate,planned,md/10-History-Civilization-and-Geopolitics/04-NATIONS-EMPIRES/Maos-Great-Famine.md,nonfiction,summary,detailed,Foundation,,
1648,1648,P1,The Tragedy of Liberation: A History of the Chinese Revolution 1945-1957,Frank Dikötter,2013,2014,2013,"10-History, Civilization & Geopolitics","History, Civilization & Geopolitics",04-NATIONS-EMPIRES,Great Powers,Asian Powers,The-Tragedy-of-Liberation,Intermediate,planned,md/10-History-Civilization-and-Geopolitics/04-NATIONS-EMPIRES/The-Tragedy-of-Liberation.md,nonfiction,summary,detailed,Foundation,,
1649,1649,P1,"The Cultural Revolution: A People's History, 1962-1976",Frank Dikötter,2016,2017,2016,"10-History, Civilization & Geopolitics","History, Civilization & Geopolitics",04-NATIONS-EMPIRES,Great Powers,Asian Powers,The-Cultural-Revolution-Dikotter,Intermediate,planned,md/10-History-Civilization-and-Geopolitics/04-NATIONS-EMPIRES/The-Cultural-Revolution-Dikotter.md,nonfiction,summary,detailed,Foundation,,
1650,1650,P0,Embracing Defeat: Japan in the Wake of World War II,John W. Dower,1999,2000,1999,"10-History, Civilization & Geopolitics","History, Civilization & Geopolitics",04-NATIONS-EMPIRES,Great Powers,Asian Powers,Embracing-Defeat-Dower,Intermediate,planned,md/10-History-Civilization-and-Geopolitics/04-NATIONS-EMPIRES/Embracing-Defeat-Dower.md,nonfiction,summary,detailed,Foundation,,
1651,1651,P0,The Wretched of the Earth,Frantz Fanon,1961,2005,1961,"10-History, Civilization & Geopolitics","History, Civilization & Geopolitics",04-NATIONS-EMPIRES,Postcolonial World,Decolonization,The-Wretched-of-the-Earth,Intermediate,planned,md/10-History-Civilization-and-Geopolitics/04-NATIONS-EMPIRES/The-Wretched-of-the-Earth.md,nonfiction,summary,detailed,Foundation,,
1652,1652,P0,Orientalism,Edward W. Said,1978,2003,1978,"10-History, Civilization & Geopolitics","History, Civilization & Geopolitics",04-NATIONS-EMPIRES,Postcolonial World,Decolonization,Orientalism-Said,Intermediate,planned,md/10-History-Civilization-and-Geopolitics/04-NATIONS-EMPIRES/Orientalism-Said.md,nonfiction,summary,detailed,Foundation,,
1653,1653,P0,"King Leopold's Ghost: A Story of Greed, Terror, and Heroism in Colonial Africa",Adam Hochschild,1998,2020,1998,"10-History, Civilization & Geopolitics","History, Civilization & Geopolitics",04-NATIONS-EMPIRES,Postcolonial World,Decolonization,King-Leopolds-Ghost,Intermediate,planned,md/10-History-Civilization-and-Geopolitics/04-NATIONS-EMPIRES/King-Leopolds-Ghost.md,nonfiction,summary,detailed,Foundation,,
1654,1654,P0,Inglorious Empire: What the British Did to India,Shashi Tharoor,2017,2018,2017,"10-History, Civilization & Geopolitics","History, Civilization & Geopolitics",04-NATIONS-EMPIRES,Postcolonial World,Decolonization,Inglorious-Empire-Tharoor,Intermediate,planned,md/10-History-Civilization-and-Geopolitics/04-NATIONS-EMPIRES/Inglorious-Empire-Tharoor.md,nonfiction,summary,detailed,Foundation,,
1655,1655,P0,Midnight's Furies: The Deadly Legacy of India's Partition,Nisid Hajari,2015,2016,2015,"10-History, Civilization & Geopolitics","History, Civilization & Geopolitics",04-NATIONS-EMPIRES,Postcolonial World,Decolonization,Midnights-Furies-Hajari,Intermediate,planned,md/10-History-Civilization-and-Geopolitics/04-NATIONS-EMPIRES/Midnights-Furies-Hajari.md,nonfiction,summary,detailed,Foundation,,
1656,1656,P0,A Peace to End All Peace: The Fall of the Ottoman Empire and the Creation of the Modern Middle East,David Fromkin,1989,2009,1989,"10-History, Civilization & Geopolitics","History, Civilization & Geopolitics",04-NATIONS-EMPIRES,Postcolonial World,Middle Eastern History,A-Peace-to-End-All-Peace,Intermediate,planned,md/10-History-Civilization-and-Geopolitics/04-NATIONS-EMPIRES/A-Peace-to-End-All-Peace.md,nonfiction,summary,detailed,Foundation,,
1657,1657,P0,The Arabs: A History,Eugene Rogan,2009,2018,2009,"10-History, Civilization & Geopolitics","History, Civilization & Geopolitics",04-NATIONS-EMPIRES,Postcolonial World,Middle Eastern History,The-Arabs-Rogan,Intermediate,planned,md/10-History-Civilization-and-Geopolitics/04-NATIONS-EMPIRES/The-Arabs-Rogan.md,nonfiction,summary,detailed,Foundation,,
1658,1658,P1,The Fall of the Ottomans: The Great War in the Middle East,Eugene Rogan,2015,2016,2015,"10-History, Civilization & Geopolitics","History, Civilization & Geopolitics",04-NATIONS-EMPIRES,Postcolonial World,Middle Eastern History,The-Fall-of-the-Ottomans-Rogan,Intermediate,planned,md/10-History-Civilization-and-Geopolitics/04-NATIONS-EMPIRES/The-Fall-of-the-Ottomans-Rogan.md,nonfiction,summary,detailed,Foundation,,
1659,1659,P0,All the Shah's Men: An American Coup and the Roots of Middle East Terror,Stephen Kinzer,2003,2008,2003,"10-History, Civilization & Geopolitics","History, Civilization & Geopolitics",04-NATIONS-EMPIRES,Postcolonial World,Middle Eastern History,All-the-Shahs-Men,Intermediate,planned,md/10-History-Civilization-and-Geopolitics/04-NATIONS-EMPIRES/All-the-Shahs-Men.md,nonfiction,summary,detailed,Foundation,,
1660,1660,P0,"Black Wave: Saudi Arabia, Iran, and the Forty-Year Rivalry That Unraveled Culture, Religion, and Collective Memory in the Middle East",Kim Ghattas,2020,2021,2020,"10-History, Civilization & Geopolitics","History, Civilization & Geopolitics",04-NATIONS-EMPIRES,Postcolonial World,Middle Eastern History,Black-Wave-Ghattas,Intermediate,planned,md/10-History-Civilization-and-Geopolitics/04-NATIONS-EMPIRES/Black-Wave-Ghattas.md,nonfiction,summary,detailed,Foundation,,
1661,1661,P0,The Fate of Africa: A History of the Continent Since Independence,Martin Meredith,2005,2011,2005,"10-History, Civilization & Geopolitics","History, Civilization & Geopolitics",04-NATIONS-EMPIRES,Postcolonial World,African History,The-Fate-of-Africa-Meredith,Intermediate,planned,md/10-History-Civilization-and-Geopolitics/04-NATIONS-EMPIRES/The-Fate-of-Africa-Meredith.md,nonfiction,summary,detailed,Foundation,,
1662,1662,P1,"Diamonds, Gold, and War: The British, the Boers, and the Making of South Africa",Martin Meredith,2007,2008,2007,"10-History, Civilization & Geopolitics","History, Civilization & Geopolitics",04-NATIONS-EMPIRES,Postcolonial World,African History,Diamonds-Gold-and-War,Intermediate,planned,md/10-History-Civilization-and-Geopolitics/04-NATIONS-EMPIRES/Diamonds-Gold-and-War.md,nonfiction,summary,detailed,Foundation,,
1663,1663,P0,The Scramble for Africa: White Man's Conquest of the Dark Continent from 1876 to 1912,Thomas Pakenham,1991,1992,1991,"10-History, Civilization & Geopolitics","History, Civilization & Geopolitics",04-NATIONS-EMPIRES,Postcolonial World,African History,The-Scramble-for-Africa-Pakenham,Intermediate,planned,md/10-History-Civilization-and-Geopolitics/04-NATIONS-EMPIRES/The-Scramble-for-Africa-Pakenham.md,nonfiction,summary,detailed,Foundation,,
1664,1664,P0,Africa: A Biography of the Continent,John Reader,1997,1999,1997,"10-History, Civilization & Geopolitics","History, Civilization & Geopolitics",04-NATIONS-EMPIRES,Postcolonial World,African History,Africa-A-Biography-of-the-Continent,Intermediate,planned,md/10-History-Civilization-and-Geopolitics/04-NATIONS-EMPIRES/Africa-A-Biography-of-the-Continent.md,nonfiction,summary,detailed,Foundation,,
1665,1665,P0,"Born in Blackness: Africa, Africans, and the Making of the Modern World, 1471 to the Second World War",Howard W. French,2021,2022,2021,"10-History, Civilization & Geopolitics","History, Civilization & Geopolitics",04-NATIONS-EMPIRES,Postcolonial World,African History,Born-in-Blackness-French,Intermediate,planned,md/10-History-Civilization-and-Geopolitics/04-NATIONS-EMPIRES/Born-in-Blackness-French.md,nonfiction,summary,detailed,Foundation,,
1666,1666,P0,The Origins of Political Order: From Prehuman Times to the French Revolution,Francis Fukuyama,2011,2012,2011,"10-History, Civilization & Geopolitics","History, Civilization & Geopolitics",04-NATIONS-EMPIRES,Modern State,State Formation,The-Origins-of-Political-Order,Intermediate,planned,md/10-History-Civilization-and-Geopolitics/04-NATIONS-EMPIRES/The-Origins-of-Political-Order.md,nonfiction,summary,detailed,Foundation,,
1667,1667,P0,Political Order and Political Decay: From the Industrial Revolution to the Globalization of Democracy,Francis Fukuyama,2014,2015,2014,"10-History, Civilization & Geopolitics","History, Civilization & Geopolitics",04-NATIONS-EMPIRES,Modern State,State Formation,Political-Order-and-Political-Decay,Intermediate,planned,md/10-History-Civilization-and-Geopolitics/04-NATIONS-EMPIRES/Political-Order-and-Political-Decay.md,nonfiction,summary,detailed,Foundation,,
1668,1668,P0,The End of History and the Last Man,Francis Fukuyama,1992,2006,1992,"10-History, Civilization & Geopolitics","History, Civilization & Geopolitics",04-NATIONS-EMPIRES,Modern State,State Formation,The-End-of-History-and-the-Last-Man,Intermediate,planned,md/10-History-Civilization-and-Geopolitics/04-NATIONS-EMPIRES/The-End-of-History-and-the-Last-Man.md,nonfiction,summary,detailed,Foundation,,
1669,1669,P0,Seeing Like a State: How Certain Schemes to Improve the Human Condition Have Failed,James C. Scott,1998,2020,1998,"10-History, Civilization & Geopolitics","History, Civilization & Geopolitics",04-NATIONS-EMPIRES,Modern State,State Formation,Seeing-Like-a-State,Intermediate,planned,md/10-History-Civilization-and-Geopolitics/04-NATIONS-EMPIRES/Seeing-Like-a-State.md,nonfiction,summary,detailed,Foundation,,
1670,1670,P1,The Art of Not Being Governed: An Anarchist History of Upland Southeast Asia,James C. Scott,2009,2010,2009,"10-History, Civilization & Geopolitics","History, Civilization & Geopolitics",04-NATIONS-EMPIRES,Modern State,State Formation,The-Art-of-Not-Being-Governed,Intermediate,planned,md/10-History-Civilization-and-Geopolitics/04-NATIONS-EMPIRES/The-Art-of-Not-Being-Governed.md,nonfiction,summary,detailed,Foundation,,
1671,1671,P0,Imagined Communities: Reflections on the Origin and Spread of Nationalism,Benedict Anderson,1983,2016,1983,"10-History, Civilization & Geopolitics","History, Civilization & Geopolitics",04-NATIONS-EMPIRES,Modern State,Nationalism,Imagined-Communities-Anderson,Intermediate,planned,md/10-History-Civilization-and-Geopolitics/04-NATIONS-EMPIRES/Imagined-Communities-Anderson.md,nonfiction,summary,detailed,Foundation,,
1672,1672,P0,Nations and Nationalism,Ernest Gellner,1983,2008,1983,"10-History, Civilization & Geopolitics","History, Civilization & Geopolitics",04-NATIONS-EMPIRES,Modern State,Nationalism,Nations-and-Nationalism-Gellner,Intermediate,planned,md/10-History-Civilization-and-Geopolitics/04-NATIONS-EMPIRES/Nations-and-Nationalism-Gellner.md,nonfiction,summary,detailed,Foundation,,
1673,1673,P0,The Invention of Tradition,Eric Hobsbawm; Terence Ranger,1983,2012,1983,"10-History, Civilization & Geopolitics","History, Civilization & Geopolitics",04-NATIONS-EMPIRES,Modern State,Nationalism,The-Invention-of-Tradition,Intermediate,planned,md/10-History-Civilization-and-Geopolitics/04-NATIONS-EMPIRES/The-Invention-of-Tradition.md,nonfiction,summary,detailed,Foundation,,
1674,1674,P0,Identity: The Demand for Dignity and the Politics of Resentment,Francis Fukuyama,2018,2019,2018,"10-History, Civilization & Geopolitics","History, Civilization & Geopolitics",04-NATIONS-EMPIRES,Modern State,Nationalism,Identity-Fukuyama,Intermediate,planned,md/10-History-Civilization-and-Geopolitics/04-NATIONS-EMPIRES/Identity-Fukuyama.md,nonfiction,summary,detailed,Foundation,,
1675,1675,P1,Nationalism: A Very Short Introduction,Steven Grosby,2005,2005,2005,"10-History, Civilization & Geopolitics","History, Civilization & Geopolitics",04-NATIONS-EMPIRES,Modern State,Nationalism,Nationalism-Grosby,Intermediate,planned,md/10-History-Civilization-and-Geopolitics/04-NATIONS-EMPIRES/Nationalism-Grosby.md,nonfiction,summary,detailed,Foundation,,
1676,1676,P0,"The Gun, the Ship, and the Pen: Warfare, Constitutions, and the Making of the Modern World",Linda Colley,2021,2022,2021,"10-History, Civilization & Geopolitics","History, Civilization & Geopolitics",04-NATIONS-EMPIRES,Modern State,Constitutional History,The-Gun-the-Ship-and-the-Pen,Intermediate,planned,md/10-History-Civilization-and-Geopolitics/04-NATIONS-EMPIRES/The-Gun-the-Ship-and-the-Pen.md,nonfiction,summary,detailed,Foundation,,
1677,1677,P1,Britons: Forging the Nation 1707-1837,Linda Colley,1992,2009,1992,"10-History, Civilization & Geopolitics","History, Civilization & Geopolitics",04-NATIONS-EMPIRES,Modern State,Constitutional History,Britons-Linda-Colley,Intermediate,planned,md/10-History-Civilization-and-Geopolitics/04-NATIONS-EMPIRES/Britons-Linda-Colley.md,nonfiction,summary,detailed,Foundation,,
1678,1678,P0,The Rule of Law,Tom Bingham,2010,2011,2010,"10-History, Civilization & Geopolitics","History, Civilization & Geopolitics",04-NATIONS-EMPIRES,Modern State,Constitutional History,The-Rule-of-Law-Bingham,Intermediate,planned,md/10-History-Civilization-and-Geopolitics/04-NATIONS-EMPIRES/The-Rule-of-Law-Bingham.md,nonfiction,summary,detailed,Foundation,,
1679,1679,P1,Magna Carta: The Birth of Liberty,Dan Jones,2014,2015,2014,"10-History, Civilization & Geopolitics","History, Civilization & Geopolitics",04-NATIONS-EMPIRES,Modern State,Constitutional History,Magna-Carta-Dan-Jones,Intermediate,planned,md/10-History-Civilization-and-Geopolitics/04-NATIONS-EMPIRES/Magna-Carta-Dan-Jones.md,nonfiction,summary,detailed,Foundation,,
1680,1680,P0,America's Constitution: A Biography,Akhil Reed Amar,2005,2006,2005,"10-History, Civilization & Geopolitics","History, Civilization & Geopolitics",04-NATIONS-EMPIRES,Modern State,Constitutional History,Americas-Constitution-Amar,Intermediate,planned,md/10-History-Civilization-and-Geopolitics/04-NATIONS-EMPIRES/Americas-Constitution-Amar.md,nonfiction,summary,detailed,Foundation,,
1681,1681,P0,Six Easy Pieces: Essentials of Physics Explained by Its Most Brilliant Teacher,Richard P. Feynman,1994,2011,1994,"11-Science, Nature & the Universe","Science, Nature & the Universe",01-PHYSICS-ASTRONOMY,Fundamental Physics,Quantum Physics,Six-Easy-Pieces-Feynman,Intermediate,planned,md/11-Science-Nature-and-the-Universe/01-PHYSICS-ASTRONOMY/Six-Easy-Pieces-Feynman.md,nonfiction,summary,detailed,Foundation,,
1682,1682,P0,"Six Not-So-Easy Pieces: Einstein's Relativity, Symmetry, and Space-Time",Richard P. Feynman,1997,2011,1997,"11-Science, Nature & the Universe","Science, Nature & the Universe",01-PHYSICS-ASTRONOMY,Fundamental Physics,Quantum Physics,Six-Not-So-Easy-Pieces-Feynman,Intermediate,planned,md/11-Science-Nature-and-the-Universe/01-PHYSICS-ASTRONOMY/Six-Not-So-Easy-Pieces-Feynman.md,nonfiction,summary,detailed,Foundation,,
1683,1683,P0,QED: The Strange Theory of Light and Matter,Richard P. Feynman,1985,2014,1985,"11-Science, Nature & the Universe","Science, Nature & the Universe",01-PHYSICS-ASTRONOMY,Fundamental Physics,Quantum Physics,QED-Feynman,Intermediate,planned,md/11-Science-Nature-and-the-Universe/01-PHYSICS-ASTRONOMY/QED-Feynman.md,nonfiction,summary,detailed,Foundation,,
1684,1684,P0,Something Deeply Hidden: Quantum Worlds and the Emergence of Spacetime,Sean Carroll,2019,2020,2019,"11-Science, Nature & the Universe","Science, Nature & the Universe",01-PHYSICS-ASTRONOMY,Fundamental Physics,Quantum Physics,Something-Deeply-Hidden-Carroll,Intermediate,planned,md/11-Science-Nature-and-the-Universe/01-PHYSICS-ASTRONOMY/Something-Deeply-Hidden-Carroll.md,nonfiction,summary,detailed,Foundation,,
1685,1685,P0,In Search of Schrödinger's Cat: Quantum Physics and Reality,John Gribbin,1984,2011,1984,"11-Science, Nature & the Universe","Science, Nature & the Universe",01-PHYSICS-ASTRONOMY,Fundamental Physics,Quantum Physics,In-Search-of-Schrodingers-Cat,Intermediate,planned,md/11-Science-Nature-and-the-Universe/01-PHYSICS-ASTRONOMY/In-Search-of-Schrodingers-Cat.md,nonfiction,summary,detailed,Foundation,,
1686,1686,P0,Relativity: The Special and the General Theory,Albert Einstein,1916,2019,1916,"11-Science, Nature & the Universe","Science, Nature & the Universe",01-PHYSICS-ASTRONOMY,Fundamental Physics,Relativity & Space-Time,Relativity-Einstein,Intermediate,planned,md/11-Science-Nature-and-the-Universe/01-PHYSICS-ASTRONOMY/Relativity-Einstein.md,nonfiction,summary,detailed,Foundation,,
1687,1687,P0,The Order of Time,Carlo Rovelli,2017,2018,2017,"11-Science, Nature & the Universe","Science, Nature & the Universe",01-PHYSICS-ASTRONOMY,Fundamental Physics,Relativity & Space-Time,The-Order-of-Time-Rovelli,Intermediate,planned,md/11-Science-Nature-and-the-Universe/01-PHYSICS-ASTRONOMY/The-Order-of-Time-Rovelli.md,nonfiction,summary,detailed,Foundation,,
1688,1688,P0,Seven Brief Lessons on Physics,Carlo Rovelli,2014,2016,2014,"11-Science, Nature & the Universe","Science, Nature & the Universe",01-PHYSICS-ASTRONOMY,Fundamental Physics,Relativity & Space-Time,Seven-Brief-Lessons-on-Physics,Intermediate,planned,md/11-Science-Nature-and-the-Universe/01-PHYSICS-ASTRONOMY/Seven-Brief-Lessons-on-Physics.md,nonfiction,summary,detailed,Foundation,,
1689,1689,P0,Reality Is Not What It Seems: The Journey to Quantum Gravity,Carlo Rovelli,2014,2017,2014,"11-Science, Nature & the Universe","Science, Nature & the Universe",01-PHYSICS-ASTRONOMY,Fundamental Physics,Relativity & Space-Time,Reality-Is-Not-What-It-Seems,Intermediate,planned,md/11-Science-Nature-and-the-Universe/01-PHYSICS-ASTRONOMY/Reality-Is-Not-What-It-Seems.md,nonfiction,summary,detailed,Foundation,,
1690,1690,P0,Helgoland: Making Sense of the Quantum Revolution,Carlo Rovelli,2020,2021,2020,"11-Science, Nature & the Universe","Science, Nature & the Universe",01-PHYSICS-ASTRONOMY,Fundamental Physics,Relativity & Space-Time,Helgoland-Rovelli,Intermediate,planned,md/11-Science-Nature-and-the-Universe/01-PHYSICS-ASTRONOMY/Helgoland-Rovelli.md,nonfiction,summary,detailed,Foundation,,
1691,1691,P0,The Particle at the End of the Universe: How the Hunt for the Higgs Boson Leads Us to the Edge of a New World,Sean Carroll,2012,2013,2012,"11-Science, Nature & the Universe","Science, Nature & the Universe",01-PHYSICS-ASTRONOMY,Fundamental Physics,Particle Physics,The-Particle-at-the-End-of-the-Universe,Intermediate,planned,md/11-Science-Nature-and-the-Universe/01-PHYSICS-ASTRONOMY/The-Particle-at-the-End-of-the-Universe.md,nonfiction,summary,detailed,Foundation,,
1692,1692,P0,"The God Particle: If the Universe Is the Answer, What Is the Question?",Leon M. Lederman; Dick Teresi,1993,2006,1993,"11-Science, Nature & the Universe","Science, Nature & the Universe",01-PHYSICS-ASTRONOMY,Fundamental Physics,Particle Physics,The-God-Particle-Lederman,Intermediate,planned,md/11-Science-Nature-and-the-Universe/01-PHYSICS-ASTRONOMY/The-God-Particle-Lederman.md,nonfiction,summary,detailed,Foundation,,
1693,1693,P0,Knocking on Heaven's Door: How Physics and Scientific Thinking Illuminate the Universe and the Modern World,Lisa Randall,2011,2012,2011,"11-Science, Nature & the Universe","Science, Nature & the Universe",01-PHYSICS-ASTRONOMY,Fundamental Physics,Particle Physics,Knocking-on-Heavens-Door-Randall,Intermediate,planned,md/11-Science-Nature-and-the-Universe/01-PHYSICS-ASTRONOMY/Knocking-on-Heavens-Door-Randall.md,nonfiction,summary,detailed,Foundation,,
1694,1694,P0,Warped Passages: Unraveling the Mysteries of the Universe's Hidden Dimensions,Lisa Randall,2005,2006,2005,"11-Science, Nature & the Universe","Science, Nature & the Universe",01-PHYSICS-ASTRONOMY,Fundamental Physics,Particle Physics,Warped-Passages-Randall,Intermediate,planned,md/11-Science-Nature-and-the-Universe/01-PHYSICS-ASTRONOMY/Warped-Passages-Randall.md,nonfiction,summary,detailed,Foundation,,
1695,1695,P1,Dark Matter and the Dinosaurs: The Astounding Interconnectedness of the Universe,Lisa Randall,2015,2016,2015,"11-Science, Nature & the Universe","Science, Nature & the Universe",01-PHYSICS-ASTRONOMY,Fundamental Physics,Particle Physics,Dark-Matter-and-the-Dinosaurs,Intermediate,planned,md/11-Science-Nature-and-the-Universe/01-PHYSICS-ASTRONOMY/Dark-Matter-and-the-Dinosaurs.md,nonfiction,summary,detailed,Foundation,,
1696,1696,P0,A Brief History of Time,Stephen Hawking,1988,2017,1988,"11-Science, Nature & the Universe","Science, Nature & the Universe",01-PHYSICS-ASTRONOMY,Cosmology & Astrophysics,Origin of Universe,A-Brief-History-of-Time,Intermediate,planned,md/11-Science-Nature-and-the-Universe/01-PHYSICS-ASTRONOMY/A-Brief-History-of-Time.md,nonfiction,summary,detailed,Foundation,,
1697,1697,P0,The Universe in a Nutshell,Stephen Hawking,2001,2001,2001,"11-Science, Nature & the Universe","Science, Nature & the Universe",01-PHYSICS-ASTRONOMY,Cosmology & Astrophysics,Origin of Universe,The-Universe-in-a-Nutshell,Intermediate,planned,md/11-Science-Nature-and-the-Universe/01-PHYSICS-ASTRONOMY/The-Universe-in-a-Nutshell.md,nonfiction,summary,detailed,Foundation,,
1698,1698,P0,The Grand Design,Stephen Hawking; Leonard Mlodinow,2010,2012,2010,"11-Science, Nature & the Universe","Science, Nature & the Universe",01-PHYSICS-ASTRONOMY,Cosmology & Astrophysics,Origin of Universe,The-Grand-Design-Hawking,Intermediate,planned,md/11-Science-Nature-and-the-Universe/01-PHYSICS-ASTRONOMY/The-Grand-Design-Hawking.md,nonfiction,summary,detailed,Foundation,,
1699,1699,P0,The First Three Minutes: A Modern View of the Origin of the Universe,Steven Weinberg,1977,1993,1977,"11-Science, Nature & the Universe","Science, Nature & the Universe",01-PHYSICS-ASTRONOMY,Cosmology & Astrophysics,Origin of Universe,The-First-Three-Minutes-Weinberg,Intermediate,planned,md/11-Science-Nature-and-the-Universe/01-PHYSICS-ASTRONOMY/The-First-Three-Minutes-Weinberg.md,nonfiction,summary,detailed,Foundation,,
1700,1700,P0,Cosmos,Carl Sagan,1980,2013,1980,"11-Science, Nature & the Universe","Science, Nature & the Universe",01-PHYSICS-ASTRONOMY,Cosmology & Astrophysics,Origin of Universe,Cosmos-Carl-Sagan,Intermediate,planned,md/11-Science-Nature-and-the-Universe/01-PHYSICS-ASTRONOMY/Cosmos-Carl-Sagan.md,nonfiction,summary,detailed,Foundation,,
1701,1701,P0,Black Holes and Time Warps: Einstein's Outrageous Legacy,Kip S. Thorne,1994,1995,1994,"11-Science, Nature & the Universe","Science, Nature & the Universe",01-PHYSICS-ASTRONOMY,Cosmology & Astrophysics,Black Holes,Black-Holes-and-Time-Warps,Intermediate,planned,md/11-Science-Nature-and-the-Universe/01-PHYSICS-ASTRONOMY/Black-Holes-and-Time-Warps.md,nonfiction,summary,detailed,Foundation,,
1702,1702,P0,The Science of Interstellar,Kip S. Thorne,2014,2014,2014,"11-Science, Nature & the Universe","Science, Nature & the Universe",01-PHYSICS-ASTRONOMY,Cosmology & Astrophysics,Black Holes,The-Science-of-Interstellar,Intermediate,planned,md/11-Science-Nature-and-the-Universe/01-PHYSICS-ASTRONOMY/The-Science-of-Interstellar.md,nonfiction,summary,detailed,Foundation,,
1703,1703,P0,The Black Hole War: My Battle with Stephen Hawking to Make the World Safe for Quantum Mechanics,Leonard Susskind,2008,2009,2008,"11-Science, Nature & the Universe","Science, Nature & the Universe",01-PHYSICS-ASTRONOMY,Cosmology & Astrophysics,Black Holes,The-Black-Hole-War,Intermediate,planned,md/11-Science-Nature-and-the-Universe/01-PHYSICS-ASTRONOMY/The-Black-Hole-War.md,nonfiction,summary,detailed,Foundation,,
1704,1704,P1,"Einstein's Shadow: A Black Hole, a Band of Astronomers, and the Quest to See the Unseeable",Seth Fletcher,2018,2019,2018,"11-Science, Nature & the Universe","Science, Nature & the Universe",01-PHYSICS-ASTRONOMY,Cosmology & Astrophysics,Black Holes,Einsteins-Shadow,Intermediate,planned,md/11-Science-Nature-and-the-Universe/01-PHYSICS-ASTRONOMY/Einsteins-Shadow.md,nonfiction,summary,detailed,Foundation,,
1705,1705,P1,Black Hole Survival Guide,Janna Levin,2020,2020,2020,"11-Science, Nature & the Universe","Science, Nature & the Universe",01-PHYSICS-ASTRONOMY,Cosmology & Astrophysics,Black Holes,Black-Hole-Survival-Guide,Intermediate,planned,md/11-Science-Nature-and-the-Universe/01-PHYSICS-ASTRONOMY/Black-Hole-Survival-Guide.md,nonfiction,summary,detailed,Foundation,,
1706,1706,P0,Pale Blue Dot: A Vision of the Human Future in Space,Carl Sagan,1994,1997,1994,"11-Science, Nature & the Universe","Science, Nature & the Universe",01-PHYSICS-ASTRONOMY,Cosmology & Astrophysics,Space Exploration,Pale-Blue-Dot-Sagan,Intermediate,planned,md/11-Science-Nature-and-the-Universe/01-PHYSICS-ASTRONOMY/Pale-Blue-Dot-Sagan.md,nonfiction,summary,detailed,Foundation,,
1707,1707,P0,Astrophysics for People in a Hurry,Neil deGrasse Tyson,2017,2017,2017,"11-Science, Nature & the Universe","Science, Nature & the Universe",01-PHYSICS-ASTRONOMY,Cosmology & Astrophysics,Space Exploration,Astrophysics-for-People-in-a-Hurry,Intermediate,planned,md/11-Science-Nature-and-the-Universe/01-PHYSICS-ASTRONOMY/Astrophysics-for-People-in-a-Hurry.md,nonfiction,summary,detailed,Foundation,,
1708,1708,P1,Origins: Fourteen Billion Years of Cosmic Evolution,Neil deGrasse Tyson; Donald Goldsmith,2004,2014,2004,"11-Science, Nature & the Universe","Science, Nature & the Universe",01-PHYSICS-ASTRONOMY,Cosmology & Astrophysics,Space Exploration,Origins-Neil-deGrasse-Tyson,Intermediate,planned,md/11-Science-Nature-and-the-Universe/01-PHYSICS-ASTRONOMY/Origins-Neil-deGrasse-Tyson.md,nonfiction,summary,detailed,Foundation,,
1709,1709,P0,The Right Stuff,Tom Wolfe,1979,2008,1979,"11-Science, Nature & the Universe","Science, Nature & the Universe",01-PHYSICS-ASTRONOMY,Cosmology & Astrophysics,Space Exploration,The-Right-Stuff-Wolfe,Intermediate,planned,md/11-Science-Nature-and-the-Universe/01-PHYSICS-ASTRONOMY/The-Right-Stuff-Wolfe.md,nonfiction,summary,detailed,Foundation,,
1710,1710,P0,Carrying the Fire: An Astronaut's Journeys,Michael Collins,1974,2019,1974,"11-Science, Nature & the Universe","Science, Nature & the Universe",01-PHYSICS-ASTRONOMY,Cosmology & Astrophysics,Space Exploration,Carrying-the-Fire-Collins,Intermediate,planned,md/11-Science-Nature-and-the-Universe/01-PHYSICS-ASTRONOMY/Carrying-the-Fire-Collins.md,nonfiction,summary,detailed,Foundation,,
1711,1711,P0,The Character of Physical Law,Richard P. Feynman,1965,2017,1965,"11-Science, Nature & the Universe","Science, Nature & the Universe",01-PHYSICS-ASTRONOMY,Classical Physics,Mechanics & Motion,The-Character-of-Physical-Law-Feynman,Intermediate,planned,md/11-Science-Nature-and-the-Universe/01-PHYSICS-ASTRONOMY/The-Character-of-Physical-Law-Feynman.md,nonfiction,summary,detailed,Foundation,,
1712,1712,P0,Thinking Physics: Understandable Practical Reality,Lewis Carroll Epstein,1979,2002,1979,"11-Science, Nature & the Universe","Science, Nature & the Universe",01-PHYSICS-ASTRONOMY,Classical Physics,Mechanics & Motion,Thinking-Physics-Epstein,Intermediate,planned,md/11-Science-Nature-and-the-Universe/01-PHYSICS-ASTRONOMY/Thinking-Physics-Epstein.md,nonfiction,summary,detailed,Foundation,,
1713,1713,P0,For the Love of Physics: From the End of the Rainbow to the Edge of Time,Walter Lewin; Warren Goldstein,2011,2012,2011,"11-Science, Nature & the Universe","Science, Nature & the Universe",01-PHYSICS-ASTRONOMY,Classical Physics,Mechanics & Motion,For-the-Love-of-Physics,Intermediate,planned,md/11-Science-Nature-and-the-Universe/01-PHYSICS-ASTRONOMY/For-the-Love-of-Physics.md,nonfiction,summary,detailed,Foundation,,
1714,1714,P1,The Flying Circus of Physics,Jearl Walker,1975,2006,1975,"11-Science, Nature & the Universe","Science, Nature & the Universe",01-PHYSICS-ASTRONOMY,Classical Physics,Mechanics & Motion,The-Flying-Circus-of-Physics,Intermediate,planned,md/11-Science-Nature-and-the-Universe/01-PHYSICS-ASTRONOMY/The-Flying-Circus-of-Physics.md,nonfiction,summary,detailed,Foundation,,
1715,1715,P0,Physics for Future Presidents: The Science Behind the Headlines,Richard A. Muller,2008,2009,2008,"11-Science, Nature & the Universe","Science, Nature & the Universe",01-PHYSICS-ASTRONOMY,Classical Physics,Mechanics & Motion,Physics-for-Future-Presidents,Intermediate,planned,md/11-Science-Nature-and-the-Universe/01-PHYSICS-ASTRONOMY/Physics-for-Future-Presidents.md,nonfiction,summary,detailed,Foundation,,
1716,1716,P0,"The Big Picture: On the Origins of Life, Meaning, and the Universe Itself",Sean Carroll,2016,2017,2016,"11-Science, Nature & the Universe","Science, Nature & the Universe",01-PHYSICS-ASTRONOMY,Classical Physics,Thermodynamics & Energy,The-Big-Picture-Carroll,Intermediate,planned,md/11-Science-Nature-and-the-Universe/01-PHYSICS-ASTRONOMY/The-Big-Picture-Carroll.md,nonfiction,summary,detailed,Foundation,,
1717,1717,P0,From Eternity to Here: The Quest for the Ultimate Theory of Time,Sean Carroll,2010,2010,2010,"11-Science, Nature & the Universe","Science, Nature & the Universe",01-PHYSICS-ASTRONOMY,Classical Physics,Thermodynamics & Energy,From-Eternity-to-Here-Carroll,Intermediate,planned,md/11-Science-Nature-and-the-Universe/01-PHYSICS-ASTRONOMY/From-Eternity-to-Here-Carroll.md,nonfiction,summary,detailed,Foundation,,
1718,1718,P0,Energy and Civilization: A History,Vaclav Smil,2017,2018,2017,"11-Science, Nature & the Universe","Science, Nature & the Universe",01-PHYSICS-ASTRONOMY,Classical Physics,Thermodynamics & Energy,Energy-and-Civilization-Smil,Intermediate,planned,md/11-Science-Nature-and-the-Universe/01-PHYSICS-ASTRONOMY/Energy-and-Civilization-Smil.md,nonfiction,summary,detailed,Foundation,,
1719,1719,P0,How the World Really Works: The Science Behind How We Got Here and Where We're Going,Vaclav Smil,2022,2022,2022,"11-Science, Nature & the Universe","Science, Nature & the Universe",01-PHYSICS-ASTRONOMY,Classical Physics,Thermodynamics & Energy,How-the-World-Really-Works-Smil,Intermediate,planned,md/11-Science-Nature-and-the-Universe/01-PHYSICS-ASTRONOMY/How-the-World-Really-Works-Smil.md,nonfiction,summary,detailed,Foundation,,
1720,1720,P0,Numbers Don't Lie: 71 Things You Need to Know About the World,Vaclav Smil,2020,2021,2020,"11-Science, Nature & the Universe","Science, Nature & the Universe",01-PHYSICS-ASTRONOMY,Classical Physics,Thermodynamics & Energy,Numbers-Dont-Lie-Smil,Intermediate,planned,md/11-Science-Nature-and-the-Universe/01-PHYSICS-ASTRONOMY/Numbers-Dont-Lie-Smil.md,nonfiction,summary,detailed,Foundation,,
1721,1721,P0,The Road to Reality: A Complete Guide to the Laws of the Universe,Roger Penrose,2004,2007,2004,"11-Science, Nature & the Universe","Science, Nature & the Universe",01-PHYSICS-ASTRONOMY,Classical Physics,History of Physics,The-Road-to-Reality-Penrose,Intermediate,planned,md/11-Science-Nature-and-the-Universe/01-PHYSICS-ASTRONOMY/The-Road-to-Reality-Penrose.md,nonfiction,summary,detailed,Foundation,,
1722,1722,P0,"The Emperor's New Mind: Concerning Computers, Minds, and the Laws of Physics",Roger Penrose,1989,2002,1989,"11-Science, Nature & the Universe","Science, Nature & the Universe",01-PHYSICS-ASTRONOMY,Classical Physics,History of Physics,The-Emperors-New-Mind,Intermediate,planned,md/11-Science-Nature-and-the-Universe/01-PHYSICS-ASTRONOMY/The-Emperors-New-Mind.md,nonfiction,summary,detailed,Foundation,,
1723,1723,P1,Shadows of the Mind: A Search for the Missing Science of Consciousness,Roger Penrose,1994,1996,1994,"11-Science, Nature & the Universe","Science, Nature & the Universe",01-PHYSICS-ASTRONOMY,Classical Physics,History of Physics,Shadows-of-the-Mind,Intermediate,planned,md/11-Science-Nature-and-the-Universe/01-PHYSICS-ASTRONOMY/Shadows-of-the-Mind.md,nonfiction,summary,detailed,Foundation,,
1724,1724,P0,Subtle Is the Lord: The Science and the Life of Albert Einstein,Abraham Pais,1982,2005,1982,"11-Science, Nature & the Universe","Science, Nature & the Universe",01-PHYSICS-ASTRONOMY,Classical Physics,History of Physics,Subtle-Is-the-Lord,Intermediate,planned,md/11-Science-Nature-and-the-Universe/01-PHYSICS-ASTRONOMY/Subtle-Is-the-Lord.md,nonfiction,summary,detailed,Foundation,,
1725,1725,P0,Einstein: His Life and Universe,Walter Isaacson,2007,2008,2007,"11-Science, Nature & the Universe","Science, Nature & the Universe",01-PHYSICS-ASTRONOMY,Classical Physics,History of Physics,Einstein-Walter-Isaacson,Intermediate,planned,md/11-Science-Nature-and-the-Universe/01-PHYSICS-ASTRONOMY/Einstein-Walter-Isaacson.md,nonfiction,summary,detailed,Foundation,,
1726,1726,P0,On the Origin of Species,Charles Darwin,1859,2009,1859,"11-Science, Nature & the Universe","Science, Nature & the Universe",02-BIOLOGY-LIFE-SCIENCES,Evolutionary Biology,Natural Selection,On-the-Origin-of-Species-Darwin,Intermediate,planned,md/11-Science-Nature-and-the-Universe/02-BIOLOGY-LIFE-SCIENCES/On-the-Origin-of-Species-Darwin.md,nonfiction,summary,detailed,Foundation,,
1727,1727,P0,Climbing Mount Improbable,Richard Dawkins,1996,2006,1996,"11-Science, Nature & the Universe","Science, Nature & the Universe",02-BIOLOGY-LIFE-SCIENCES,Evolutionary Biology,Natural Selection,Climbing-Mount-Improbable-Dawkins,Intermediate,planned,md/11-Science-Nature-and-the-Universe/02-BIOLOGY-LIFE-SCIENCES/Climbing-Mount-Improbable-Dawkins.md,nonfiction,summary,detailed,Foundation,,
1728,1728,P0,The Extended Phenotype: The Long Reach of the Gene,Richard Dawkins,1982,2016,1982,"11-Science, Nature & the Universe","Science, Nature & the Universe",02-BIOLOGY-LIFE-SCIENCES,Evolutionary Biology,Natural Selection,The-Extended-Phenotype,Intermediate,planned,md/11-Science-Nature-and-the-Universe/02-BIOLOGY-LIFE-SCIENCES/The-Extended-Phenotype.md,nonfiction,summary,detailed,Foundation,,
1729,1729,P0,The Blind Watchmaker: Why the Evidence of Evolution Reveals a Universe without Design,Richard Dawkins,1986,2015,1986,"11-Science, Nature & the Universe","Science, Nature & the Universe",02-BIOLOGY-LIFE-SCIENCES,Evolutionary Biology,Natural Selection,The-Blind-Watchmaker,Intermediate,planned,md/11-Science-Nature-and-the-Universe/02-BIOLOGY-LIFE-SCIENCES/The-Blind-Watchmaker.md,nonfiction,summary,detailed,Foundation,,
1730,1730,P0,The Greatest Show on Earth: The Evidence for Evolution,Richard Dawkins,2009,2010,2009,"11-Science, Nature & the Universe","Science, Nature & the Universe",02-BIOLOGY-LIFE-SCIENCES,Evolutionary Biology,Natural Selection,The-Greatest-Show-on-Earth,Intermediate,planned,md/11-Science-Nature-and-the-Universe/02-BIOLOGY-LIFE-SCIENCES/The-Greatest-Show-on-Earth.md,nonfiction,summary,detailed,Foundation,,
1731,1731,P0,"The Vital Question: Energy, Evolution, and the Origins of Complex Life",Nick Lane,2015,2016,2015,"11-Science, Nature & the Universe","Science, Nature & the Universe",02-BIOLOGY-LIFE-SCIENCES,Evolutionary Biology,Origin of Life,The-Vital-Question-Nick-Lane,Intermediate,planned,md/11-Science-Nature-and-the-Universe/02-BIOLOGY-LIFE-SCIENCES/The-Vital-Question-Nick-Lane.md,nonfiction,summary,detailed,Foundation,,
1732,1732,P0,Oxygen: The Molecule that Made the World,Nick Lane,2002,2016,2002,"11-Science, Nature & the Universe","Science, Nature & the Universe",02-BIOLOGY-LIFE-SCIENCES,Evolutionary Biology,Origin of Life,Oxygen-Nick-Lane,Intermediate,planned,md/11-Science-Nature-and-the-Universe/02-BIOLOGY-LIFE-SCIENCES/Oxygen-Nick-Lane.md,nonfiction,summary,detailed,Foundation,,
1733,1733,P0,"Power, Sex, Suicide: Mitochondria and the Meaning of Life",Nick Lane,2005,2018,2005,"11-Science, Nature & the Universe","Science, Nature & the Universe",02-BIOLOGY-LIFE-SCIENCES,Evolutionary Biology,Origin of Life,Power-Sex-Suicide-Nick-Lane,Intermediate,planned,md/11-Science-Nature-and-the-Universe/02-BIOLOGY-LIFE-SCIENCES/Power-Sex-Suicide-Nick-Lane.md,nonfiction,summary,detailed,Foundation,,
1734,1734,P0,Transformer: The Deep Chemistry of Life and Death,Nick Lane,2022,2022,2022,"11-Science, Nature & the Universe","Science, Nature & the Universe",02-BIOLOGY-LIFE-SCIENCES,Evolutionary Biology,Origin of Life,Transformer-Nick-Lane,Intermediate,planned,md/11-Science-Nature-and-the-Universe/02-BIOLOGY-LIFE-SCIENCES/Transformer-Nick-Lane.md,nonfiction,summary,detailed,Foundation,,
1735,1735,P0,Life Ascending: The Ten Great Inventions of Evolution,Nick Lane,2009,2010,2009,"11-Science, Nature & the Universe","Science, Nature & the Universe",02-BIOLOGY-LIFE-SCIENCES,Evolutionary Biology,Origin of Life,Life-Ascending-Nick-Lane,Intermediate,planned,md/11-Science-Nature-and-the-Universe/02-BIOLOGY-LIFE-SCIENCES/Life-Ascending-Nick-Lane.md,nonfiction,summary,detailed,Foundation,,
1736,1736,P0,"The Story of the Human Body: Evolution, Health, and Disease",Daniel E. Lieberman,2013,2014,2013,"11-Science, Nature & the Universe","Science, Nature & the Universe",02-BIOLOGY-LIFE-SCIENCES,Evolutionary Biology,Human Evolution,The-Story-of-the-Human-Body,Intermediate,planned,md/11-Science-Nature-and-the-Universe/02-BIOLOGY-LIFE-SCIENCES/The-Story-of-the-Human-Body.md,nonfiction,summary,detailed,Foundation,,
1737,1737,P0,Exercised: Why Something We Never Evolved to Do Is Healthy and Rewarding,Daniel E. Lieberman,2020,2021,2020,"11-Science, Nature & the Universe","Science, Nature & the Universe",02-BIOLOGY-LIFE-SCIENCES,Evolutionary Biology,Human Evolution,Exercised-Lieberman,Intermediate,planned,md/11-Science-Nature-and-the-Universe/02-BIOLOGY-LIFE-SCIENCES/Exercised-Lieberman.md,nonfiction,summary,detailed,Foundation,,
1738,1738,P0,The Goodness Paradox: The Strange Relationship Between Virtue and Violence in Human Evolution,Richard Wrangham,2019,2020,2019,"11-Science, Nature & the Universe","Science, Nature & the Universe",02-BIOLOGY-LIFE-SCIENCES,Evolutionary Biology,Human Evolution,The-Goodness-Paradox,Intermediate,planned,md/11-Science-Nature-and-the-Universe/02-BIOLOGY-LIFE-SCIENCES/The-Goodness-Paradox.md,nonfiction,summary,detailed,Foundation,,
1739,1739,P1,Tree of Origin: What Primate Behavior Can Tell Us About Human Social Evolution,Frans de Waal,2001,2002,2001,"11-Science, Nature & the Universe","Science, Nature & the Universe",02-BIOLOGY-LIFE-SCIENCES,Evolutionary Biology,Human Evolution,Tree-of-Origin-de-Waal,Intermediate,planned,md/11-Science-Nature-and-the-Universe/02-BIOLOGY-LIFE-SCIENCES/Tree-of-Origin-de-Waal.md,nonfiction,summary,detailed,Foundation,,
1740,1740,P1,Demonic Males: Apes and the Origins of Human Violence,Richard Wrangham; Dale Peterson,1996,1997,1996,"11-Science, Nature & the Universe","Science, Nature & the Universe",02-BIOLOGY-LIFE-SCIENCES,Evolutionary Biology,Human Evolution,Demonic-Males,Intermediate,planned,md/11-Science-Nature-and-the-Universe/02-BIOLOGY-LIFE-SCIENCES/Demonic-Males.md,nonfiction,summary,detailed,Foundation,,
1741,1741,P0,The Double Helix: A Personal Account of the Discovery of the Structure of DNA,James D. Watson,1968,2001,1968,"11-Science, Nature & the Universe","Science, Nature & the Universe",02-BIOLOGY-LIFE-SCIENCES,Genetics & Molecular Biology,DNA & Genetics,The-Double-Helix-Watson,Intermediate,planned,md/11-Science-Nature-and-the-Universe/02-BIOLOGY-LIFE-SCIENCES/The-Double-Helix-Watson.md,nonfiction,summary,detailed,Foundation,,
1742,1742,P0,The Language of God: A Scientist Presents Evidence for Belief,Francis S. Collins,2006,2007,2006,"11-Science, Nature & the Universe","Science, Nature & the Universe",02-BIOLOGY-LIFE-SCIENCES,Genetics & Molecular Biology,DNA & Genetics,The-Language-of-God-Collins,Intermediate,planned,md/11-Science-Nature-and-the-Universe/02-BIOLOGY-LIFE-SCIENCES/The-Language-of-God-Collins.md,nonfiction,summary,detailed,Foundation,,
1743,1743,P0,Genome: The Autobiography of a Species in 23 Chapters,Matt Ridley,1999,2006,1999,"11-Science, Nature & the Universe","Science, Nature & the Universe",02-BIOLOGY-LIFE-SCIENCES,Genetics & Molecular Biology,DNA & Genetics,Genome-Matt-Ridley,Intermediate,planned,md/11-Science-Nature-and-the-Universe/02-BIOLOGY-LIFE-SCIENCES/Genome-Matt-Ridley.md,nonfiction,summary,detailed,Foundation,,
1744,1744,P0,"Nature Via Nurture: Genes, Experience, and What Makes Us Human",Matt Ridley,2003,2004,2003,"11-Science, Nature & the Universe","Science, Nature & the Universe",02-BIOLOGY-LIFE-SCIENCES,Genetics & Molecular Biology,DNA & Genetics,Nature-Via-Nurture,Intermediate,planned,md/11-Science-Nature-and-the-Universe/02-BIOLOGY-LIFE-SCIENCES/Nature-Via-Nurture.md,nonfiction,summary,detailed,Foundation,,
1745,1745,P0,The Evolution of Everything: How New Ideas Emerge,Matt Ridley,2015,2016,2015,"11-Science, Nature & the Universe","Science, Nature & the Universe",02-BIOLOGY-LIFE-SCIENCES,Genetics & Molecular Biology,DNA & Genetics,The-Evolution-of-Everything-Ridley,Intermediate,planned,md/11-Science-Nature-and-the-Universe/02-BIOLOGY-LIFE-SCIENCES/The-Evolution-of-Everything-Ridley.md,nonfiction,summary,detailed,Foundation,,
1746,1746,P0,Molecular Biology of the Cell,Bruce Alberts; Rebecca Heald; Alexander Johnson,1983,2022,1983,"11-Science, Nature & the Universe","Science, Nature & the Universe",02-BIOLOGY-LIFE-SCIENCES,Genetics & Molecular Biology,Cellular Biology,Molecular-Biology-of-the-Cell,Intermediate,planned,md/11-Science-Nature-and-the-Universe/02-BIOLOGY-LIFE-SCIENCES/Molecular-Biology-of-the-Cell.md,nonfiction,summary,detailed,Foundation,,
1747,1747,P0,The Immortal Life of Henrietta Lacks,Rebecca Skloot,2010,2011,2010,"11-Science, Nature & the Universe","Science, Nature & the Universe",02-BIOLOGY-LIFE-SCIENCES,Genetics & Molecular Biology,Cellular Biology,The-Immortal-Life-of-Henrietta-Lacks,Intermediate,planned,md/11-Science-Nature-and-the-Universe/02-BIOLOGY-LIFE-SCIENCES/The-Immortal-Life-of-Henrietta-Lacks.md,nonfiction,summary,detailed,Foundation,,
1748,1748,P0,Life at the Speed of Light: From the Double Helix to the Dawn of Digital Life,J. Craig Venter,2013,2014,2013,"11-Science, Nature & the Universe","Science, Nature & the Universe",02-BIOLOGY-LIFE-SCIENCES,Genetics & Molecular Biology,Cellular Biology,Life-at-the-Speed-of-Light,Intermediate,planned,md/11-Science-Nature-and-the-Universe/02-BIOLOGY-LIFE-SCIENCES/Life-at-the-Speed-of-Light.md,nonfiction,summary,detailed,Foundation,,
1749,1749,P1,A Life Decoded: My Genome: My Life,J. Craig Venter,2007,2008,2007,"11-Science, Nature & the Universe","Science, Nature & the Universe",02-BIOLOGY-LIFE-SCIENCES,Genetics & Molecular Biology,Cellular Biology,A-Life-Decoded-Venter,Intermediate,planned,md/11-Science-Nature-and-the-Universe/02-BIOLOGY-LIFE-SCIENCES/A-Life-Decoded-Venter.md,nonfiction,summary,detailed,Foundation,,
1750,1750,P0,What is Life?: With Mind and Matter and Autobiographical Sketches,Erwin Schrödinger,1944,2012,1944,"11-Science, Nature & the Universe","Science, Nature & the Universe",02-BIOLOGY-LIFE-SCIENCES,Genetics & Molecular Biology,Cellular Biology,What-is-Life-Schrodinger,Intermediate,planned,md/11-Science-Nature-and-the-Universe/02-BIOLOGY-LIFE-SCIENCES/What-is-Life-Schrodinger.md,nonfiction,summary,detailed,Foundation,,
1751,1751,P0,"The Epigenetics Revolution: How Modern Biology Is Rewriting Our Understanding of Genetics, Disease, and Inheritance",Nessa Carey,2011,2013,2011,"11-Science, Nature & the Universe","Science, Nature & the Universe",02-BIOLOGY-LIFE-SCIENCES,Genetics & Molecular Biology,Epigenetics,The-Epigenetics-Revolution,Intermediate,planned,md/11-Science-Nature-and-the-Universe/02-BIOLOGY-LIFE-SCIENCES/The-Epigenetics-Revolution.md,nonfiction,summary,detailed,Foundation,,
1752,1752,P1,Junk DNA: A Journey Through the Dark Matter of the Genome,Nessa Carey,2015,2015,2015,"11-Science, Nature & the Universe","Science, Nature & the Universe",02-BIOLOGY-LIFE-SCIENCES,Genetics & Molecular Biology,Epigenetics,Junk-DNA-Carey,Intermediate,planned,md/11-Science-Nature-and-the-Universe/02-BIOLOGY-LIFE-SCIENCES/Junk-DNA-Carey.md,nonfiction,summary,detailed,Foundation,,
1753,1753,P1,Hacking the Code of Life: How Gene Editing Will Rewrite Our Futures,Nessa Carey,2019,2019,2019,"11-Science, Nature & the Universe","Science, Nature & the Universe",02-BIOLOGY-LIFE-SCIENCES,Genetics & Molecular Biology,Epigenetics,Hacking-the-Code-of-Life,Intermediate,planned,md/11-Science-Nature-and-the-Universe/02-BIOLOGY-LIFE-SCIENCES/Hacking-the-Code-of-Life.md,nonfiction,summary,detailed,Foundation,,
1754,1754,P1,The Developing Genome: An Introduction to Behavioral Epigenetics,David S. Moore,2015,2015,2015,"11-Science, Nature & the Universe","Science, Nature & the Universe",02-BIOLOGY-LIFE-SCIENCES,Genetics & Molecular Biology,Epigenetics,The-Developing-Genome,Intermediate,planned,md/11-Science-Nature-and-the-Universe/02-BIOLOGY-LIFE-SCIENCES/The-Developing-Genome.md,nonfiction,summary,detailed,Foundation,,
1755,1755,P1,Epigenetics: How Environment Shapes Our Genes,Richard C. Francis,2011,2012,2011,"11-Science, Nature & the Universe","Science, Nature & the Universe",02-BIOLOGY-LIFE-SCIENCES,Genetics & Molecular Biology,Epigenetics,Epigenetics-Francis,Intermediate,planned,md/11-Science-Nature-and-the-Universe/02-BIOLOGY-LIFE-SCIENCES/Epigenetics-Francis.md,nonfiction,summary,detailed,Foundation,,
1756,1756,P0,The Diversity of Life,Edward O. Wilson,1992,1999,1992,"11-Science, Nature & the Universe","Science, Nature & the Universe",02-BIOLOGY-LIFE-SCIENCES,Ecology & Animal Behavior,Ecosystems,The-Diversity-of-Life-Wilson,Intermediate,planned,md/11-Science-Nature-and-the-Universe/02-BIOLOGY-LIFE-SCIENCES/The-Diversity-of-Life-Wilson.md,nonfiction,summary,detailed,Foundation,,
1757,1757,P0,Half-Earth: Our Planet's Fight for Life,Edward O. Wilson,2016,2017,2016,"11-Science, Nature & the Universe","Science, Nature & the Universe",02-BIOLOGY-LIFE-SCIENCES,Ecology & Animal Behavior,Ecosystems,Half-Earth-Wilson,Intermediate,planned,md/11-Science-Nature-and-the-Universe/02-BIOLOGY-LIFE-SCIENCES/Half-Earth-Wilson.md,nonfiction,summary,detailed,Foundation,,
1758,1758,P0,The Social Conquest of Earth,Edward O. Wilson,2012,2013,2012,"11-Science, Nature & the Universe","Science, Nature & the Universe",02-BIOLOGY-LIFE-SCIENCES,Ecology & Animal Behavior,Ecosystems,The-Social-Conquest-of-Earth,Intermediate,planned,md/11-Science-Nature-and-the-Universe/02-BIOLOGY-LIFE-SCIENCES/The-Social-Conquest-of-Earth.md,nonfiction,summary,detailed,Foundation,,
1759,1759,P0,Consilience: The Unity of Knowledge,Edward O. Wilson,1998,1999,1998,"11-Science, Nature & the Universe","Science, Nature & the Universe",02-BIOLOGY-LIFE-SCIENCES,Ecology & Animal Behavior,Ecosystems,Consilience-Wilson,Intermediate,planned,md/11-Science-Nature-and-the-Universe/02-BIOLOGY-LIFE-SCIENCES/Consilience-Wilson.md,nonfiction,summary,detailed,Foundation,,
1760,1760,P0,The Serengeti Rules: The Quest to Discover How Life Works and Why It Matters,Sean B. Carroll,2016,2017,2016,"11-Science, Nature & the Universe","Science, Nature & the Universe",02-BIOLOGY-LIFE-SCIENCES,Ecology & Animal Behavior,Ecosystems,The-Serengeti-Rules,Intermediate,planned,md/11-Science-Nature-and-the-Universe/02-BIOLOGY-LIFE-SCIENCES/The-Serengeti-Rules.md,nonfiction,summary,detailed,Foundation,,
1761,1761,P0,"Other Minds: The Octopus, the Sea, and the Deep Origins of Consciousness",Peter Godfrey-Smith,2016,2017,2016,"11-Science, Nature & the Universe","Science, Nature & the Universe",02-BIOLOGY-LIFE-SCIENCES,Ecology & Animal Behavior,Animal Intelligence,Other-Minds-Godfrey-Smith,Intermediate,planned,md/11-Science-Nature-and-the-Universe/02-BIOLOGY-LIFE-SCIENCES/Other-Minds-Godfrey-Smith.md,nonfiction,summary,detailed,Foundation,,
1762,1762,P0,Metazoa: Animal Life and the Birth of the Mind,Peter Godfrey-Smith,2020,2021,2020,"11-Science, Nature & the Universe","Science, Nature & the Universe",02-BIOLOGY-LIFE-SCIENCES,Ecology & Animal Behavior,Animal Intelligence,Metazoa-Godfrey-Smith,Intermediate,planned,md/11-Science-Nature-and-the-Universe/02-BIOLOGY-LIFE-SCIENCES/Metazoa-Godfrey-Smith.md,nonfiction,summary,detailed,Foundation,,
1763,1763,P0,Are We Smart Enough to Know How Smart Animals Are?,Frans de Waal,2016,2017,2016,"11-Science, Nature & the Universe","Science, Nature & the Universe",02-BIOLOGY-LIFE-SCIENCES,Ecology & Animal Behavior,Animal Intelligence,Are-We-Smart-Enough-to-Know-How-Smart-Animals-Are,Intermediate,planned,md/11-Science-Nature-and-the-Universe/02-BIOLOGY-LIFE-SCIENCES/Are-We-Smart-Enough-to-Know-How-Smart-Animals-Are.md,nonfiction,summary,detailed,Foundation,,
1764,1764,P0,Mama's Last Hug: Animal Emotions and What They Tell Us about Ourselves,Frans de Waal,2019,2020,2019,"11-Science, Nature & the Universe","Science, Nature & the Universe",02-BIOLOGY-LIFE-SCIENCES,Ecology & Animal Behavior,Animal Intelligence,Mamas-Last-Hug,Intermediate,planned,md/11-Science-Nature-and-the-Universe/02-BIOLOGY-LIFE-SCIENCES/Mamas-Last-Hug.md,nonfiction,summary,detailed,Foundation,,
1765,1765,P0,Chimpanzee Politics: Power and Sex among Apes,Frans de Waal,1982,2007,1982,"11-Science, Nature & the Universe","Science, Nature & the Universe",02-BIOLOGY-LIFE-SCIENCES,Ecology & Animal Behavior,Animal Intelligence,Chimpanzee-Politics,Intermediate,planned,md/11-Science-Nature-and-the-Universe/02-BIOLOGY-LIFE-SCIENCES/Chimpanzee-Politics.md,nonfiction,summary,detailed,Foundation,,
1766,1766,P0,"The Hidden Life of Trees: What They Feel, How They Communicate",Peter Wohlleben,2015,2016,2015,"11-Science, Nature & the Universe","Science, Nature & the Universe",02-BIOLOGY-LIFE-SCIENCES,Ecology & Animal Behavior,Plant Science,The-Hidden-Life-of-Trees,Intermediate,planned,md/11-Science-Nature-and-the-Universe/02-BIOLOGY-LIFE-SCIENCES/The-Hidden-Life-of-Trees.md,nonfiction,summary,detailed,Foundation,,
1767,1767,P0,"Braiding Sweetgrass: Indigenous Wisdom, Scientific Knowledge and the Teachings of Plants",Robin Wall Kimmerer,2013,2020,2013,"11-Science, Nature & the Universe","Science, Nature & the Universe",02-BIOLOGY-LIFE-SCIENCES,Ecology & Animal Behavior,Plant Science,Braiding-Sweetgrass,Intermediate,planned,md/11-Science-Nature-and-the-Universe/02-BIOLOGY-LIFE-SCIENCES/Braiding-Sweetgrass.md,nonfiction,summary,detailed,Foundation,,
1768,1768,P0,"Entangled Life: How Fungi Make Our Worlds, Change Our Minds & Shape Our Futures",Merlin Sheldrake,2020,2021,2020,"11-Science, Nature & the Universe","Science, Nature & the Universe",02-BIOLOGY-LIFE-SCIENCES,Ecology & Animal Behavior,Plant Science,Entangled-Life,Intermediate,planned,md/11-Science-Nature-and-the-Universe/02-BIOLOGY-LIFE-SCIENCES/Entangled-Life.md,nonfiction,summary,detailed,Foundation,,
1769,1769,P1,The Revolutionary Genius of Plants: A New Understanding of Plant Intelligence and Behavior,Stefano Mancuso,2017,2018,2017,"11-Science, Nature & the Universe","Science, Nature & the Universe",02-BIOLOGY-LIFE-SCIENCES,Ecology & Animal Behavior,Plant Science,The-Revolutionary-Genius-of-Plants,Intermediate,planned,md/11-Science-Nature-and-the-Universe/02-BIOLOGY-LIFE-SCIENCES/The-Revolutionary-Genius-of-Plants.md,nonfiction,summary,detailed,Foundation,,
1770,1770,P1,Brilliant Green: The Surprising History and Science of Plant Intelligence,Stefano Mancuso; Alessandra Viola,2013,2015,2013,"11-Science, Nature & the Universe","Science, Nature & the Universe",02-BIOLOGY-LIFE-SCIENCES,Ecology & Animal Behavior,Plant Science,Brilliant-Green,Intermediate,planned,md/11-Science-Nature-and-the-Universe/02-BIOLOGY-LIFE-SCIENCES/Brilliant-Green.md,nonfiction,summary,detailed,Foundation,,
1771,1771,P0,Annals of the Former World,John McPhee,1998,2000,1998,"11-Science, Nature & the Universe","Science, Nature & the Universe",03-EARTH-ENVIRONMENTAL-SCIENCE,Earth Systems,Geology & Earth History,Annals-of-the-Former-World,Intermediate,planned,md/11-Science-Nature-and-the-Universe/03-EARTH-ENVIRONMENTAL-SCIENCE/Annals-of-the-Former-World.md,nonfiction,summary,detailed,Foundation,,
1772,1772,P0,The Control of Nature,John McPhee,1989,1990,1989,"11-Science, Nature & the Universe","Science, Nature & the Universe",03-EARTH-ENVIRONMENTAL-SCIENCE,Earth Systems,Geology & Earth History,The-Control-of-Nature,Intermediate,planned,md/11-Science-Nature-and-the-Universe/03-EARTH-ENVIRONMENTAL-SCIENCE/The-Control-of-Nature.md,nonfiction,summary,detailed,Foundation,,
1773,1773,P0,Origins: How Earth's History Shaped Human History,Lewis Dartnell,2019,2020,2019,"11-Science, Nature & the Universe","Science, Nature & the Universe",03-EARTH-ENVIRONMENTAL-SCIENCE,Earth Systems,Geology & Earth History,Origins-Lewis-Dartnell,Intermediate,planned,md/11-Science-Nature-and-the-Universe/03-EARTH-ENVIRONMENTAL-SCIENCE/Origins-Lewis-Dartnell.md,nonfiction,summary,detailed,Foundation,,
1774,1774,P1,The Planet in a Pebble: A Journey into Earth's Deep History,Jan Zalasiewicz,2010,2012,2010,"11-Science, Nature & the Universe","Science, Nature & the Universe",03-EARTH-ENVIRONMENTAL-SCIENCE,Earth Systems,Geology & Earth History,The-Planet-in-a-Pebble,Intermediate,planned,md/11-Science-Nature-and-the-Universe/03-EARTH-ENVIRONMENTAL-SCIENCE/The-Planet-in-a-Pebble.md,nonfiction,summary,detailed,Foundation,,
1775,1775,P0,"The Story of Earth: The First 4.5 Billion Years, from Stardust to Living Planet",Robert M. Hazen,2012,2013,2012,"11-Science, Nature & the Universe","Science, Nature & the Universe",03-EARTH-ENVIRONMENTAL-SCIENCE,Earth Systems,Geology & Earth History,The-Story-of-Earth-Hazen,Intermediate,planned,md/11-Science-Nature-and-the-Universe/03-EARTH-ENVIRONMENTAL-SCIENCE/The-Story-of-Earth-Hazen.md,nonfiction,summary,detailed,Foundation,,
1776,1776,P0,The Sea Around Us,Rachel Carson,1951,2018,1951,"11-Science, Nature & the Universe","Science, Nature & the Universe",03-EARTH-ENVIRONMENTAL-SCIENCE,Earth Systems,Oceanography,The-Sea-Around-Us-Carson,Intermediate,planned,md/11-Science-Nature-and-the-Universe/03-EARTH-ENVIRONMENTAL-SCIENCE/The-Sea-Around-Us-Carson.md,nonfiction,summary,detailed,Foundation,,
1777,1777,P1,Under the Sea Wind,Rachel Carson,1941,2007,1941,"11-Science, Nature & the Universe","Science, Nature & the Universe",03-EARTH-ENVIRONMENTAL-SCIENCE,Earth Systems,Oceanography,Under-the-Sea-Wind,Intermediate,planned,md/11-Science-Nature-and-the-Universe/03-EARTH-ENVIRONMENTAL-SCIENCE/Under-the-Sea-Wind.md,nonfiction,summary,detailed,Foundation,,
1778,1778,P1,The Edge of the Sea,Rachel Carson,1955,1998,1955,"11-Science, Nature & the Universe","Science, Nature & the Universe",03-EARTH-ENVIRONMENTAL-SCIENCE,Earth Systems,Oceanography,The-Edge-of-the-Sea,Intermediate,planned,md/11-Science-Nature-and-the-Universe/03-EARTH-ENVIRONMENTAL-SCIENCE/The-Edge-of-the-Sea.md,nonfiction,summary,detailed,Foundation,,
1779,1779,P0,"The Brilliant Abyss: True Tales of Exploring the Deep Sea, Discovering Hidden Life and the High Stakes of Save It",Helen Scales,2021,2022,2021,"11-Science, Nature & the Universe","Science, Nature & the Universe",03-EARTH-ENVIRONMENTAL-SCIENCE,Earth Systems,Oceanography,The-Brilliant-Abyss-Scales,Intermediate,planned,md/11-Science-Nature-and-the-Universe/03-EARTH-ENVIRONMENTAL-SCIENCE/The-Brilliant-Abyss-Scales.md,nonfiction,summary,detailed,Foundation,,
1780,1780,P1,"Eye of the Shoal: A Fishwatcher's Guide to Life, the Ocean and Everything",Helen Scales,2018,2019,2018,"11-Science, Nature & the Universe","Science, Nature & the Universe",03-EARTH-ENVIRONMENTAL-SCIENCE,Earth Systems,Oceanography,Eye-of-the-Shoal,Intermediate,planned,md/11-Science-Nature-and-the-Universe/03-EARTH-ENVIRONMENTAL-SCIENCE/Eye-of-the-Shoal.md,nonfiction,summary,detailed,Foundation,,
1781,1781,P1,"The Cloudspotter's Guide: The Science, History, and Culture of the Clouds",Gavin Pretor-Pinney,2006,2007,2006,"11-Science, Nature & the Universe","Science, Nature & the Universe",03-EARTH-ENVIRONMENTAL-SCIENCE,Earth Systems,Atmospheric Science,The-Cloudspotters-Guide,Intermediate,planned,md/11-Science-Nature-and-the-Universe/03-EARTH-ENVIRONMENTAL-SCIENCE/The-Cloudspotters-Guide.md,nonfiction,summary,detailed,Foundation,,
1782,1782,P1,An Ocean of Air: Why the Wind Blows and Other Mysteries of the Atmosphere,Gabrielle Walker,2007,2008,2007,"11-Science, Nature & the Universe","Science, Nature & the Universe",03-EARTH-ENVIRONMENTAL-SCIENCE,Earth Systems,Atmospheric Science,An-Ocean-of-Air,Intermediate,planned,md/11-Science-Nature-and-the-Universe/03-EARTH-ENVIRONMENTAL-SCIENCE/An-Ocean-of-Air.md,nonfiction,summary,detailed,Foundation,,
1783,1783,P2,The Atmosphere: An Introduction to Meteorology,Frederick K. Lutgens; Edward J. Tarbuck,1979,2018,1979,"11-Science, Nature & the Universe","Science, Nature & the Universe",03-EARTH-ENVIRONMENTAL-SCIENCE,Earth Systems,Atmospheric Science,The-Atmosphere-Lutgens,Intermediate,planned,md/11-Science-Nature-and-the-Universe/03-EARTH-ENVIRONMENTAL-SCIENCE/The-Atmosphere-Lutgens.md,nonfiction,summary,detailed,Foundation,,
1784,1784,P2,Severe Storms: A Guide to the Science and Secrets of Extreme Weather,Michael Allaby,2009,2009,2009,"11-Science, Nature & the Universe","Science, Nature & the Universe",03-EARTH-ENVIRONMENTAL-SCIENCE,Earth Systems,Atmospheric Science,Severe-Storms-Allaby,Intermediate,planned,md/11-Science-Nature-and-the-Universe/03-EARTH-ENVIRONMENTAL-SCIENCE/Severe-Storms-Allaby.md,nonfiction,summary,detailed,Foundation,,
1785,1785,P0,The Weather Machine: A Journey Inside the Forecast,Andrew Blum,2019,2020,2019,"11-Science, Nature & the Universe","Science, Nature & the Universe",03-EARTH-ENVIRONMENTAL-SCIENCE,Earth Systems,Atmospheric Science,The-Weather-Machine-Blum,Intermediate,planned,md/11-Science-Nature-and-the-Universe/03-EARTH-ENVIRONMENTAL-SCIENCE/The-Weather-Machine-Blum.md,nonfiction,summary,detailed,Foundation,,
1786,1786,P0,The Uninhabitable Earth: Life After Warming,David Wallace-Wells,2019,2020,2019,"11-Science, Nature & the Universe","Science, Nature & the Universe",03-EARTH-ENVIRONMENTAL-SCIENCE,Climate & Environment,Climate Science,The-Uninhabitable-Earth,Intermediate,planned,md/11-Science-Nature-and-the-Universe/03-EARTH-ENVIRONMENTAL-SCIENCE/The-Uninhabitable-Earth.md,nonfiction,summary,detailed,Foundation,,
1787,1787,P0,How to Avoid a Climate Disaster: The Solutions We Have and the Breakthroughs We Need,Bill Gates,2021,2021,2021,"11-Science, Nature & the Universe","Science, Nature & the Universe",03-EARTH-ENVIRONMENTAL-SCIENCE,Climate & Environment,Climate Science,How-to-Avoid-a-Climate-Disaster-Gates,Intermediate,planned,md/11-Science-Nature-and-the-Universe/03-EARTH-ENVIRONMENTAL-SCIENCE/How-to-Avoid-a-Climate-Disaster-Gates.md,nonfiction,summary,detailed,Foundation,,
1788,1788,P0,Under the White Sky: The Nature of the Future,Elizabeth Kolbert,2021,2022,2021,"11-Science, Nature & the Universe","Science, Nature & the Universe",03-EARTH-ENVIRONMENTAL-SCIENCE,Climate & Environment,Climate Science,Under-the-White-Sky-Kolbert,Intermediate,planned,md/11-Science-Nature-and-the-Universe/03-EARTH-ENVIRONMENTAL-SCIENCE/Under-the-White-Sky-Kolbert.md,nonfiction,summary,detailed,Foundation,,
1789,1789,P0,"Field Notes from a Catastrophe: Man, Nature, and Climate Change",Elizabeth Kolbert,2006,2015,2006,"11-Science, Nature & the Universe","Science, Nature & the Universe",03-EARTH-ENVIRONMENTAL-SCIENCE,Climate & Environment,Climate Science,Field-Notes-from-a-Catastrophe,Intermediate,planned,md/11-Science-Nature-and-the-Universe/03-EARTH-ENVIRONMENTAL-SCIENCE/Field-Notes-from-a-Catastrophe.md,nonfiction,summary,detailed,Foundation,,
1790,1790,P0,The Climate Book: The Facts and the Solutions,Greta Thunberg,2022,2023,2022,"11-Science, Nature & the Universe","Science, Nature & the Universe",03-EARTH-ENVIRONMENTAL-SCIENCE,Climate & Environment,Climate Science,The-Climate-Book-Thunberg,Intermediate,planned,md/11-Science-Nature-and-the-Universe/03-EARTH-ENVIRONMENTAL-SCIENCE/The-Climate-Book-Thunberg.md,nonfiction,summary,detailed,Foundation,,
1791,1791,P0,The Sixth Extinction: An Unnatural History,Elizabeth Kolbert,2014,2015,2014,"11-Science, Nature & the Universe","Science, Nature & the Universe",03-EARTH-ENVIRONMENTAL-SCIENCE,Climate & Environment,Conservation & Biodiversity,The-Sixth-Extinction,Intermediate,planned,md/11-Science-Nature-and-the-Universe/03-EARTH-ENVIRONMENTAL-SCIENCE/The-Sixth-Extinction.md,nonfiction,summary,detailed,Foundation,,
1792,1792,P0,Silent Spring,Rachel Carson,1962,2002,1962,"11-Science, Nature & the Universe","Science, Nature & the Universe",03-EARTH-ENVIRONMENTAL-SCIENCE,Climate & Environment,Conservation & Biodiversity,Silent-Spring-Carson,Intermediate,planned,md/11-Science-Nature-and-the-Universe/03-EARTH-ENVIRONMENTAL-SCIENCE/Silent-Spring-Carson.md,nonfiction,summary,detailed,Foundation,,
1793,1793,P0,A Sand County Almanac and Sketches Here and There,Aldo Leopold,1949,2020,1949,"11-Science, Nature & the Universe","Science, Nature & the Universe",03-EARTH-ENVIRONMENTAL-SCIENCE,Climate & Environment,Conservation & Biodiversity,A-Sand-County-Almanac,Intermediate,planned,md/11-Science-Nature-and-the-Universe/03-EARTH-ENVIRONMENTAL-SCIENCE/A-Sand-County-Almanac.md,nonfiction,summary,detailed,Foundation,,
1794,1794,P0,"Feral: Rewilding the Land, the Sea, and Human Life",George Monbiot,2013,2014,2013,"11-Science, Nature & the Universe","Science, Nature & the Universe",03-EARTH-ENVIRONMENTAL-SCIENCE,Climate & Environment,Conservation & Biodiversity,Feral-Monbiot,Intermediate,planned,md/11-Science-Nature-and-the-Universe/03-EARTH-ENVIRONMENTAL-SCIENCE/Feral-Monbiot.md,nonfiction,summary,detailed,Foundation,,
1795,1795,P0,Regenesis: Feeding the World without Devouring the Planet,George Monbiot,2022,2022,2022,"11-Science, Nature & the Universe","Science, Nature & the Universe",03-EARTH-ENVIRONMENTAL-SCIENCE,Climate & Environment,Conservation & Biodiversity,Regenesis-Monbiot,Intermediate,planned,md/11-Science-Nature-and-the-Universe/03-EARTH-ENVIRONMENTAL-SCIENCE/Regenesis-Monbiot.md,nonfiction,summary,detailed,Foundation,,
1796,1796,P0,This Changes Everything: Capitalism vs. The Climate,Naomi Klein,2014,2015,2014,"11-Science, Nature & the Universe","Science, Nature & the Universe",03-EARTH-ENVIRONMENTAL-SCIENCE,Climate & Environment,Environmental Crisis,This-Changes-Everything-Klein,Intermediate,planned,md/11-Science-Nature-and-the-Universe/03-EARTH-ENVIRONMENTAL-SCIENCE/This-Changes-Everything-Klein.md,nonfiction,summary,detailed,Foundation,,
1797,1797,P1,On Fire: The (Burning) Case for a Green New Deal,Naomi Klein,2019,2020,2019,"11-Science, Nature & the Universe","Science, Nature & the Universe",03-EARTH-ENVIRONMENTAL-SCIENCE,Climate & Environment,Environmental Crisis,On-Fire-Klein,Intermediate,planned,md/11-Science-Nature-and-the-Universe/03-EARTH-ENVIRONMENTAL-SCIENCE/On-Fire-Klein.md,nonfiction,summary,detailed,Foundation,,
1798,1798,P0,Drawdown: The Most Comprehensive Plan Ever Proposed to Reverse Global Warming,Paul Hawken,2017,2017,2017,"11-Science, Nature & the Universe","Science, Nature & the Universe",03-EARTH-ENVIRONMENTAL-SCIENCE,Climate & Environment,Environmental Crisis,Drawdown-Hawken,Intermediate,planned,md/11-Science-Nature-and-the-Universe/03-EARTH-ENVIRONMENTAL-SCIENCE/Drawdown-Hawken.md,nonfiction,summary,detailed,Foundation,,
1799,1799,P1,Regeneration: Ending the Climate Crisis in One Generation,Paul Hawken,2021,2021,2021,"11-Science, Nature & the Universe","Science, Nature & the Universe",03-EARTH-ENVIRONMENTAL-SCIENCE,Climate & Environment,Environmental Crisis,Regeneration-Hawken,Intermediate,planned,md/11-Science-Nature-and-the-Universe/03-EARTH-ENVIRONMENTAL-SCIENCE/Regeneration-Hawken.md,nonfiction,summary,detailed,Foundation,,
1800,1800,P0,Speed & Scale: An Action Plan for Solving Our Climate Crisis Now,John Doerr,2021,2021,2021,"11-Science, Nature & the Universe","Science, Nature & the Universe",03-EARTH-ENVIRONMENTAL-SCIENCE,Climate & Environment,Environmental Crisis,Speed-and-Scale-Doerr,Intermediate,planned,md/11-Science-Nature-and-the-Universe/03-EARTH-ENVIRONMENTAL-SCIENCE/Speed-and-Scale-Doerr.md,nonfiction,summary,detailed,Foundation,,
1801,1801,P0,The Brain: The Story of You,David Eagleman,2015,2017,2015,"11-Science, Nature & the Universe","Science, Nature & the Universe",04-NEUROSCIENCE-MIND,Brain & Mind,Brain Architecture,The-Brain-The-Story-of-You,Intermediate,planned,md/11-Science-Nature-and-the-Universe/04-NEUROSCIENCE-MIND/The-Brain-The-Story-of-You.md,nonfiction,summary,detailed,Foundation,,
1802,1802,P0,Incognito: The Secret Lives of the Brain,David Eagleman,2011,2012,2011,"11-Science, Nature & the Universe","Science, Nature & the Universe",04-NEUROSCIENCE-MIND,Brain & Mind,Brain Architecture,Incognito-Eagleman,Intermediate,planned,md/11-Science-Nature-and-the-Universe/04-NEUROSCIENCE-MIND/Incognito-Eagleman.md,nonfiction,summary,detailed,Foundation,,
1803,1803,P0,Livewired: The Inside Story of the Ever-Changing Brain,David Eagleman,2020,2020,2020,"11-Science, Nature & the Universe","Science, Nature & the Universe",04-NEUROSCIENCE-MIND,Brain & Mind,Brain Architecture,Livewired-Eagleman,Intermediate,planned,md/11-Science-Nature-and-the-Universe/04-NEUROSCIENCE-MIND/Livewired-Eagleman.md,nonfiction,summary,detailed,Foundation,,
1804,1804,P0,The Master and His Emissary: The Divided Brain and the Making of the Western World,Iain McGilchrist,2009,2019,2009,"11-Science, Nature & the Universe","Science, Nature & the Universe",04-NEUROSCIENCE-MIND,Brain & Mind,Brain Architecture,The-Master-and-His-Emissary,Intermediate,planned,md/11-Science-Nature-and-the-Universe/04-NEUROSCIENCE-MIND/The-Master-and-His-Emissary.md,nonfiction,summary,detailed,Foundation,,
1805,1805,P0,"The Matter With Things: Our Brains, Our Delusions and the Unmaking of the World",Iain McGilchrist,2021,2021,2021,"11-Science, Nature & the Universe","Science, Nature & the Universe",04-NEUROSCIENCE-MIND,Brain & Mind,Brain Architecture,The-Matter-With-Things,Intermediate,planned,md/11-Science-Nature-and-the-Universe/04-NEUROSCIENCE-MIND/The-Matter-With-Things.md,nonfiction,summary,detailed,Foundation,,
1806,1806,P0,Sweet Dreams: Philosophical Obstacles to a Science of Consciousness,Daniel C. Dennett,2005,2006,2005,"11-Science, Nature & the Universe","Science, Nature & the Universe",04-NEUROSCIENCE-MIND,Brain & Mind,Consciousness,Sweet-Dreams-Dennett,Intermediate,planned,md/11-Science-Nature-and-the-Universe/04-NEUROSCIENCE-MIND/Sweet-Dreams-Dennett.md,nonfiction,summary,detailed,Foundation,,
1807,1807,P0,From Bacteria to Bach and Back: The Evolution of Minds,Daniel C. Dennett,2017,2018,2017,"11-Science, Nature & the Universe","Science, Nature & the Universe",04-NEUROSCIENCE-MIND,Brain & Mind,Consciousness,From-Bacteria-to-Bach-and-Back,Intermediate,planned,md/11-Science-Nature-and-the-Universe/04-NEUROSCIENCE-MIND/From-Bacteria-to-Bach-and-Back.md,nonfiction,summary,detailed,Foundation,,
1808,1808,P0,The Character of Consciousness,David J. Chalmers,2010,2010,2010,"11-Science, Nature & the Universe","Science, Nature & the Universe",04-NEUROSCIENCE-MIND,Brain & Mind,Consciousness,The-Character-of-Consciousness-Chalmers,Intermediate,planned,md/11-Science-Nature-and-the-Universe/04-NEUROSCIENCE-MIND/The-Character-of-Consciousness-Chalmers.md,nonfiction,summary,detailed,Foundation,,
1809,1809,P0,Reality+: Virtual Worlds and the Problems of Philosophy,David J. Chalmers,2022,2022,2022,"11-Science, Nature & the Universe","Science, Nature & the Universe",04-NEUROSCIENCE-MIND,Brain & Mind,Consciousness,Reality-Plus-Chalmers,Intermediate,planned,md/11-Science-Nature-and-the-Universe/04-NEUROSCIENCE-MIND/Reality-Plus-Chalmers.md,nonfiction,summary,detailed,Foundation,,
1810,1810,P0,Rethinking Consciousness: A Scientific Theory of Subjective Experience,Michael S. A. Graziano,2019,2019,2019,"11-Science, Nature & the Universe","Science, Nature & the Universe",04-NEUROSCIENCE-MIND,Brain & Mind,Consciousness,Rethinking-Consciousness-Graziano,Intermediate,planned,md/11-Science-Nature-and-the-Universe/04-NEUROSCIENCE-MIND/Rethinking-Consciousness-Graziano.md,nonfiction,summary,detailed,Foundation,,
1811,1811,P0,An Immense World: How Animal Senses Reveal the Hidden Realms Around Us,Ed Yong,2022,2022,2022,"11-Science, Nature & the Universe","Science, Nature & the Universe",04-NEUROSCIENCE-MIND,Brain & Mind,Perception & Senses,An-Immense-World-Ed-Yong,Intermediate,planned,md/11-Science-Nature-and-the-Universe/04-NEUROSCIENCE-MIND/An-Immense-World-Ed-Yong.md,nonfiction,summary,detailed,Foundation,,
1812,1812,P0,I Contain Multitudes: The Microbes Within Us and a Grander View of Life,Ed Yong,2016,2018,2016,"11-Science, Nature & the Universe","Science, Nature & the Universe",04-NEUROSCIENCE-MIND,Brain & Mind,Perception & Senses,I-Contain-Multitudes-Ed-Yong,Intermediate,planned,md/11-Science-Nature-and-the-Universe/04-NEUROSCIENCE-MIND/I-Contain-Multitudes-Ed-Yong.md,nonfiction,summary,detailed,Foundation,,
1813,1813,P0,Visual Intelligence: How We Create What We See,Donald D. Hoffman,1998,2000,1998,"11-Science, Nature & the Universe","Science, Nature & the Universe",04-NEUROSCIENCE-MIND,Brain & Mind,Perception & Senses,Visual-Intelligence-Hoffman,Intermediate,planned,md/11-Science-Nature-and-the-Universe/04-NEUROSCIENCE-MIND/Visual-Intelligence-Hoffman.md,nonfiction,summary,detailed,Foundation,,
1814,1814,P1,Deviate: The Science of Seeing Differently,Beau Lotto,2017,2018,2017,"11-Science, Nature & the Universe","Science, Nature & the Universe",04-NEUROSCIENCE-MIND,Brain & Mind,Perception & Senses,Deviate-Beau-Lotto,Intermediate,planned,md/11-Science-Nature-and-the-Universe/04-NEUROSCIENCE-MIND/Deviate-Beau-Lotto.md,nonfiction,summary,detailed,Foundation,,
1815,1815,P0,Hallucinations,Oliver Sacks,2012,2013,2012,"11-Science, Nature & the Universe","Science, Nature & the Universe",04-NEUROSCIENCE-MIND,Brain & Mind,Perception & Senses,Hallucinations-Sacks,Intermediate,planned,md/11-Science-Nature-and-the-Universe/04-NEUROSCIENCE-MIND/Hallucinations-Sacks.md,nonfiction,summary,detailed,Foundation,,
1816,1816,P0,Determined: A Science of Life without Free Will,Robert M. Sapolsky,2023,2023,2023,"11-Science, Nature & the Universe","Science, Nature & the Universe",04-NEUROSCIENCE-MIND,Neurobiology,Neurochemistry,Determined-Sapolsky,Intermediate,planned,md/11-Science-Nature-and-the-Universe/04-NEUROSCIENCE-MIND/Determined-Sapolsky.md,nonfiction,summary,detailed,Foundation,,
1817,1817,P0,"The Compass of Pleasure: How Our Brains Make Fatty Foods, Orgasm, Exercise, Marijuana, Generosity, and Vodka Feel So Good",David J. Linden,2011,2012,2011,"11-Science, Nature & the Universe","Science, Nature & the Universe",04-NEUROSCIENCE-MIND,Neurobiology,Neurochemistry,The-Compass-of-Pleasure-Linden,Intermediate,planned,md/11-Science-Nature-and-the-Universe/04-NEUROSCIENCE-MIND/The-Compass-of-Pleasure-Linden.md,nonfiction,summary,detailed,Foundation,,
1818,1818,P0,Never Enough: The Neuroscience and Experience of Addiction,Judith Grisel,2019,2020,2019,"11-Science, Nature & the Universe","Science, Nature & the Universe",04-NEUROSCIENCE-MIND,Neurobiology,Neurochemistry,Never-Enough-Grisel,Intermediate,planned,md/11-Science-Nature-and-the-Universe/04-NEUROSCIENCE-MIND/Never-Enough-Grisel.md,nonfiction,summary,detailed,Foundation,,
1819,1819,P1,This Is Your Brain on Parasites: How Tiny Creatures Manipulate Our Behavior and Shape Society,Kathleen McAuliffe,2016,2017,2016,"11-Science, Nature & the Universe","Science, Nature & the Universe",04-NEUROSCIENCE-MIND,Neurobiology,Neurochemistry,This-Is-Your-Brain-on-Parasites,Intermediate,planned,md/11-Science-Nature-and-the-Universe/04-NEUROSCIENCE-MIND/This-Is-Your-Brain-on-Parasites.md,nonfiction,summary,detailed,Foundation,,
1820,1820,P1,Molecules of Emotion: The Science Behind Mind-Body Medicine,Candace B. Pert,1997,1999,1997,"11-Science, Nature & the Universe","Science, Nature & the Universe",04-NEUROSCIENCE-MIND,Neurobiology,Neurochemistry,Molecules-of-Emotion-Pert,Intermediate,planned,md/11-Science-Nature-and-the-Universe/04-NEUROSCIENCE-MIND/Molecules-of-Emotion-Pert.md,nonfiction,summary,detailed,Foundation,,
1821,1821,P0,The Brain That Changes Itself: Stories of Personal Triumph from the Frontiers of Brain Science,Norman Doidge,2007,2007,2007,"11-Science, Nature & the Universe","Science, Nature & the Universe",04-NEUROSCIENCE-MIND,Neurobiology,Brain Development,The-Brain-That-Changes-Itself-Doidge,Intermediate,planned,md/11-Science-Nature-and-the-Universe/04-NEUROSCIENCE-MIND/The-Brain-That-Changes-Itself-Doidge.md,nonfiction,summary,detailed,Foundation,,
1822,1822,P0,The Brain's Way of Healing: Remarkable Discoveries and Recoveries from the Frontiers of Neuroplasticity,Norman Doidge,2015,2016,2015,"11-Science, Nature & the Universe","Science, Nature & the Universe",04-NEUROSCIENCE-MIND,Neurobiology,Brain Development,The-Brains-Way-of-Healing-Doidge,Intermediate,planned,md/11-Science-Nature-and-the-Universe/04-NEUROSCIENCE-MIND/The-Brains-Way-of-Healing-Doidge.md,nonfiction,summary,detailed,Foundation,,
1823,1823,P1,Soft-Wired: How the New Science of Brain Plasticity Can Change Your Life,Michael Merzenich,2013,2013,2013,"11-Science, Nature & the Universe","Science, Nature & the Universe",04-NEUROSCIENCE-MIND,Neurobiology,Brain Development,Soft-Wired-Merzenich,Intermediate,planned,md/11-Science-Nature-and-the-Universe/04-NEUROSCIENCE-MIND/Soft-Wired-Merzenich.md,nonfiction,summary,detailed,Foundation,,
1824,1824,P0,The Teenage Brain: A Neuroscientist's Survival Guide to Raising Adolescents and Young Adults,Frances E. Jensen; Amy Ellis Nutt,2015,2016,2015,"11-Science, Nature & the Universe","Science, Nature & the Universe",04-NEUROSCIENCE-MIND,Neurobiology,Brain Development,The-Teenage-Brain,Intermediate,planned,md/11-Science-Nature-and-the-Universe/04-NEUROSCIENCE-MIND/The-Teenage-Brain.md,nonfiction,summary,detailed,Foundation,,
1825,1825,P1,Inventing Ourselves: The Secret Life of the Teenage Brain,Sarah-Jayne Blakemore,2018,2019,2018,"11-Science, Nature & the Universe","Science, Nature & the Universe",04-NEUROSCIENCE-MIND,Neurobiology,Brain Development,Inventing-Ourselves-Blakemore,Intermediate,planned,md/11-Science-Nature-and-the-Universe/04-NEUROSCIENCE-MIND/Inventing-Ourselves-Blakemore.md,nonfiction,summary,detailed,Foundation,,
1826,1826,P0,"The Mind-Gut Connection: How the Hidden Conversation Within Our Bodies Impacts Our Mood, Our Choices, and Our Overall Health",Emeran Mayer,2016,2018,2016,"11-Science, Nature & the Universe","Science, Nature & the Universe",04-NEUROSCIENCE-MIND,Neurobiology,Mind-Body Connection,The-Mind-Gut-Connection,Intermediate,planned,md/11-Science-Nature-and-the-Universe/04-NEUROSCIENCE-MIND/The-Mind-Gut-Connection.md,nonfiction,summary,detailed,Foundation,,
1827,1827,P1,Brain Maker: The Power of Gut Microbes to Heal and Protect Your Brain - for Life,David Perlmutter; Kristin Loberg,2015,2015,2015,"11-Science, Nature & the Universe","Science, Nature & the Universe",04-NEUROSCIENCE-MIND,Neurobiology,Mind-Body Connection,Brain-Maker-Perlmutter,Intermediate,planned,md/11-Science-Nature-and-the-Universe/04-NEUROSCIENCE-MIND/Brain-Maker-Perlmutter.md,nonfiction,summary,detailed,Foundation,,
1828,1828,P1,"The Psychobiotic Revolution: Mood, Food, and the New Science of the Gut-Brain Connection",Scott C. Anderson; John F. Cryan; Ted Dinan,2017,2017,2017,"11-Science, Nature & the Universe","Science, Nature & the Universe",04-NEUROSCIENCE-MIND,Neurobiology,Mind-Body Connection,The-Psychobiotic-Revolution,Intermediate,planned,md/11-Science-Nature-and-the-Universe/04-NEUROSCIENCE-MIND/The-Psychobiotic-Revolution.md,nonfiction,summary,detailed,Foundation,,
1829,1829,P0,Cure: A Journey into the Science of Mind Over Body,Jo Marchant,2016,2017,2016,"11-Science, Nature & the Universe","Science, Nature & the Universe",04-NEUROSCIENCE-MIND,Neurobiology,Mind-Body Connection,Cure-Jo-Marchant,Intermediate,planned,md/11-Science-Nature-and-the-Universe/04-NEUROSCIENCE-MIND/Cure-Jo-Marchant.md,nonfiction,summary,detailed,Foundation,,
1830,1830,P0,The Expectation Effect: How Your Mindset Can Transform Your Life,David Robson,2022,2022,2022,"11-Science, Nature & the Universe","Science, Nature & the Universe",04-NEUROSCIENCE-MIND,Neurobiology,Mind-Body Connection,The-Expectation-Effect-Robson,Intermediate,planned,md/11-Science-Nature-and-the-Universe/04-NEUROSCIENCE-MIND/The-Expectation-Effect-Robson.md,nonfiction,summary,detailed,Foundation,,
1831,1831,P0,How Democracies Die,Steven Levitsky; Daniel Ziblatt,2018,2019,2018,"12-Society, Politics, Law & Public Policy","Society, Politics, Law & Public Policy",01-POLITICAL-SYSTEMS-GOVERNANCE,Democratic Institutions,Democratic Health,How-Democracies-Die,Intermediate,planned,md/12-Society-Politics-Law-and-Public-Policy/01-POLITICAL-SYSTEMS-GOVERNANCE/How-Democracies-Die.md,nonfiction,summary,detailed,Foundation,,
1832,1832,P0,Tyranny of the Minority: Why American Democracy Reached the Breaking Point,Steven Levitsky; Daniel Ziblatt,2023,2023,2023,"12-Society, Politics, Law & Public Policy","Society, Politics, Law & Public Policy",01-POLITICAL-SYSTEMS-GOVERNANCE,Democratic Institutions,Democratic Health,Tyranny-of-the-Minority,Intermediate,planned,md/12-Society-Politics-Law-and-Public-Policy/01-POLITICAL-SYSTEMS-GOVERNANCE/Tyranny-of-the-Minority.md,nonfiction,summary,detailed,Foundation,,
1833,1833,P0,The Twilight of Democracy: The Seductive Lure of Authoritarianism,Anne Applebaum,2020,2021,2020,"12-Society, Politics, Law & Public Policy","Society, Politics, Law & Public Policy",01-POLITICAL-SYSTEMS-GOVERNANCE,Democratic Institutions,Democratic Health,Twilight-of-Democracy-Applebaum,Intermediate,planned,md/12-Society-Politics-Law-and-Public-Policy/01-POLITICAL-SYSTEMS-GOVERNANCE/Twilight-of-Democracy-Applebaum.md,nonfiction,summary,detailed,Foundation,,
1834,1834,P0,On Tyranny: Twenty Lessons from the Twentieth Century,Timothy Snyder,2017,2017,2017,"12-Society, Politics, Law & Public Policy","Society, Politics, Law & Public Policy",01-POLITICAL-SYSTEMS-GOVERNANCE,Democratic Institutions,Democratic Health,On-Tyranny-Snyder,Intermediate,planned,md/12-Society-Politics-Law-and-Public-Policy/01-POLITICAL-SYSTEMS-GOVERNANCE/On-Tyranny-Snyder.md,nonfiction,summary,detailed,Foundation,,
1835,1835,P0,"The Road to Unfreedom: Russia, Europe, America",Timothy Snyder,2018,2019,2018,"12-Society, Politics, Law & Public Policy","Society, Politics, Law & Public Policy",01-POLITICAL-SYSTEMS-GOVERNANCE,Democratic Institutions,Democratic Health,The-Road-to-Unfreedom,Intermediate,planned,md/12-Society-Politics-Law-and-Public-Policy/01-POLITICAL-SYSTEMS-GOVERNANCE/The-Road-to-Unfreedom.md,nonfiction,summary,detailed,Foundation,,
1836,1836,P0,The People vs. Democracy: Why Our Freedom Is in Danger and How to Save It,Yascha Mounk,2018,2019,2018,"12-Society, Politics, Law & Public Policy","Society, Politics, Law & Public Policy",01-POLITICAL-SYSTEMS-GOVERNANCE,Democratic Institutions,Authoritarianism & Populism,The-People-vs-Democracy,Intermediate,planned,md/12-Society-Politics-Law-and-Public-Policy/01-POLITICAL-SYSTEMS-GOVERNANCE/The-People-vs-Democracy.md,nonfiction,summary,detailed,Foundation,,
1837,1837,P1,The Great Experiment: Why Diverse Democracies Fall Apart and How They Can Endure,Yascha Mounk,2022,2022,2022,"12-Society, Politics, Law & Public Policy","Society, Politics, Law & Public Policy",01-POLITICAL-SYSTEMS-GOVERNANCE,Democratic Institutions,Authoritarianism & Populism,The-Great-Experiment-Mounk,Intermediate,planned,md/12-Society-Politics-Law-and-Public-Policy/01-POLITICAL-SYSTEMS-GOVERNANCE/The-Great-Experiment-Mounk.md,nonfiction,summary,detailed,Foundation,,
1838,1838,P0,"Autocracy, Inc.: The Dictators Who Want to Run the World",Anne Applebaum,2024,2024,2024,"12-Society, Politics, Law & Public Policy","Society, Politics, Law & Public Policy",01-POLITICAL-SYSTEMS-GOVERNANCE,Democratic Institutions,Authoritarianism & Populism,Autocracy-Inc-Applebaum,Intermediate,planned,md/12-Society-Politics-Law-and-Public-Policy/01-POLITICAL-SYSTEMS-GOVERNANCE/Autocracy-Inc-Applebaum.md,nonfiction,summary,detailed,Foundation,,
1839,1839,P0,Strongmen: Mussolini to the Present,Ruth Ben-Ghiat,2020,2021,2020,"12-Society, Politics, Law & Public Policy","Society, Politics, Law & Public Policy",01-POLITICAL-SYSTEMS-GOVERNANCE,Democratic Institutions,Authoritarianism & Populism,Strongmen-Ben-Ghiat,Intermediate,planned,md/12-Society-Politics-Law-and-Public-Policy/01-POLITICAL-SYSTEMS-GOVERNANCE/Strongmen-Ben-Ghiat.md,nonfiction,summary,detailed,Foundation,,
1840,1840,P0,Surviving Autocracy,Masha Gessen,2020,2021,2020,"12-Society, Politics, Law & Public Policy","Society, Politics, Law & Public Policy",01-POLITICAL-SYSTEMS-GOVERNANCE,Democratic Institutions,Authoritarianism & Populism,Surviving-Autocracy-Gessen,Intermediate,planned,md/12-Society-Politics-Law-and-Public-Policy/01-POLITICAL-SYSTEMS-GOVERNANCE/Surviving-Autocracy-Gessen.md,nonfiction,summary,detailed,Foundation,,
1841,1841,P0,Why We're Polarized,Ezra Klein,2020,2021,2020,"12-Society, Politics, Law & Public Policy","Society, Politics, Law & Public Policy",01-POLITICAL-SYSTEMS-GOVERNANCE,Democratic Institutions,Voting & Elections,Why-Were-Polarized-Klein,Intermediate,planned,md/12-Society-Politics-Law-and-Public-Policy/01-POLITICAL-SYSTEMS-GOVERNANCE/Why-Were-Polarized-Klein.md,nonfiction,summary,detailed,Foundation,,
1842,1842,P0,It's Even Worse Than It Looks: How the American Constitutional System Collided With the New Politics of Extremism,Thomas E. Mann; Norman J. Ornstein,2012,2016,2012,"12-Society, Politics, Law & Public Policy","Society, Politics, Law & Public Policy",01-POLITICAL-SYSTEMS-GOVERNANCE,Democratic Institutions,Voting & Elections,Its-Even-Worse-Than-It-Looks,Intermediate,planned,md/12-Society-Politics-Law-and-Public-Policy/01-POLITICAL-SYSTEMS-GOVERNANCE/Its-Even-Worse-Than-It-Looks.md,nonfiction,summary,detailed,Foundation,,
1843,1843,P0,Give Us the Ballot: The Modern Struggle for Voting Rights in America,Ari Berman,2015,2016,2015,"12-Society, Politics, Law & Public Policy","Society, Politics, Law & Public Policy",01-POLITICAL-SYSTEMS-GOVERNANCE,Democratic Institutions,Voting & Elections,Give-Us-the-Ballot-Berman,Intermediate,planned,md/12-Society-Politics-Law-and-Public-Policy/01-POLITICAL-SYSTEMS-GOVERNANCE/Give-Us-the-Ballot-Berman.md,nonfiction,summary,detailed,Foundation,,
1844,1844,P0,Uncivil Agreement: How Politics Became Our Identity,Lilliana Mason,2018,2018,2018,"12-Society, Politics, Law & Public Policy","Society, Politics, Law & Public Policy",01-POLITICAL-SYSTEMS-GOVERNANCE,Democratic Institutions,Voting & Elections,Uncivil-Agreement-Mason,Intermediate,planned,md/12-Society-Politics-Law-and-Public-Policy/01-POLITICAL-SYSTEMS-GOVERNANCE/Uncivil-Agreement-Mason.md,nonfiction,summary,detailed,Foundation,,
1845,1845,P1,"One Person, No Vote: How Voter Suppression Is Destroying Our Democracy",Carol Anderson,2018,2019,2018,"12-Society, Politics, Law & Public Policy","Society, Politics, Law & Public Policy",01-POLITICAL-SYSTEMS-GOVERNANCE,Democratic Institutions,Voting & Elections,One-Person-No-Vote,Intermediate,planned,md/12-Society-Politics-Law-and-Public-Policy/01-POLITICAL-SYSTEMS-GOVERNANCE/One-Person-No-Vote.md,nonfiction,summary,detailed,Foundation,,
1846,1846,P0,Capital in the Twenty-First Century,Thomas Piketty,2013,2017,2013,"12-Society, Politics, Law & Public Policy","Society, Politics, Law & Public Policy",01-POLITICAL-SYSTEMS-GOVERNANCE,Political Economy,State & Economy,Capital-in-the-Twenty-First-Century,Intermediate,planned,md/12-Society-Politics-Law-and-Public-Policy/01-POLITICAL-SYSTEMS-GOVERNANCE/Capital-in-the-Twenty-First-Century.md,nonfiction,summary,detailed,Foundation,,
1847,1847,P0,Capital and Ideology,Thomas Piketty,2019,2020,2019,"12-Society, Politics, Law & Public Policy","Society, Politics, Law & Public Policy",01-POLITICAL-SYSTEMS-GOVERNANCE,Political Economy,State & Economy,Capital-and-Ideology-Piketty,Intermediate,planned,md/12-Society-Politics-Law-and-Public-Policy/01-POLITICAL-SYSTEMS-GOVERNANCE/Capital-and-Ideology-Piketty.md,nonfiction,summary,detailed,Foundation,,
1848,1848,P1,A Brief History of Equality,Thomas Piketty,2021,2022,2021,"12-Society, Politics, Law & Public Policy","Society, Politics, Law & Public Policy",01-POLITICAL-SYSTEMS-GOVERNANCE,Political Economy,State & Economy,A-Brief-History-of-Equality-Piketty,Intermediate,planned,md/12-Society-Politics-Law-and-Public-Policy/01-POLITICAL-SYSTEMS-GOVERNANCE/A-Brief-History-of-Equality-Piketty.md,nonfiction,summary,detailed,Foundation,,
1849,1849,P0,The Great Transformation: The Political and Economic Origins of Our Time,Karl Polanyi,1944,2001,1944,"12-Society, Politics, Law & Public Policy","Society, Politics, Law & Public Policy",01-POLITICAL-SYSTEMS-GOVERNANCE,Political Economy,State & Economy,The-Great-Transformation-Polanyi,Intermediate,planned,md/12-Society-Politics-Law-and-Public-Policy/01-POLITICAL-SYSTEMS-GOVERNANCE/The-Great-Transformation-Polanyi.md,nonfiction,summary,detailed,Foundation,,
1850,1850,P0,The Fatal Conceit: The Errors of Socialism,Friedrich A. Hayek,1988,1991,1988,"12-Society, Politics, Law & Public Policy","Society, Politics, Law & Public Policy",01-POLITICAL-SYSTEMS-GOVERNANCE,Political Economy,State & Economy,The-Fatal-Conceit-Hayek,Intermediate,planned,md/12-Society-Politics-Law-and-Public-Policy/01-POLITICAL-SYSTEMS-GOVERNANCE/The-Fatal-Conceit-Hayek.md,nonfiction,summary,detailed,Foundation,,
1851,1851,P0,Dark Money: The Hidden History of the Billionaires Behind the Rise of the Radical Right,Jane Mayer,2016,2017,2016,"12-Society, Politics, Law & Public Policy","Society, Politics, Law & Public Policy",01-POLITICAL-SYSTEMS-GOVERNANCE,Political Economy,Wealth & Power,Dark-Money-Jane-Mayer,Intermediate,planned,md/12-Society-Politics-Law-and-Public-Policy/01-POLITICAL-SYSTEMS-GOVERNANCE/Dark-Money-Jane-Mayer.md,nonfiction,summary,detailed,Foundation,,
1852,1852,P0,Winner-Take-All Politics: How Washington Made the Rich Richer--and Turned Its Back on the Middle Class,Jacob S. Hacker; Paul Pierson,2010,2011,2010,"12-Society, Politics, Law & Public Policy","Society, Politics, Law & Public Policy",01-POLITICAL-SYSTEMS-GOVERNANCE,Political Economy,Wealth & Power,Winner-Take-All-Politics,Intermediate,planned,md/12-Society-Politics-Law-and-Public-Policy/01-POLITICAL-SYSTEMS-GOVERNANCE/Winner-Take-All-Politics.md,nonfiction,summary,detailed,Foundation,,
1853,1853,P1,Let Them Eat Tweets: How the Right Rules in an Age of Extreme Inequality,Jacob S. Hacker; Paul Pierson,2020,2021,2020,"12-Society, Politics, Law & Public Policy","Society, Politics, Law & Public Policy",01-POLITICAL-SYSTEMS-GOVERNANCE,Political Economy,Wealth & Power,Let-Them-Eat-Tweets,Intermediate,planned,md/12-Society-Politics-Law-and-Public-Policy/01-POLITICAL-SYSTEMS-GOVERNANCE/Let-Them-Eat-Tweets.md,nonfiction,summary,detailed,Foundation,,
1854,1854,P0,Democracy in Chains: The Deep History of the Radical Right's Stealth Plan for America,Nancy MacLean,2017,2018,2017,"12-Society, Politics, Law & Public Policy","Society, Politics, Law & Public Policy",01-POLITICAL-SYSTEMS-GOVERNANCE,Political Economy,Wealth & Power,Democracy-in-Chains-MacLean,Intermediate,planned,md/12-Society-Politics-Law-and-Public-Policy/01-POLITICAL-SYSTEMS-GOVERNANCE/Democracy-in-Chains-MacLean.md,nonfiction,summary,detailed,Foundation,,
1855,1855,P0,The Triumph of Injustice: How the Rich Dodge Taxes and How to Make Them Pay,Emmanuel Saez; Gabriel Zucman,2019,2020,2019,"12-Society, Politics, Law & Public Policy","Society, Politics, Law & Public Policy",01-POLITICAL-SYSTEMS-GOVERNANCE,Political Economy,Wealth & Power,The-Triumph-of-Injustice,Intermediate,planned,md/12-Society-Politics-Law-and-Public-Policy/01-POLITICAL-SYSTEMS-GOVERNANCE/The-Triumph-of-Injustice.md,nonfiction,summary,detailed,Foundation,,
1856,1856,P0,A Practical Guide for Policy Analysis: The Eightfold Path to More Effective Problem Solving,Eugene Bardach; Eric M. Patashnik,2000,2019,2000,"12-Society, Politics, Law & Public Policy","Society, Politics, Law & Public Policy",01-POLITICAL-SYSTEMS-GOVERNANCE,Public Policy,Policy Design,A-Practical-Guide-for-Policy-Analysis,Intermediate,planned,md/12-Society-Politics-Law-and-Public-Policy/01-POLITICAL-SYSTEMS-GOVERNANCE/A-Practical-Guide-for-Policy-Analysis.md,nonfiction,summary,detailed,Foundation,,
1857,1857,P0,Policy Paradox: The Art of Political Decision Making,Deborah Stone,1988,2012,1988,"12-Society, Politics, Law & Public Policy","Society, Politics, Law & Public Policy",01-POLITICAL-SYSTEMS-GOVERNANCE,Public Policy,Policy Design,Policy-Paradox-Stone,Intermediate,planned,md/12-Society-Politics-Law-and-Public-Policy/01-POLITICAL-SYSTEMS-GOVERNANCE/Policy-Paradox-Stone.md,nonfiction,summary,detailed,Foundation,,
1858,1858,P0,"Agendas, Alternatives, and Public Policies",John W. Kingdon,1984,2010,1984,"12-Society, Politics, Law & Public Policy","Society, Politics, Law & Public Policy",01-POLITICAL-SYSTEMS-GOVERNANCE,Public Policy,Policy Design,Agendas-Alternatives-and-Public-Policies,Intermediate,planned,md/12-Society-Politics-Law-and-Public-Policy/01-POLITICAL-SYSTEMS-GOVERNANCE/Agendas-Alternatives-and-Public-Policies.md,nonfiction,summary,detailed,Foundation,,
1859,1859,P1,Show Me the Evidence: Obama's Fight for Rigor and Results in Social Policy,Ron Haskins; Greg Margolis,2014,2014,2014,"12-Society, Politics, Law & Public Policy","Society, Politics, Law & Public Policy",01-POLITICAL-SYSTEMS-GOVERNANCE,Public Policy,Policy Design,Show-Me-the-Evidence,Intermediate,planned,md/12-Society-Politics-Law-and-Public-Policy/01-POLITICAL-SYSTEMS-GOVERNANCE/Show-Me-the-Evidence.md,nonfiction,summary,detailed,Foundation,,
1860,1860,P0,The Logic of Collective Action: Public Goods and the Theory of Groups,Mancur Olson,1965,1971,1965,"12-Society, Politics, Law & Public Policy","Society, Politics, Law & Public Policy",01-POLITICAL-SYSTEMS-GOVERNANCE,Public Policy,Policy Design,The-Logic-of-Collective-Action-Olson,Intermediate,planned,md/12-Society-Politics-Law-and-Public-Policy/01-POLITICAL-SYSTEMS-GOVERNANCE/The-Logic-of-Collective-Action-Olson.md,nonfiction,summary,detailed,Foundation,,
1861,1861,P0,"Nudge: Improving Decisions About Health, Wealth, and Happiness",Richard H. Thaler; Cass R. Sunstein,2008,2021,2008,"12-Society, Politics, Law & Public Policy","Society, Politics, Law & Public Policy",01-POLITICAL-SYSTEMS-GOVERNANCE,Public Policy,Regulation & Lawmaking,Nudge-Thaler-Sunstein,Intermediate,planned,md/12-Society-Politics-Law-and-Public-Policy/01-POLITICAL-SYSTEMS-GOVERNANCE/Nudge-Thaler-Sunstein.md,nonfiction,summary,detailed,Foundation,,
1862,1862,P1,Simpler: The Future of Government,Cass R. Sunstein,2013,2014,2013,"12-Society, Politics, Law & Public Policy","Society, Politics, Law & Public Policy",01-POLITICAL-SYSTEMS-GOVERNANCE,Public Policy,Regulation & Lawmaking,Simpler-Sunstein,Intermediate,planned,md/12-Society-Politics-Law-and-Public-Policy/01-POLITICAL-SYSTEMS-GOVERNANCE/Simpler-Sunstein.md,nonfiction,summary,detailed,Foundation,,
1863,1863,P1,The Cost-Benefit Revolution,Cass R. Sunstein,2018,2019,2018,"12-Society, Politics, Law & Public Policy","Society, Politics, Law & Public Policy",01-POLITICAL-SYSTEMS-GOVERNANCE,Public Policy,Regulation & Lawmaking,The-Cost-Benefit-Revolution,Intermediate,planned,md/12-Society-Politics-Law-and-Public-Policy/01-POLITICAL-SYSTEMS-GOVERNANCE/The-Cost-Benefit-Revolution.md,nonfiction,summary,detailed,Foundation,,
1864,1864,P1,"Sludge: Bureaucrats, Law, and the Hidden Tax of Paperwork",Cass R. Sunstein,2021,2021,2021,"12-Society, Politics, Law & Public Policy","Society, Politics, Law & Public Policy",01-POLITICAL-SYSTEMS-GOVERNANCE,Public Policy,Regulation & Lawmaking,Sludge-Sunstein,Intermediate,planned,md/12-Society-Politics-Law-and-Public-Policy/01-POLITICAL-SYSTEMS-GOVERNANCE/Sludge-Sunstein.md,nonfiction,summary,detailed,Foundation,,
1865,1865,P1,"Administrative Law and Regulatory Policy: Problems, Text, and Cases",Stephen G. Breyer; Richard B. Stewart; Cass R. Sunstein; Adrian Vermeule,1979,2021,1979,"12-Society, Politics, Law & Public Policy","Society, Politics, Law & Public Policy",01-POLITICAL-SYSTEMS-GOVERNANCE,Public Policy,Regulation & Lawmaking,Administrative-Law-and-Regulatory-Policy,Intermediate,planned,md/12-Society-Politics-Law-and-Public-Policy/01-POLITICAL-SYSTEMS-GOVERNANCE/Administrative-Law-and-Regulatory-Policy.md,nonfiction,summary,detailed,Foundation,,
1866,1866,P0,The Concept of Law,H.L.A. Hart,1961,2012,1961,"12-Society, Politics, Law & Public Policy","Society, Politics, Law & Public Policy",02-LAW-JURISPRUDENCE,Legal Philosophy,Jurisprudence,The-Concept-of-Law-Hart,Intermediate,planned,md/12-Society-Politics-Law-and-Public-Policy/02-LAW-JURISPRUDENCE/The-Concept-of-Law-Hart.md,nonfiction,summary,detailed,Foundation,,
1867,1867,P0,The Morality of Law,Lon L. Fuller,1964,1969,1964,"12-Society, Politics, Law & Public Policy","Society, Politics, Law & Public Policy",02-LAW-JURISPRUDENCE,Legal Philosophy,Jurisprudence,The-Morality-of-Law-Fuller,Intermediate,planned,md/12-Society-Politics-Law-and-Public-Policy/02-LAW-JURISPRUDENCE/The-Morality-of-Law-Fuller.md,nonfiction,summary,detailed,Foundation,,
1868,1868,P0,Law's Empire,Ronald Dworkin,1986,1986,1986,"12-Society, Politics, Law & Public Policy","Society, Politics, Law & Public Policy",02-LAW-JURISPRUDENCE,Legal Philosophy,Jurisprudence,Laws-Empire-Society,Intermediate,planned,md/12-Society-Politics-Law-and-Public-Policy/02-LAW-JURISPRUDENCE/Laws-Empire-Society.md,nonfiction,summary,detailed,Foundation,,
1869,1869,P1,Justice in Robes,Ronald Dworkin,2006,2008,2006,"12-Society, Politics, Law & Public Policy","Society, Politics, Law & Public Policy",02-LAW-JURISPRUDENCE,Legal Philosophy,Jurisprudence,Justice-in-Robes-Dworkin,Intermediate,planned,md/12-Society-Politics-Law-and-Public-Policy/02-LAW-JURISPRUDENCE/Justice-in-Robes-Dworkin.md,nonfiction,summary,detailed,Foundation,,
1870,1870,P0,Pure Theory of Law,Hans Kelsen,1934,2005,1934,"12-Society, Politics, Law & Public Policy","Society, Politics, Law & Public Policy",02-LAW-JURISPRUDENCE,Legal Philosophy,Jurisprudence,Pure-Theory-of-Law-Kelsen,Intermediate,planned,md/12-Society-Politics-Law-and-Public-Policy/02-LAW-JURISPRUDENCE/Pure-Theory-of-Law-Kelsen.md,nonfiction,summary,detailed,Foundation,,
1871,1871,P0,"The Words That Made Us: America's Constitutional Conversation, 1760-1840",Akhil Reed Amar,2021,2021,2021,"12-Society, Politics, Law & Public Policy","Society, Politics, Law & Public Policy",02-LAW-JURISPRUDENCE,Legal Philosophy,Constitutional Law,The-Words-That-Made-Us-Amar,Intermediate,planned,md/12-Society-Politics-Law-and-Public-Policy/02-LAW-JURISPRUDENCE/The-Words-That-Made-Us-Amar.md,nonfiction,summary,detailed,Foundation,,
1872,1872,P0,The Bill of Rights: Creation and Reconstruction,Akhil Reed Amar,1998,2000,1998,"12-Society, Politics, Law & Public Policy","Society, Politics, Law & Public Policy",02-LAW-JURISPRUDENCE,Legal Philosophy,Constitutional Law,The-Bill-of-Rights-Amar,Intermediate,planned,md/12-Society-Politics-Law-and-Public-Policy/02-LAW-JURISPRUDENCE/The-Bill-of-Rights-Amar.md,nonfiction,summary,detailed,Foundation,,
1873,1873,P0,Making Our Democracy Work: A Judge's View,Stephen Breyer,2010,2011,2010,"12-Society, Politics, Law & Public Policy","Society, Politics, Law & Public Policy",02-LAW-JURISPRUDENCE,Legal Philosophy,Constitutional Law,Making-Our-Democracy-Work-Breyer,Intermediate,planned,md/12-Society-Politics-Law-and-Public-Policy/02-LAW-JURISPRUDENCE/Making-Our-Democracy-Work-Breyer.md,nonfiction,summary,detailed,Foundation,,
1874,1874,P0,Reading Law: The Interpretation of Legal Texts,Antonin Scalia; Bryan A. Garner,2012,2012,2012,"12-Society, Politics, Law & Public Policy","Society, Politics, Law & Public Policy",02-LAW-JURISPRUDENCE,Legal Philosophy,Constitutional Law,Reading-Law-Scalia,Intermediate,planned,md/12-Society-Politics-Law-and-Public-Policy/02-LAW-JURISPRUDENCE/Reading-Law-Scalia.md,nonfiction,summary,detailed,Foundation,,
1875,1875,P0,A Matter of Interpretation: Federal Courts and the Law,Antonin Scalia,1997,1998,1997,"12-Society, Politics, Law & Public Policy","Society, Politics, Law & Public Policy",02-LAW-JURISPRUDENCE,Legal Philosophy,Constitutional Law,A-Matter-of-Interpretation-Scalia,Intermediate,planned,md/12-Society-Politics-Law-and-Public-Policy/02-LAW-JURISPRUDENCE/A-Matter-of-Interpretation-Scalia.md,nonfiction,summary,detailed,Foundation,,
1876,1876,P0,Just Mercy: A Story of Justice and Redemption,Bryan Stevenson,2014,2015,2014,"12-Society, Politics, Law & Public Policy","Society, Politics, Law & Public Policy",02-LAW-JURISPRUDENCE,Law & Society,Justice Systems,Just-Mercy-Stevenson,Intermediate,planned,md/12-Society-Politics-Law-and-Public-Policy/02-LAW-JURISPRUDENCE/Just-Mercy-Stevenson.md,nonfiction,summary,detailed,Foundation,,
1877,1877,P0,The New Jim Crow: Mass Incarceration in the Age of Colorblindness,Michelle Alexander,2010,2020,2010,"12-Society, Politics, Law & Public Policy","Society, Politics, Law & Public Policy",02-LAW-JURISPRUDENCE,Law & Society,Justice Systems,The-New-Jim-Crow,Intermediate,planned,md/12-Society-Politics-Law-and-Public-Policy/02-LAW-JURISPRUDENCE/The-New-Jim-Crow.md,nonfiction,summary,detailed,Foundation,,
1878,1878,P0,Charged: The New Movement to Transform American Prosecution and End Mass Incarceration,Emily Bazelon,2019,2020,2019,"12-Society, Politics, Law & Public Policy","Society, Politics, Law & Public Policy",02-LAW-JURISPRUDENCE,Law & Society,Justice Systems,Charged-Bazelon,Intermediate,planned,md/12-Society-Politics-Law-and-Public-Policy/02-LAW-JURISPRUDENCE/Charged-Bazelon.md,nonfiction,summary,detailed,Foundation,,
1879,1879,P1,Usual Cruelty: The Complicity of Lawyers in the Criminal Injustice System,Alec Karakatsanis,2019,2019,2019,"12-Society, Politics, Law & Public Policy","Society, Politics, Law & Public Policy",02-LAW-JURISPRUDENCE,Law & Society,Justice Systems,Usual-Cruelty-Karakatsanis,Intermediate,planned,md/12-Society-Politics-Law-and-Public-Policy/02-LAW-JURISPRUDENCE/Usual-Cruelty-Karakatsanis.md,nonfiction,summary,detailed,Foundation,,
1880,1880,P0,Gideon's Trumpet,Anthony Lewis,1964,1989,1964,"12-Society, Politics, Law & Public Policy","Society, Politics, Law & Public Policy",02-LAW-JURISPRUDENCE,Law & Society,Justice Systems,Gideons-Trumpet-Lewis,Intermediate,planned,md/12-Society-Politics-Law-and-Public-Policy/02-LAW-JURISPRUDENCE/Gideons-Trumpet-Lewis.md,nonfiction,summary,detailed,Foundation,,
1881,1881,P0,Punishment and Inequality in America,Bruce Western,2006,2007,2006,"12-Society, Politics, Law & Public Policy","Society, Politics, Law & Public Policy",02-LAW-JURISPRUDENCE,Law & Society,Criminal Justice,Punishment-and-Inequality-in-America,Intermediate,planned,md/12-Society-Politics-Law-and-Public-Policy/02-LAW-JURISPRUDENCE/Punishment-and-Inequality-in-America.md,nonfiction,summary,detailed,Foundation,,
1882,1882,P0,Locking Up Our Own: Crime and Punishment in Black America,James Forman Jr.,2017,2018,2017,"12-Society, Politics, Law & Public Policy","Society, Politics, Law & Public Policy",02-LAW-JURISPRUDENCE,Law & Society,Criminal Justice,Locking-Up-Our-Own-Forman,Intermediate,planned,md/12-Society-Politics-Law-and-Public-Policy/02-LAW-JURISPRUDENCE/Locking-Up-Our-Own-Forman.md,nonfiction,summary,detailed,Foundation,,
1883,1883,P1,Bleeding Out: The Devastating Consequences of Urban Violence--and a Bold New Plan for Peace in the Streets,Thomas Abt,2019,2019,2019,"12-Society, Politics, Law & Public Policy","Society, Politics, Law & Public Policy",02-LAW-JURISPRUDENCE,Law & Society,Criminal Justice,Bleeding-Out-Abt,Intermediate,planned,md/12-Society-Politics-Law-and-Public-Policy/02-LAW-JURISPRUDENCE/Bleeding-Out-Abt.md,nonfiction,summary,detailed,Foundation,,
1884,1884,P0,The Collapse of American Criminal Justice,William J. Stuntz,2011,2013,2011,"12-Society, Politics, Law & Public Policy","Society, Politics, Law & Public Policy",02-LAW-JURISPRUDENCE,Law & Society,Criminal Justice,The-Collapse-of-American-Criminal-Justice,Intermediate,planned,md/12-Society-Politics-Law-and-Public-Policy/02-LAW-JURISPRUDENCE/The-Collapse-of-American-Criminal-Justice.md,nonfiction,summary,detailed,Foundation,,
1885,1885,P0,In Cold Blood,Truman Capote,1966,1994,1966,"12-Society, Politics, Law & Public Policy","Society, Politics, Law & Public Policy",02-LAW-JURISPRUDENCE,Law & Society,Criminal Justice,In-Cold-Blood-Capote,Intermediate,planned,md/12-Society-Politics-Law-and-Public-Policy/02-LAW-JURISPRUDENCE/In-Cold-Blood-Capote.md,nonfiction,summary,detailed,Foundation,,
1886,1886,P0,Freedom for the Thought That We Hate: A Biography of the First Amendment,Anthony Lewis,2007,2010,2007,"12-Society, Politics, Law & Public Policy","Society, Politics, Law & Public Policy",02-LAW-JURISPRUDENCE,Law & Society,Civil Rights & Liberties,Freedom-for-the-Thought-That-We-Hate,Intermediate,planned,md/12-Society-Politics-Law-and-Public-Policy/02-LAW-JURISPRUDENCE/Freedom-for-the-Thought-That-We-Hate.md,nonfiction,summary,detailed,Foundation,,
1887,1887,P0,The Color of Law: A Forgotten History of How Our Government Segregated America,Richard Rothstein,2017,2018,2017,"12-Society, Politics, Law & Public Policy","Society, Politics, Law & Public Policy",02-LAW-JURISPRUDENCE,Law & Society,Civil Rights & Liberties,The-Color-of-Law-Rothstein,Intermediate,planned,md/12-Society-Politics-Law-and-Public-Policy/02-LAW-JURISPRUDENCE/The-Color-of-Law-Rothstein.md,nonfiction,summary,detailed,Foundation,,
1888,1888,P1,Just Action: How to Challenge Segregation Enacted Under the Color of Law,Richard Rothstein; Leah Rothstein,2023,2023,2023,"12-Society, Politics, Law & Public Policy","Society, Politics, Law & Public Policy",02-LAW-JURISPRUDENCE,Law & Society,Civil Rights & Liberties,Just-Action-Rothstein,Intermediate,planned,md/12-Society-Politics-Law-and-Public-Policy/02-LAW-JURISPRUDENCE/Just-Action-Rothstein.md,nonfiction,summary,detailed,Foundation,,
1889,1889,P0,My Beloved World,Sonia Sotomayor,2013,2014,2013,"12-Society, Politics, Law & Public Policy","Society, Politics, Law & Public Policy",02-LAW-JURISPRUDENCE,Law & Society,Civil Rights & Liberties,My-Beloved-World-Sotomayor,Intermediate,planned,md/12-Society-Politics-Law-and-Public-Policy/02-LAW-JURISPRUDENCE/My-Beloved-World-Sotomayor.md,nonfiction,summary,detailed,Foundation,,
1890,1890,P0,Notorious RBG: The Life and Times of Ruth Bader Ginsburg,Irin Carmon; Shana Knizhnik,2015,2015,2015,"12-Society, Politics, Law & Public Policy","Society, Politics, Law & Public Policy",02-LAW-JURISPRUDENCE,Law & Society,Civil Rights & Liberties,Notorious-RBG,Intermediate,planned,md/12-Society-Politics-Law-and-Public-Policy/02-LAW-JURISPRUDENCE/Notorious-RBG.md,nonfiction,summary,detailed,Foundation,,
1891,1891,P0,The Internationalists: How a Radical Plan to Outlaw War Remade the World,Oona A. Hathaway; Scott J. Shapiro,2017,2018,2017,"12-Society, Politics, Law & Public Policy","Society, Politics, Law & Public Policy",02-LAW-JURISPRUDENCE,International Law,Global Governance,The-Internationalists-Hathaway,Intermediate,planned,md/12-Society-Politics-Law-and-Public-Policy/02-LAW-JURISPRUDENCE/The-Internationalists-Hathaway.md,nonfiction,summary,detailed,Foundation,,
1892,1892,P0,"Governing the World: The History of an Idea, 1815 to the Present",Mark Mazower,2012,2013,2012,"12-Society, Politics, Law & Public Policy","Society, Politics, Law & Public Policy",02-LAW-JURISPRUDENCE,International Law,Global Governance,Governing-the-World-Mazower,Intermediate,planned,md/12-Society-Politics-Law-and-Public-Policy/02-LAW-JURISPRUDENCE/Governing-the-World-Mazower.md,nonfiction,summary,detailed,Foundation,,
1893,1893,P1,No Enchanted Palace: The End of Empire and the Ideological Origins of the United Nations,Mark Mazower,2009,2009,2009,"12-Society, Politics, Law & Public Policy","Society, Politics, Law & Public Policy",02-LAW-JURISPRUDENCE,International Law,Global Governance,No-Enchanted-Palace,Intermediate,planned,md/12-Society-Politics-Law-and-Public-Policy/02-LAW-JURISPRUDENCE/No-Enchanted-Palace.md,nonfiction,summary,detailed,Foundation,,
1894,1894,P0,"The Parliament of Man: The Past, Present, and Future of the United Nations",Paul Kennedy,2006,2007,2006,"12-Society, Politics, Law & Public Policy","Society, Politics, Law & Public Policy",02-LAW-JURISPRUDENCE,International Law,Global Governance,The-Parliament-of-Man-Kennedy,Intermediate,planned,md/12-Society-Politics-Law-and-Public-Policy/02-LAW-JURISPRUDENCE/The-Parliament-of-Man-Kennedy.md,nonfiction,summary,detailed,Foundation,,
1895,1895,P1,International Law: A Very Short Introduction,Vaughan Lowe,2007,2007,2007,"12-Society, Politics, Law & Public Policy","Society, Politics, Law & Public Policy",02-LAW-JURISPRUDENCE,International Law,Global Governance,International-Law-Lowe,Intermediate,planned,md/12-Society-Politics-Law-and-Public-Policy/02-LAW-JURISPRUDENCE/International-Law-Lowe.md,nonfiction,summary,detailed,Foundation,,
1896,1896,P0,A Problem from Hell: America and the Age of Genocide,Samantha Power,2002,2013,2002,"12-Society, Politics, Law & Public Policy","Society, Politics, Law & Public Policy",02-LAW-JURISPRUDENCE,International Law,Human Rights Law,A-Problem-from-Hell-Power,Intermediate,planned,md/12-Society-Politics-Law-and-Public-Policy/02-LAW-JURISPRUDENCE/A-Problem-from-Hell-Power.md,nonfiction,summary,detailed,Foundation,,
1897,1897,P0,The Last Utopia: Human Rights in History,Samuel Moyn,2010,2012,2010,"12-Society, Politics, Law & Public Policy","Society, Politics, Law & Public Policy",02-LAW-JURISPRUDENCE,International Law,Human Rights Law,The-Last-Utopia-Moyn,Intermediate,planned,md/12-Society-Politics-Law-and-Public-Policy/02-LAW-JURISPRUDENCE/The-Last-Utopia-Moyn.md,nonfiction,summary,detailed,Foundation,,
1898,1898,P1,Not Enough: Human Rights in an Unequal World,Samuel Moyn,2018,2019,2018,"12-Society, Politics, Law & Public Policy","Society, Politics, Law & Public Policy",02-LAW-JURISPRUDENCE,International Law,Human Rights Law,Not-Enough-Moyn,Intermediate,planned,md/12-Society-Politics-Law-and-Public-Policy/02-LAW-JURISPRUDENCE/Not-Enough-Moyn.md,nonfiction,summary,detailed,Foundation,,
1899,1899,P0,Humane: How the United States Abandoned Peace and Reinvented War,Samuel Moyn,2021,2022,2021,"12-Society, Politics, Law & Public Policy","Society, Politics, Law & Public Policy",02-LAW-JURISPRUDENCE,International Law,Human Rights Law,Humane-Moyn,Intermediate,planned,md/12-Society-Politics-Law-and-Public-Policy/02-LAW-JURISPRUDENCE/Humane-Moyn.md,nonfiction,summary,detailed,Foundation,,
1900,1900,P0,East West Street: On the Origins of Genocide and Crimes Against Humanity,Philippe Sands,2016,2017,2016,"12-Society, Politics, Law & Public Policy","Society, Politics, Law & Public Policy",02-LAW-JURISPRUDENCE,International Law,Human Rights Law,East-West-Street-Sands,Intermediate,planned,md/12-Society-Politics-Law-and-Public-Policy/02-LAW-JURISPRUDENCE/East-West-Street-Sands.md,nonfiction,summary,detailed,Foundation,,
1901,1901,P0,Evicted: Poverty and Profit in the American City,Matthew Desmond,2016,2017,2016,"12-Society, Politics, Law & Public Policy","Society, Politics, Law & Public Policy",03-SOCIAL-STRUCTURE-POLICY,Inequality & Class,Economic Inequality,Evicted-Matthew-Desmond,Intermediate,planned,md/12-Society-Politics-Law-and-Public-Policy/03-SOCIAL-STRUCTURE-POLICY/Evicted-Matthew-Desmond.md,nonfiction,summary,detailed,Foundation,,
1902,1902,P0,"Poverty, by America",Matthew Desmond,2023,2023,2023,"12-Society, Politics, Law & Public Policy","Society, Politics, Law & Public Policy",03-SOCIAL-STRUCTURE-POLICY,Inequality & Class,Economic Inequality,Poverty-by-America-Desmond,Intermediate,planned,md/12-Society-Politics-Law-and-Public-Policy/03-SOCIAL-STRUCTURE-POLICY/Poverty-by-America-Desmond.md,nonfiction,summary,detailed,Foundation,,
1903,1903,P0,The Price of Inequality: How Today's Divided Society Endangers Our Future,Joseph E. Stiglitz,2012,2013,2012,"12-Society, Politics, Law & Public Policy","Society, Politics, Law & Public Policy",03-SOCIAL-STRUCTURE-POLICY,Inequality & Class,Economic Inequality,The-Price-of-Inequality-Stiglitz,Intermediate,planned,md/12-Society-Politics-Law-and-Public-Policy/03-SOCIAL-STRUCTURE-POLICY/The-Price-of-Inequality-Stiglitz.md,nonfiction,summary,detailed,Foundation,,
1904,1904,P1,"People, Power, and Profits: Progressive Capitalism for an Age of Discontent",Joseph E. Stiglitz,2019,2020,2019,"12-Society, Politics, Law & Public Policy","Society, Politics, Law & Public Policy",03-SOCIAL-STRUCTURE-POLICY,Inequality & Class,Economic Inequality,People-Power-and-Profits-Stiglitz,Intermediate,planned,md/12-Society-Politics-Law-and-Public-Policy/03-SOCIAL-STRUCTURE-POLICY/People-Power-and-Profits-Stiglitz.md,nonfiction,summary,detailed,Foundation,,
1905,1905,P0,"The Great Escape: Health, Wealth, and the Origins of Inequality",Angus Deaton,2013,2015,2013,"12-Society, Politics, Law & Public Policy","Society, Politics, Law & Public Policy",03-SOCIAL-STRUCTURE-POLICY,Inequality & Class,Economic Inequality,The-Great-Escape-Deaton,Intermediate,planned,md/12-Society-Politics-Law-and-Public-Policy/03-SOCIAL-STRUCTURE-POLICY/The-Great-Escape-Deaton.md,nonfiction,summary,detailed,Foundation,,
1906,1906,P0,Deaths of Despair and the Future of Capitalism,Anne Case; Angus Deaton,2020,2021,2020,"12-Society, Politics, Law & Public Policy","Society, Politics, Law & Public Policy",03-SOCIAL-STRUCTURE-POLICY,Inequality & Class,Social Mobility,Deaths-of-Despair-Case-Deaton,Intermediate,planned,md/12-Society-Politics-Law-and-Public-Policy/03-SOCIAL-STRUCTURE-POLICY/Deaths-of-Despair-Case-Deaton.md,nonfiction,summary,detailed,Foundation,,
1907,1907,P0,Our Kids: The American Dream in Crisis,Robert D. Putnam,2015,2016,2015,"12-Society, Politics, Law & Public Policy","Society, Politics, Law & Public Policy",03-SOCIAL-STRUCTURE-POLICY,Inequality & Class,Social Mobility,Our-Kids-Putnam,Intermediate,planned,md/12-Society-Politics-Law-and-Public-Policy/03-SOCIAL-STRUCTURE-POLICY/Our-Kids-Putnam.md,nonfiction,summary,detailed,Foundation,,
1908,1908,P0,Bowling Alone: The Collapse and Revival of American Community,Robert D. Putnam,2000,2020,2000,"12-Society, Politics, Law & Public Policy","Society, Politics, Law & Public Policy",03-SOCIAL-STRUCTURE-POLICY,Inequality & Class,Social Mobility,Bowling-Alone-Putnam,Intermediate,planned,md/12-Society-Politics-Law-and-Public-Policy/03-SOCIAL-STRUCTURE-POLICY/Bowling-Alone-Putnam.md,nonfiction,summary,detailed,Foundation,,
1909,1909,P0,The Upswing: How America Came Together a Century Ago and How We Can Do It Again,Robert D. Putnam; Shaylyn Romney Garrett,2020,2021,2020,"12-Society, Politics, Law & Public Policy","Society, Politics, Law & Public Policy",03-SOCIAL-STRUCTURE-POLICY,Inequality & Class,Social Mobility,The-Upswing-Putnam,Intermediate,planned,md/12-Society-Politics-Law-and-Public-Policy/03-SOCIAL-STRUCTURE-POLICY/The-Upswing-Putnam.md,nonfiction,summary,detailed,Foundation,,
1910,1910,P0,Dream Hoarders: How the American Upper Middle Class Is Leaving Everyone Else in the Dust,Richard V. Reeves,2017,2018,2017,"12-Society, Politics, Law & Public Policy","Society, Politics, Law & Public Policy",03-SOCIAL-STRUCTURE-POLICY,Inequality & Class,Social Mobility,Dream-Hoarders-Reeves,Intermediate,planned,md/12-Society-Politics-Law-and-Public-Policy/03-SOCIAL-STRUCTURE-POLICY/Dream-Hoarders-Reeves.md,nonfiction,summary,detailed,Foundation,,
1911,1911,P0,Nickel and Dimed: On (Not) Getting By in America,Barbara Ehrenreich,2001,2011,2001,"12-Society, Politics, Law & Public Policy","Society, Politics, Law & Public Policy",03-SOCIAL-STRUCTURE-POLICY,Inequality & Class,Poverty Policy,Nickel-and-Dimed-Ehrenreich,Intermediate,planned,md/12-Society-Politics-Law-and-Public-Policy/03-SOCIAL-STRUCTURE-POLICY/Nickel-and-Dimed-Ehrenreich.md,nonfiction,summary,detailed,Foundation,,
1912,1912,P1,Bait and Switch: The (Futile) Pursuit of the American Dream,Barbara Ehrenreich,2005,2006,2005,"12-Society, Politics, Law & Public Policy","Society, Politics, Law & Public Policy",03-SOCIAL-STRUCTURE-POLICY,Inequality & Class,Poverty Policy,Bait-and-Switch-Ehrenreich,Intermediate,planned,md/12-Society-Politics-Law-and-Public-Policy/03-SOCIAL-STRUCTURE-POLICY/Bait-and-Switch-Ehrenreich.md,nonfiction,summary,detailed,Foundation,,
1913,1913,P0,Bright-Sided: How the Relentless Promotion of Positive Thinking Has Undermined America,Barbara Ehrenreich,2009,2010,2009,"12-Society, Politics, Law & Public Policy","Society, Politics, Law & Public Policy",03-SOCIAL-STRUCTURE-POLICY,Inequality & Class,Poverty Policy,Bright-Sided-Ehrenreich,Intermediate,planned,md/12-Society-Politics-Law-and-Public-Policy/03-SOCIAL-STRUCTURE-POLICY/Bright-Sided-Ehrenreich.md,nonfiction,summary,detailed,Foundation,,
1914,1914,P0,$2.00 a Day: Living on Almost Nothing in America,Kathryn J. Edin; H. Luke Shaefer,2015,2016,2015,"12-Society, Politics, Law & Public Policy","Society, Politics, Law & Public Policy",03-SOCIAL-STRUCTURE-POLICY,Inequality & Class,Poverty Policy,2-Dollars-a-Day-Edin,Intermediate,planned,md/12-Society-Politics-Law-and-Public-Policy/03-SOCIAL-STRUCTURE-POLICY/2-Dollars-a-Day-Edin.md,nonfiction,summary,detailed,Foundation,,
1915,1915,P1,Promises I Can Keep: Why Poor Women Put Motherhood Before Marriage,Kathryn Edin; Maria J. Kefalas,2005,2011,2005,"12-Society, Politics, Law & Public Policy","Society, Politics, Law & Public Policy",03-SOCIAL-STRUCTURE-POLICY,Inequality & Class,Poverty Policy,Promises-I-Can-Keep-Edin,Intermediate,planned,md/12-Society-Politics-Law-and-Public-Policy/03-SOCIAL-STRUCTURE-POLICY/Promises-I-Can-Keep-Edin.md,nonfiction,summary,detailed,Foundation,,
1916,1916,P0,The Death and Life of the Great American School System: How Testing and Choice Are Undermining Education,Diane Ravitch,2010,2016,2010,"12-Society, Politics, Law & Public Policy","Society, Politics, Law & Public Policy",03-SOCIAL-STRUCTURE-POLICY,Modern Institutions,Education Systems,The-Death-and-Life-of-the-Great-American-School-System,Intermediate,planned,md/12-Society-Politics-Law-and-Public-Policy/03-SOCIAL-STRUCTURE-POLICY/The-Death-and-Life-of-the-Great-American-School-System.md,nonfiction,summary,detailed,Foundation,,
1917,1917,P1,Reign of Error: The Hoax of the Privatization Movement and the Danger to America's Public Schools,Diane Ravitch,2013,2014,2013,"12-Society, Politics, Law & Public Policy","Society, Politics, Law & Public Policy",03-SOCIAL-STRUCTURE-POLICY,Modern Institutions,Education Systems,Reign-of-Error-Ravitch,Intermediate,planned,md/12-Society-Politics-Law-and-Public-Policy/03-SOCIAL-STRUCTURE-POLICY/Reign-of-Error-Ravitch.md,nonfiction,summary,detailed,Foundation,,
1918,1918,P0,The Smartest Kids in the World: And How They Got That Way,Amanda Ripley,2013,2014,2013,"12-Society, Politics, Law & Public Policy","Society, Politics, Law & Public Policy",03-SOCIAL-STRUCTURE-POLICY,Modern Institutions,Education Systems,The-Smartest-Kids-in-the-World,Intermediate,planned,md/12-Society-Politics-Law-and-Public-Policy/03-SOCIAL-STRUCTURE-POLICY/The-Smartest-Kids-in-the-World.md,nonfiction,summary,detailed,Foundation,,
1919,1919,P0,Creative Schools: The Grassroots Revolution That's Transforming Education,Ken Robinson; Lou Aronica,2015,2016,2015,"12-Society, Politics, Law & Public Policy","Society, Politics, Law & Public Policy",03-SOCIAL-STRUCTURE-POLICY,Modern Institutions,Education Systems,Creative-Schools-Robinson,Intermediate,planned,md/12-Society-Politics-Law-and-Public-Policy/03-SOCIAL-STRUCTURE-POLICY/Creative-Schools-Robinson.md,nonfiction,summary,detailed,Foundation,,
1920,1920,P0,The Case Against Education: Why the Education System Is a Waste of Time and Money,Bryan Caplan,2018,2018,2018,"12-Society, Politics, Law & Public Policy","Society, Politics, Law & Public Policy",03-SOCIAL-STRUCTURE-POLICY,Modern Institutions,Education Systems,The-Case-Against-Education,Intermediate,planned,md/12-Society-Politics-Law-and-Public-Policy/03-SOCIAL-STRUCTURE-POLICY/The-Case-Against-Education.md,nonfiction,summary,detailed,Foundation,,
1921,1921,P0,"The Healing of America: A Global Quest for Better, Cheaper, and Fairer Health Care",T.R. Reid,2009,2010,2009,"12-Society, Politics, Law & Public Policy","Society, Politics, Law & Public Policy",03-SOCIAL-STRUCTURE-POLICY,Modern Institutions,Healthcare Systems,The-Healing-of-America-Reid,Intermediate,planned,md/12-Society-Politics-Law-and-Public-Policy/03-SOCIAL-STRUCTURE-POLICY/The-Healing-of-America-Reid.md,nonfiction,summary,detailed,Foundation,,
1922,1922,P0,An American Sickness: How Healthcare Became Big Business and How You Can Take It Back,Elisabeth Rosenthal,2017,2018,2017,"12-Society, Politics, Law & Public Policy","Society, Politics, Law & Public Policy",03-SOCIAL-STRUCTURE-POLICY,Modern Institutions,Healthcare Systems,An-American-Sickness-Rosenthal,Intermediate,planned,md/12-Society-Politics-Law-and-Public-Policy/03-SOCIAL-STRUCTURE-POLICY/An-American-Sickness-Rosenthal.md,nonfiction,summary,detailed,Foundation,,
1923,1923,P0,Better: A Surgeon's Notes on Performance,Atul Gawande,2007,2008,2007,"12-Society, Politics, Law & Public Policy","Society, Politics, Law & Public Policy",03-SOCIAL-STRUCTURE-POLICY,Modern Institutions,Healthcare Systems,Better-Atul-Gawande,Intermediate,planned,md/12-Society-Politics-Law-and-Public-Policy/03-SOCIAL-STRUCTURE-POLICY/Better-Atul-Gawande.md,nonfiction,summary,detailed,Foundation,,
1924,1924,P0,Being Mortal: Medicine and What Matters in the End,Atul Gawande,2014,2017,2014,"12-Society, Politics, Law & Public Policy","Society, Politics, Law & Public Policy",03-SOCIAL-STRUCTURE-POLICY,Modern Institutions,Healthcare Systems,Being-Mortal-Society,Intermediate,planned,md/12-Society-Politics-Law-and-Public-Policy/03-SOCIAL-STRUCTURE-POLICY/Being-Mortal-Society.md,nonfiction,summary,detailed,Foundation,,
1925,1925,P0,Complications: A Surgeon's Notes on an Imperfect Science,Atul Gawande,2002,2003,2002,"12-Society, Politics, Law & Public Policy","Society, Politics, Law & Public Policy",03-SOCIAL-STRUCTURE-POLICY,Modern Institutions,Healthcare Systems,Complications-Gawande,Intermediate,planned,md/12-Society-Politics-Law-and-Public-Policy/03-SOCIAL-STRUCTURE-POLICY/Complications-Gawande.md,nonfiction,summary,detailed,Foundation,,
1926,1926,P0,The Death and Life of Great American Cities,Jane Jacobs,1961,2011,1961,"12-Society, Politics, Law & Public Policy","Society, Politics, Law & Public Policy",03-SOCIAL-STRUCTURE-POLICY,Modern Institutions,Urban Policy,The-Death-and-Life-of-Great-American-Cities,Intermediate,planned,md/12-Society-Politics-Law-and-Public-Policy/03-SOCIAL-STRUCTURE-POLICY/The-Death-and-Life-of-Great-American-Cities.md,nonfiction,summary,detailed,Foundation,,
1927,1927,P0,The Economy of Cities,Jane Jacobs,1969,1970,1969,"12-Society, Politics, Law & Public Policy","Society, Politics, Law & Public Policy",03-SOCIAL-STRUCTURE-POLICY,Modern Institutions,Urban Policy,The-Economy-of-Cities,Intermediate,planned,md/12-Society-Politics-Law-and-Public-Policy/03-SOCIAL-STRUCTURE-POLICY/The-Economy-of-Cities.md,nonfiction,summary,detailed,Foundation,,
1928,1928,P0,"Triumph of the City: How Our Greatest Invention Makes Us Richer, Smarter, Greener, Healthier, and Happier",Edward Glaeser,2011,2012,2011,"12-Society, Politics, Law & Public Policy","Society, Politics, Law & Public Policy",03-SOCIAL-STRUCTURE-POLICY,Modern Institutions,Urban Policy,Triumph-of-the-City-Glaeser,Intermediate,planned,md/12-Society-Politics-Law-and-Public-Policy/03-SOCIAL-STRUCTURE-POLICY/Triumph-of-the-City-Glaeser.md,nonfiction,summary,detailed,Foundation,,
1929,1929,P1,Survival of the City: Living and Thriving in an Age of Isolation,Edward Glaeser; David Cutler,2021,2022,2021,"12-Society, Politics, Law & Public Policy","Society, Politics, Law & Public Policy",03-SOCIAL-STRUCTURE-POLICY,Modern Institutions,Urban Policy,Survival-of-the-City,Intermediate,planned,md/12-Society-Politics-Law-and-Public-Policy/03-SOCIAL-STRUCTURE-POLICY/Survival-of-the-City.md,nonfiction,summary,detailed,Foundation,,
1930,1930,P0,Happy City: Transforming Our Lives Through Urban Design,Charles Montgomery,2013,2014,2013,"12-Society, Politics, Law & Public Policy","Society, Politics, Law & Public Policy",03-SOCIAL-STRUCTURE-POLICY,Modern Institutions,Urban Policy,Happy-City-Montgomery,Intermediate,planned,md/12-Society-Politics-Law-and-Public-Policy/03-SOCIAL-STRUCTURE-POLICY/Happy-City-Montgomery.md,nonfiction,summary,detailed,Foundation,,
1931,1931,P0,Steve Jobs,Walter Isaacson,2011,2015,2011,"13-Biography, Memoir & Lives","Biography, Memoir & Lives",01-INNOVATORS-BUILDERS,Tech & Industry Founders,Modern Tech Founders,Steve-Jobs-Isaacson,Intermediate,planned,md/13-Biography-Memoir-and-Lives/01-INNOVATORS-BUILDERS/Steve-Jobs-Isaacson.md,nonfiction,summary,detailed,Foundation,,
1932,1932,P0,Elon Musk,Walter Isaacson,2023,2023,2023,"13-Biography, Memoir & Lives","Biography, Memoir & Lives",01-INNOVATORS-BUILDERS,Tech & Industry Founders,Modern Tech Founders,Elon-Musk-Isaacson,Intermediate,planned,md/13-Biography-Memoir-and-Lives/01-INNOVATORS-BUILDERS/Elon-Musk-Isaacson.md,nonfiction,summary,detailed,Foundation,,
1933,1933,P0,"Elon Musk: Tesla, SpaceX, and the Quest for a Fantastic Future",Ashlee Vance,2015,2017,2015,"13-Biography, Memoir & Lives","Biography, Memoir & Lives",01-INNOVATORS-BUILDERS,Tech & Industry Founders,Modern Tech Founders,Elon-Musk-Ashlee-Vance,Intermediate,planned,md/13-Biography-Memoir-and-Lives/01-INNOVATORS-BUILDERS/Elon-Musk-Ashlee-Vance.md,nonfiction,summary,detailed,Foundation,,
1934,1934,P0,The Everything Store: Jeff Bezos and the Age of Amazon,Brad Stone,2013,2014,2013,"13-Biography, Memoir & Lives","Biography, Memoir & Lives",01-INNOVATORS-BUILDERS,Tech & Industry Founders,Modern Tech Founders,The-Everything-Store-Brad-Stone,Intermediate,planned,md/13-Biography-Memoir-and-Lives/01-INNOVATORS-BUILDERS/The-Everything-Store-Brad-Stone.md,nonfiction,summary,detailed,Foundation,,
1935,1935,P0,Amazon Unbound: Jeff Bezos and the Invention of a Global Empire,Brad Stone,2021,2022,2021,"13-Biography, Memoir & Lives","Biography, Memoir & Lives",01-INNOVATORS-BUILDERS,Tech & Industry Founders,Modern Tech Founders,Amazon-Unbound-Brad-Stone,Intermediate,planned,md/13-Biography-Memoir-and-Lives/01-INNOVATORS-BUILDERS/Amazon-Unbound-Brad-Stone.md,nonfiction,summary,detailed,Foundation,,
1936,1936,P0,"Titan: The Life of John D. Rockefeller, Sr.",Ron Chernow,1998,2004,1998,"13-Biography, Memoir & Lives","Biography, Memoir & Lives",01-INNOVATORS-BUILDERS,Tech & Industry Founders,Industrial Pioneers,Titan-Ron-Chernow,Intermediate,planned,md/13-Biography-Memoir-and-Lives/01-INNOVATORS-BUILDERS/Titan-Ron-Chernow.md,nonfiction,summary,detailed,Foundation,,
1937,1937,P0,The First Tycoon: The Epic Life of Cornelius Vanderbilt,T.J. Stiles,2009,2010,2009,"13-Biography, Memoir & Lives","Biography, Memoir & Lives",01-INNOVATORS-BUILDERS,Tech & Industry Founders,Industrial Pioneers,The-First-Tycoon-Stiles,Intermediate,planned,md/13-Biography-Memoir-and-Lives/01-INNOVATORS-BUILDERS/The-First-Tycoon-Stiles.md,nonfiction,summary,detailed,Foundation,,
1938,1938,P0,Andrew Carnegie,David Nasaw,2006,2007,2006,"13-Biography, Memoir & Lives","Biography, Memoir & Lives",01-INNOVATORS-BUILDERS,Tech & Industry Founders,Industrial Pioneers,Andrew-Carnegie-Nasaw,Intermediate,planned,md/13-Biography-Memoir-and-Lives/01-INNOVATORS-BUILDERS/Andrew-Carnegie-Nasaw.md,nonfiction,summary,detailed,Foundation,,
1939,1939,P1,The Patriarch: The Remarkable Life and Turbulent Times of Joseph P. Kennedy,David Nasaw,2012,2013,2012,"13-Biography, Memoir & Lives","Biography, Memoir & Lives",01-INNOVATORS-BUILDERS,Tech & Industry Founders,Industrial Pioneers,The-Patriarch-Nasaw,Intermediate,planned,md/13-Biography-Memoir-and-Lives/01-INNOVATORS-BUILDERS/The-Patriarch-Nasaw.md,nonfiction,summary,detailed,Foundation,,
1940,1940,P0,Morgan: American Financier,Jean Strouse,1999,2000,1999,"13-Biography, Memoir & Lives","Biography, Memoir & Lives",01-INNOVATORS-BUILDERS,Tech & Industry Founders,Industrial Pioneers,Morgan-American-Financier-Strouse,Intermediate,planned,md/13-Biography-Memoir-and-Lives/01-INNOVATORS-BUILDERS/Morgan-American-Financier-Strouse.md,nonfiction,summary,detailed,Foundation,,
1941,1941,P0,"The Upstarts: How Uber, Airbnb, and the Killer Companies of the New Silicon Valley Are Changing the World",Brad Stone,2017,2018,2017,"13-Biography, Memoir & Lives","Biography, Memoir & Lives",01-INNOVATORS-BUILDERS,Tech & Industry Founders,Startup Creators,The-Upstarts-Brad-Stone,Intermediate,planned,md/13-Biography-Memoir-and-Lives/01-INNOVATORS-BUILDERS/The-Upstarts-Brad-Stone.md,nonfiction,summary,detailed,Foundation,,
1942,1942,P0,Super Pumped: The Battle for Uber,Mike Isaac,2019,2020,2019,"13-Biography, Memoir & Lives","Biography, Memoir & Lives",01-INNOVATORS-BUILDERS,Tech & Industry Founders,Startup Creators,Super-Pumped-Mike-Isaac,Intermediate,planned,md/13-Biography-Memoir-and-Lives/01-INNOVATORS-BUILDERS/Super-Pumped-Mike-Isaac.md,nonfiction,summary,detailed,Foundation,,
1943,1943,P0,Bad Blood: Secrets and Lies in a Silicon Valley Startup,John Carreyrou,2018,2020,2018,"13-Biography, Memoir & Lives","Biography, Memoir & Lives",01-INNOVATORS-BUILDERS,Tech & Industry Founders,Startup Creators,Bad-Blood-Carreyrou,Intermediate,planned,md/13-Biography-Memoir-and-Lives/01-INNOVATORS-BUILDERS/Bad-Blood-Carreyrou.md,nonfiction,summary,detailed,Foundation,,
1944,1944,P0,Going Infinite: The Rise and Fall of a New Tycoon,Michael Lewis,2023,2023,2023,"13-Biography, Memoir & Lives","Biography, Memoir & Lives",01-INNOVATORS-BUILDERS,Tech & Industry Founders,Startup Creators,Going-Infinite-Michael-Lewis,Intermediate,planned,md/13-Biography-Memoir-and-Lives/01-INNOVATORS-BUILDERS/Going-Infinite-Michael-Lewis.md,nonfiction,summary,detailed,Foundation,,
1945,1945,P1,The New New Thing: A Silicon Valley Story,Michael Lewis,1999,2014,1999,"13-Biography, Memoir & Lives","Biography, Memoir & Lives",01-INNOVATORS-BUILDERS,Tech & Industry Founders,Startup Creators,The-New-New-Thing-Lewis,Intermediate,planned,md/13-Biography-Memoir-and-Lives/01-INNOVATORS-BUILDERS/The-New-New-Thing-Lewis.md,nonfiction,summary,detailed,Foundation,,
1946,1946,P0,American Prometheus: The Triumph and Tragedy of J. Robert Oppenheimer,Kai Bird; Martin J. Sherwin,2005,2006,2005,"13-Biography, Memoir & Lives","Biography, Memoir & Lives",01-INNOVATORS-BUILDERS,Scientific Pioneers,Physicists & Mathematicians,American-Prometheus,Intermediate,planned,md/13-Biography-Memoir-and-Lives/01-INNOVATORS-BUILDERS/American-Prometheus.md,nonfiction,summary,detailed,Foundation,,
1947,1947,P0,"""Surely You're Joking, Mr. Feynman!"": Adventures of a Curious Character",Richard P. Feynman; Ralph Leighton,1985,2018,1985,"13-Biography, Memoir & Lives","Biography, Memoir & Lives",01-INNOVATORS-BUILDERS,Scientific Pioneers,Physicists & Mathematicians,Surely-Youre-Joking-Mr-Feynman,Intermediate,planned,md/13-Biography-Memoir-and-Lives/01-INNOVATORS-BUILDERS/Surely-Youre-Joking-Mr-Feynman.md,nonfiction,summary,detailed,Foundation,,
1948,1948,P1,"""What Do You Care What Other People Think?"": Further Adventures of a Curious Character",Richard P. Feynman; Ralph Leighton,1988,2001,1988,"13-Biography, Memoir & Lives","Biography, Memoir & Lives",01-INNOVATORS-BUILDERS,Scientific Pioneers,Physicists & Mathematicians,What-Do-You-Care-What-Other-People-Think,Intermediate,planned,md/13-Biography-Memoir-and-Lives/01-INNOVATORS-BUILDERS/What-Do-You-Care-What-Other-People-Think.md,nonfiction,summary,detailed,Foundation,,
1949,1949,P0,A Beautiful Mind: The Life of Mathematical Genius and Nobel Laureate John Nash,Sylvia Nasar,1998,2011,1998,"13-Biography, Memoir & Lives","Biography, Memoir & Lives",01-INNOVATORS-BUILDERS,Scientific Pioneers,Physicists & Mathematicians,A-Beautiful-Mind-Nasar,Intermediate,planned,md/13-Biography-Memoir-and-Lives/01-INNOVATORS-BUILDERS/A-Beautiful-Mind-Nasar.md,nonfiction,summary,detailed,Foundation,,
1950,1950,P0,The Man Who Knew Infinity: A Life of the Genius Ramanujan,Robert Kanigel,1991,2016,1991,"13-Biography, Memoir & Lives","Biography, Memoir & Lives",01-INNOVATORS-BUILDERS,Scientific Pioneers,Physicists & Mathematicians,The-Man-Who-Knew-Infinity-Kanigel,Intermediate,planned,md/13-Biography-Memoir-and-Lives/01-INNOVATORS-BUILDERS/The-Man-Who-Knew-Infinity-Kanigel.md,nonfiction,summary,detailed,Foundation,,
1951,1951,P0,The Invention of Nature: Alexander von Humboldt's New World,Andrea Wulf,2015,2016,2015,"13-Biography, Memoir & Lives","Biography, Memoir & Lives",01-INNOVATORS-BUILDERS,Scientific Pioneers,Naturalists & Explorers,The-Invention-of-Nature-Wulf,Intermediate,planned,md/13-Biography-Memoir-and-Lives/01-INNOVATORS-BUILDERS/The-Invention-of-Nature-Wulf.md,nonfiction,summary,detailed,Foundation,,
1952,1952,P1,Magnificent Rebels: The First Romantics and the Invention of the Self,Andrea Wulf,2022,2022,2022,"13-Biography, Memoir & Lives","Biography, Memoir & Lives",01-INNOVATORS-BUILDERS,Scientific Pioneers,Naturalists & Explorers,Magnificent-Rebels-Wulf,Intermediate,planned,md/13-Biography-Memoir-and-Lives/01-INNOVATORS-BUILDERS/Magnificent-Rebels-Wulf.md,nonfiction,summary,detailed,Foundation,,
1953,1953,P1,The Man Who Found Time: James Hutton and the Discovery of the Earth's Antiquity,Jack Repcheck,2003,2009,2003,"13-Biography, Memoir & Lives","Biography, Memoir & Lives",01-INNOVATORS-BUILDERS,Scientific Pioneers,Naturalists & Explorers,The-Man-Who-Found-Time,Intermediate,planned,md/13-Biography-Memoir-and-Lives/01-INNOVATORS-BUILDERS/The-Man-Who-Found-Time.md,nonfiction,summary,detailed,Foundation,,
1954,1954,P1,Darwin: The Life of a Tormented Evolutionist,Adrian Desmond; James R. Moore,1991,1994,1991,"13-Biography, Memoir & Lives","Biography, Memoir & Lives",01-INNOVATORS-BUILDERS,Scientific Pioneers,Naturalists & Explorers,Darwin-Desmond-Moore,Intermediate,planned,md/13-Biography-Memoir-and-Lives/01-INNOVATORS-BUILDERS/Darwin-Desmond-Moore.md,nonfiction,summary,detailed,Foundation,,
1955,1955,P0,Longitude: The True Story of a Lone Genius Who Solved the Greatest Scientific Problem of His Time,Dava Sobel,1995,2007,1995,"13-Biography, Memoir & Lives","Biography, Memoir & Lives",01-INNOVATORS-BUILDERS,Scientific Pioneers,Naturalists & Explorers,Longitude-Dava-Sobel,Intermediate,planned,md/13-Biography-Memoir-and-Lives/01-INNOVATORS-BUILDERS/Longitude-Dava-Sobel.md,nonfiction,summary,detailed,Foundation,,
1956,1956,P0,Leonardo da Vinci,Walter Isaacson,2017,2017,2017,"13-Biography, Memoir & Lives","Biography, Memoir & Lives",02-THINKERS-PHILOSOPHERS,Intellectual Giants,Ancient & Modern Thinkers,Leonardo-da-Vinci-Isaacson,Intermediate,planned,md/13-Biography-Memoir-and-Lives/02-THINKERS-PHILOSOPHERS/Leonardo-da-Vinci-Isaacson.md,nonfiction,summary,detailed,Foundation,,
1957,1957,P0,Benjamin Franklin: An American Life,Walter Isaacson,2003,2004,2003,"13-Biography, Memoir & Lives","Biography, Memoir & Lives",02-THINKERS-PHILOSOPHERS,Intellectual Giants,Ancient & Modern Thinkers,Benjamin-Franklin-Isaacson,Intermediate,planned,md/13-Biography-Memoir-and-Lives/02-THINKERS-PHILOSOPHERS/Benjamin-Franklin-Isaacson.md,nonfiction,summary,detailed,Foundation,,
1958,1958,P0,The Autobiography of Benjamin Franklin,Benjamin Franklin,1791,2008,1791,"13-Biography, Memoir & Lives","Biography, Memoir & Lives",02-THINKERS-PHILOSOPHERS,Intellectual Giants,Ancient & Modern Thinkers,The-Autobiography-of-Benjamin-Franklin,Intermediate,planned,md/13-Biography-Memoir-and-Lives/02-THINKERS-PHILOSOPHERS/The-Autobiography-of-Benjamin-Franklin.md,nonfiction,summary,detailed,Foundation,,
1959,1959,P1,Montaigne,Stefan Zweig,1942,2015,1942,"13-Biography, Memoir & Lives","Biography, Memoir & Lives",02-THINKERS-PHILOSOPHERS,Intellectual Giants,Ancient & Modern Thinkers,Montaigne-Stefan-Zweig,Intermediate,planned,md/13-Biography-Memoir-and-Lives/02-THINKERS-PHILOSOPHERS/Montaigne-Stefan-Zweig.md,nonfiction,summary,detailed,Foundation,,
1960,1960,P0,How to Live: Or A Life of Montaigne in One Question and Twenty Attempts at an Answer,Sarah Bakewell,2010,2011,2010,"13-Biography, Memoir & Lives","Biography, Memoir & Lives",02-THINKERS-PHILOSOPHERS,Intellectual Giants,Ancient & Modern Thinkers,How-to-Live-Sarah-Bakewell,Intermediate,planned,md/13-Biography-Memoir-and-Lives/02-THINKERS-PHILOSOPHERS/How-to-Live-Sarah-Bakewell.md,nonfiction,summary,detailed,Foundation,,
1961,1961,P0,"At the Existentialist Café: Freedom, Being, and Apricot Cocktails",Sarah Bakewell,2016,2017,2016,"13-Biography, Memoir & Lives","Biography, Memoir & Lives",02-THINKERS-PHILOSOPHERS,Intellectual Giants,Political Theorists,At-the-Existentialist-Cafe,Intermediate,planned,md/13-Biography-Memoir-and-Lives/02-THINKERS-PHILOSOPHERS/At-the-Existentialist-Cafe.md,nonfiction,summary,detailed,Foundation,,
1962,1962,P0,"Humanly Possible: Seven Hundred Years of Humanist Freethinking, Inquiry, and Hope",Sarah Bakewell,2023,2023,2023,"13-Biography, Memoir & Lives","Biography, Memoir & Lives",02-THINKERS-PHILOSOPHERS,Intellectual Giants,Political Theorists,Humanly-Possible-Bakewell,Intermediate,planned,md/13-Biography-Memoir-and-Lives/02-THINKERS-PHILOSOPHERS/Humanly-Possible-Bakewell.md,nonfiction,summary,detailed,Foundation,,
1963,1963,P0,Karl Marx: Greatness and Illusion,Gareth Stedman Jones,2016,2017,2016,"13-Biography, Memoir & Lives","Biography, Memoir & Lives",02-THINKERS-PHILOSOPHERS,Intellectual Giants,Political Theorists,Karl-Marx-Stedman-Jones,Intermediate,planned,md/13-Biography-Memoir-and-Lives/02-THINKERS-PHILOSOPHERS/Karl-Marx-Stedman-Jones.md,nonfiction,summary,detailed,Foundation,,
1964,1964,P1,Hannah Arendt: A Life in Dark Times,Anne C. Heller,2015,2022,2015,"13-Biography, Memoir & Lives","Biography, Memoir & Lives",02-THINKERS-PHILOSOPHERS,Intellectual Giants,Political Theorists,Hannah-Arendt-Heller,Intermediate,planned,md/13-Biography-Memoir-and-Lives/02-THINKERS-PHILOSOPHERS/Hannah-Arendt-Heller.md,nonfiction,summary,detailed,Foundation,,
1965,1965,P0,Isaiah Berlin: A Life,Michael Ignatieff,1998,1999,1998,"13-Biography, Memoir & Lives","Biography, Memoir & Lives",02-THINKERS-PHILOSOPHERS,Intellectual Giants,Political Theorists,Isaiah-Berlin-Ignatieff,Intermediate,planned,md/13-Biography-Memoir-and-Lives/02-THINKERS-PHILOSOPHERS/Isaiah-Berlin-Ignatieff.md,nonfiction,summary,detailed,Foundation,,
1966,1966,P0,George Orwell: A Life,Bernard Crick,1980,1992,1980,"13-Biography, Memoir & Lives","Biography, Memoir & Lives",02-THINKERS-PHILOSOPHERS,Intellectual Giants,Writers & Essayists,George-Orwell-Bernard-Crick,Intermediate,planned,md/13-Biography-Memoir-and-Lives/02-THINKERS-PHILOSOPHERS/George-Orwell-Bernard-Crick.md,nonfiction,summary,detailed,Foundation,,
1967,1967,P1,Orwell: The Life,D.J. Taylor,2003,2015,2003,"13-Biography, Memoir & Lives","Biography, Memoir & Lives",02-THINKERS-PHILOSOPHERS,Intellectual Giants,Writers & Essayists,Orwell-The-Life-Taylor,Intermediate,planned,md/13-Biography-Memoir-and-Lives/02-THINKERS-PHILOSOPHERS/Orwell-The-Life-Taylor.md,nonfiction,summary,detailed,Foundation,,
1968,1968,P0,Tolstoy: A Life,Rosamund Bartlett,2010,2011,2010,"13-Biography, Memoir & Lives","Biography, Memoir & Lives",02-THINKERS-PHILOSOPHERS,Intellectual Giants,Writers & Essayists,Tolstoy-A-Life-Bartlett,Intermediate,planned,md/13-Biography-Memoir-and-Lives/02-THINKERS-PHILOSOPHERS/Tolstoy-A-Life-Bartlett.md,nonfiction,summary,detailed,Foundation,,
1969,1969,P0,Dostoevsky: A Writer in His Time,Joseph Frank,2009,2012,2009,"13-Biography, Memoir & Lives","Biography, Memoir & Lives",02-THINKERS-PHILOSOPHERS,Intellectual Giants,Writers & Essayists,Dostoevsky-Joseph-Frank,Intermediate,planned,md/13-Biography-Memoir-and-Lives/02-THINKERS-PHILOSOPHERS/Dostoevsky-Joseph-Frank.md,nonfiction,summary,detailed,Foundation,,
1970,1970,P0,The World of Yesterday: Memoires of a European,Stefan Zweig,1942,2013,1942,"13-Biography, Memoir & Lives","Biography, Memoir & Lives",02-THINKERS-PHILOSOPHERS,Intellectual Giants,Writers & Essayists,The-World-of-Yesterday-Zweig,Intermediate,planned,md/13-Biography-Memoir-and-Lives/02-THINKERS-PHILOSOPHERS/The-World-of-Yesterday-Zweig.md,nonfiction,summary,detailed,Foundation,,
1971,1971,P0,Alexander Hamilton,Ron Chernow,2004,2005,2004,"13-Biography, Memoir & Lives","Biography, Memoir & Lives",03-LEADERS-STATESPEOPLE,Political Leaders,Transformational Leaders,Alexander-Hamilton-Chernow,Intermediate,planned,md/13-Biography-Memoir-and-Lives/03-LEADERS-STATESPEOPLE/Alexander-Hamilton-Chernow.md,nonfiction,summary,detailed,Foundation,,
1972,1972,P0,Washington: A Life,Ron Chernow,2010,2011,2010,"13-Biography, Memoir & Lives","Biography, Memoir & Lives",03-LEADERS-STATESPEOPLE,Political Leaders,Transformational Leaders,Washington-A-Life-Chernow,Intermediate,planned,md/13-Biography-Memoir-and-Lives/03-LEADERS-STATESPEOPLE/Washington-A-Life-Chernow.md,nonfiction,summary,detailed,Foundation,,
1973,1973,P0,Grant,Ron Chernow,2017,2018,2017,"13-Biography, Memoir & Lives","Biography, Memoir & Lives",03-LEADERS-STATESPEOPLE,Political Leaders,Transformational Leaders,Grant-Ron-Chernow,Intermediate,planned,md/13-Biography-Memoir-and-Lives/03-LEADERS-STATESPEOPLE/Grant-Ron-Chernow.md,nonfiction,summary,detailed,Foundation,,
1974,1974,P0,Lincoln,David Herbert Donald,1995,1996,1995,"13-Biography, Memoir & Lives","Biography, Memoir & Lives",03-LEADERS-STATESPEOPLE,Political Leaders,Transformational Leaders,Lincoln-Donald,Intermediate,planned,md/13-Biography-Memoir-and-Lives/03-LEADERS-STATESPEOPLE/Lincoln-Donald.md,nonfiction,summary,detailed,Foundation,,
1975,1975,P0,"The Path to Power (The Years of Lyndon Johnson, Vol. 1)",Robert A. Caro,1982,1990,1982,"13-Biography, Memoir & Lives","Biography, Memoir & Lives",03-LEADERS-STATESPEOPLE,Political Leaders,Transformational Leaders,The-Path-to-Power-Caro,Intermediate,planned,md/13-Biography-Memoir-and-Lives/03-LEADERS-STATESPEOPLE/The-Path-to-Power-Caro.md,nonfiction,summary,detailed,Foundation,,
1976,1976,P0,"Means of Ascent (The Years of Lyndon Johnson, Vol. 2)",Robert A. Caro,1990,1991,1990,"13-Biography, Memoir & Lives","Biography, Memoir & Lives",03-LEADERS-STATESPEOPLE,Political Leaders,War Leaders,Means-of-Ascent-Caro,Intermediate,planned,md/13-Biography-Memoir-and-Lives/03-LEADERS-STATESPEOPLE/Means-of-Ascent-Caro.md,nonfiction,summary,detailed,Foundation,,
1977,1977,P0,"Master of the Senate (The Years of Lyndon Johnson, Vol. 3)",Robert A. Caro,2002,2003,2002,"13-Biography, Memoir & Lives","Biography, Memoir & Lives",03-LEADERS-STATESPEOPLE,Political Leaders,War Leaders,Master-of-the-Senate-Caro,Intermediate,planned,md/13-Biography-Memoir-and-Lives/03-LEADERS-STATESPEOPLE/Master-of-the-Senate-Caro.md,nonfiction,summary,detailed,Foundation,,
1978,1978,P0,"The Passage of Power (The Years of Lyndon Johnson, Vol. 4)",Robert A. Caro,2012,2013,2012,"13-Biography, Memoir & Lives","Biography, Memoir & Lives",03-LEADERS-STATESPEOPLE,Political Leaders,War Leaders,The-Passage-of-Power-Caro,Intermediate,planned,md/13-Biography-Memoir-and-Lives/03-LEADERS-STATESPEOPLE/The-Passage-of-Power-Caro.md,nonfiction,summary,detailed,Foundation,,
1979,1979,P0,The Power Broker: Robert Moses and the Fall of New York,Robert A. Caro,1974,1975,1974,"13-Biography, Memoir & Lives","Biography, Memoir & Lives",03-LEADERS-STATESPEOPLE,Political Leaders,War Leaders,The-Power-Broker-Caro,Intermediate,planned,md/13-Biography-Memoir-and-Lives/03-LEADERS-STATESPEOPLE/The-Power-Broker-Caro.md,nonfiction,summary,detailed,Foundation,,
1980,1980,P0,"Working: Researching, Interviewing, Writing",Robert A. Caro,2019,2019,2019,"13-Biography, Memoir & Lives","Biography, Memoir & Lives",03-LEADERS-STATESPEOPLE,Political Leaders,War Leaders,Working-Robert-Caro,Intermediate,planned,md/13-Biography-Memoir-and-Lives/03-LEADERS-STATESPEOPLE/Working-Robert-Caro.md,nonfiction,summary,detailed,Foundation,,
1981,1981,P0,Long Walk to Freedom: The Autobiography of Nelson Mandela,Nelson Mandela,1994,2013,1994,"13-Biography, Memoir & Lives","Biography, Memoir & Lives",03-LEADERS-STATESPEOPLE,Political Leaders,Modern Statespeople,Long-Walk-to-Freedom-Mandela,Intermediate,planned,md/13-Biography-Memoir-and-Lives/03-LEADERS-STATESPEOPLE/Long-Walk-to-Freedom-Mandela.md,nonfiction,summary,detailed,Foundation,,
1982,1982,P0,"Gandhi: The Years That Changed the World, 1914-1948",Ramachandra Guha,2018,2019,2018,"13-Biography, Memoir & Lives","Biography, Memoir & Lives",03-LEADERS-STATESPEOPLE,Political Leaders,Modern Statespeople,Gandhi-The-Years-That-Changed-the-World,Intermediate,planned,md/13-Biography-Memoir-and-Lives/03-LEADERS-STATESPEOPLE/Gandhi-The-Years-That-Changed-the-World.md,nonfiction,summary,detailed,Foundation,,
1983,1983,P1,Gandhi Before India,Ramachandra Guha,2013,2014,2013,"13-Biography, Memoir & Lives","Biography, Memoir & Lives",03-LEADERS-STATESPEOPLE,Political Leaders,Modern Statespeople,Gandhi-Before-India-Guha,Intermediate,planned,md/13-Biography-Memoir-and-Lives/03-LEADERS-STATESPEOPLE/Gandhi-Before-India-Guha.md,nonfiction,summary,detailed,Foundation,,
1984,1984,P0,India After Gandhi: The History of the World's Largest Democracy,Ramachandra Guha,2007,2017,2007,"13-Biography, Memoir & Lives","Biography, Memoir & Lives",03-LEADERS-STATESPEOPLE,Political Leaders,Modern Statespeople,India-After-Gandhi-Guha,Intermediate,planned,md/13-Biography-Memoir-and-Lives/03-LEADERS-STATESPEOPLE/India-After-Gandhi-Guha.md,nonfiction,summary,detailed,Foundation,,
1985,1985,P0,From Third World to First: The Singapore Story: 1965-2000,Lee Kuan Yew,2000,2000,2000,"13-Biography, Memoir & Lives","Biography, Memoir & Lives",03-LEADERS-STATESPEOPLE,Political Leaders,Modern Statespeople,From-Third-World-to-First-Lee-Kuan-Yew,Intermediate,planned,md/13-Biography-Memoir-and-Lives/03-LEADERS-STATESPEOPLE/From-Third-World-to-First-Lee-Kuan-Yew.md,nonfiction,summary,detailed,Foundation,,
1986,1986,P0,Endurance: Shackleton's Incredible Voyage,Alfred Lansing,1959,2015,1959,"13-Biography, Memoir & Lives","Biography, Memoir & Lives",04-REMARKABLE-LIVES-MEMOIRS,Resilience & Adventure,Survival & Exploration,Endurance-Alfred-Lansing,Intermediate,planned,md/13-Biography-Memoir-and-Lives/04-REMARKABLE-LIVES-MEMOIRS/Endurance-Alfred-Lansing.md,nonfiction,summary,detailed,Foundation,,
1987,1987,P0,Into Thin Air: A Personal Account of the Mt. Everest Disaster,Jon Krakauer,1997,1999,1997,"13-Biography, Memoir & Lives","Biography, Memoir & Lives",04-REMARKABLE-LIVES-MEMOIRS,Resilience & Adventure,Survival & Exploration,Into-Thin-Air-Krakauer,Intermediate,planned,md/13-Biography-Memoir-and-Lives/04-REMARKABLE-LIVES-MEMOIRS/Into-Thin-Air-Krakauer.md,nonfiction,summary,detailed,Foundation,,
1988,1988,P0,Into the Wild,Jon Krakauer,1996,2018,1996,"13-Biography, Memoir & Lives","Biography, Memoir & Lives",04-REMARKABLE-LIVES-MEMOIRS,Resilience & Adventure,Survival & Exploration,Into-the-Wild-Krakauer,Intermediate,planned,md/13-Biography-Memoir-and-Lives/04-REMARKABLE-LIVES-MEMOIRS/Into-the-Wild-Krakauer.md,nonfiction,summary,detailed,Foundation,,
1989,1989,P0,Under the Banner of Heaven: A Story of Violent Faith,Jon Krakauer,2003,2004,2003,"13-Biography, Memoir & Lives","Biography, Memoir & Lives",04-REMARKABLE-LIVES-MEMOIRS,Resilience & Adventure,Survival & Exploration,Under-the-Banner-of-Heaven,Intermediate,planned,md/13-Biography-Memoir-and-Lives/04-REMARKABLE-LIVES-MEMOIRS/Under-the-Banner-of-Heaven.md,nonfiction,summary,detailed,Foundation,,
1990,1990,P0,The River of Doubt: Theodore Roosevelt's Darkest Journey,Candice Millard,2005,2006,2005,"13-Biography, Memoir & Lives","Biography, Memoir & Lives",04-REMARKABLE-LIVES-MEMOIRS,Resilience & Adventure,Survival & Exploration,The-River-of-Doubt-Millard,Intermediate,planned,md/13-Biography-Memoir-and-Lives/04-REMARKABLE-LIVES-MEMOIRS/The-River-of-Doubt-Millard.md,nonfiction,summary,detailed,Foundation,,
1991,1991,P0,"Destiny of the Republic: A Tale of Madness, Medicine and the Murder of a President",Candice Millard,2011,2012,2011,"13-Biography, Memoir & Lives","Biography, Memoir & Lives",04-REMARKABLE-LIVES-MEMOIRS,Resilience & Adventure,Creative Lives,Destiny-of-the-Republic-Millard,Intermediate,planned,md/13-Biography-Memoir-and-Lives/04-REMARKABLE-LIVES-MEMOIRS/Destiny-of-the-Republic-Millard.md,nonfiction,summary,detailed,Foundation,,
1992,1992,P1,"Hero of the Empire: The Boer War, a Daring Escape, and the Making of Winston Churchill",Candice Millard,2016,2017,2016,"13-Biography, Memoir & Lives","Biography, Memoir & Lives",04-REMARKABLE-LIVES-MEMOIRS,Resilience & Adventure,Creative Lives,Hero-of-the-Empire-Millard,Intermediate,planned,md/13-Biography-Memoir-and-Lives/04-REMARKABLE-LIVES-MEMOIRS/Hero-of-the-Empire-Millard.md,nonfiction,summary,detailed,Foundation,,
1993,1993,P0,Born a Crime: Stories from a South African Childhood,Trevor Noah,2016,2019,2016,"13-Biography, Memoir & Lives","Biography, Memoir & Lives",04-REMARKABLE-LIVES-MEMOIRS,Resilience & Adventure,Creative Lives,Born-a-Crime-Trevor-Noah,Intermediate,planned,md/13-Biography-Memoir-and-Lives/04-REMARKABLE-LIVES-MEMOIRS/Born-a-Crime-Trevor-Noah.md,nonfiction,summary,detailed,Foundation,,
1994,1994,P0,Educated: A Memoir,Tara Westover,2018,2018,2018,"13-Biography, Memoir & Lives","Biography, Memoir & Lives",04-REMARKABLE-LIVES-MEMOIRS,Resilience & Adventure,Creative Lives,Educated-Tara-Westover,Intermediate,planned,md/13-Biography-Memoir-and-Lives/04-REMARKABLE-LIVES-MEMOIRS/Educated-Tara-Westover.md,nonfiction,summary,detailed,Foundation,,
1995,1995,P0,When Breath Becomes Air,Paul Kalanithi,2016,2016,2016,"13-Biography, Memoir & Lives","Biography, Memoir & Lives",04-REMARKABLE-LIVES-MEMOIRS,Resilience & Adventure,Creative Lives,When-Breath-Becomes-Air-Kalanithi,Intermediate,planned,md/13-Biography-Memoir-and-Lives/04-REMARKABLE-LIVES-MEMOIRS/When-Breath-Becomes-Air-Kalanithi.md,nonfiction,summary,detailed,Foundation,,
1996,1996,P0,Wild: From Lost to Found on the Pacific Crest Trail,Cheryl Strayed,2012,2013,2012,"13-Biography, Memoir & Lives","Biography, Memoir & Lives",04-REMARKABLE-LIVES-MEMOIRS,Resilience & Adventure,Personal Journeys,Wild-Cheryl-Strayed,Intermediate,planned,md/13-Biography-Memoir-and-Lives/04-REMARKABLE-LIVES-MEMOIRS/Wild-Cheryl-Strayed.md,nonfiction,summary,detailed,Foundation,,
1997,1997,P0,The Glass Castle: A Memoir,Jeannette Walls,2005,2006,2005,"13-Biography, Memoir & Lives","Biography, Memoir & Lives",04-REMARKABLE-LIVES-MEMOIRS,Resilience & Adventure,Personal Journeys,The-Glass-Castle-Walls,Intermediate,planned,md/13-Biography-Memoir-and-Lives/04-REMARKABLE-LIVES-MEMOIRS/The-Glass-Castle-Walls.md,nonfiction,summary,detailed,Foundation,,
1998,1998,P0,The Last Lecture,Randy Pausch; Jeffrey Zaslow,2008,2008,2008,"13-Biography, Memoir & Lives","Biography, Memoir & Lives",04-REMARKABLE-LIVES-MEMOIRS,Resilience & Adventure,Personal Journeys,The-Last-Lecture-Pausch,Intermediate,planned,md/13-Biography-Memoir-and-Lives/04-REMARKABLE-LIVES-MEMOIRS/The-Last-Lecture-Pausch.md,nonfiction,summary,detailed,Foundation,,
1999,1999,P0,"Tuesdays with Morrie: An Old Man, a Young Man, and Life's Greatest Lesson",Mitch Albom,1997,2007,1997,"13-Biography, Memoir & Lives","Biography, Memoir & Lives",04-REMARKABLE-LIVES-MEMOIRS,Resilience & Adventure,Personal Journeys,Tuesdays-with-Morrie-Albom,Intermediate,planned,md/13-Biography-Memoir-and-Lives/04-REMARKABLE-LIVES-MEMOIRS/Tuesdays-with-Morrie-Albom.md,nonfiction,summary,detailed,Foundation,,
2000,2000,P0,A Walk in the Woods: Rediscovering America on the Appalachian Trail,Bill Bryson,1998,2006,1998,"13-Biography, Memoir & Lives","Biography, Memoir & Lives",04-REMARKABLE-LIVES-MEMOIRS,Resilience & Adventure,Personal Journeys,A-Walk-in-the-Woods-Bryson,Intermediate,planned,md/13-Biography-Memoir-and-Lives/04-REMARKABLE-LIVES-MEMOIRS/A-Walk-in-the-Woods-Bryson.md,nonfiction,summary,detailed,Foundation,,
